lon,lat,jobs
4.71455,45.58240,72.5
4.69467,45.78724,8.0
4.69776,45.78197,1.6
4.69759,45.78377,3.2
4.70032,45.78210,5.9
4.69682,45.81803,6.4
4.69647,45.82163,3.4
4.72290,45.57560,78.3
4.72273,45.57740,4.2
4.70306,45.78043,15.5
4.70219,45.78942,159.5
4.72528,45.57752,237.6
4.72494,45.58112,1.6
4.72476,45.58291,1.6
4.70947,45.74103,74.3
4.70929,45.74283,12.7
4.70598,45.77697,3733.9
4.70580,45.77876,41.1
4.70563,45.78056,96.6
4.70545,45.78236,5.9
4.70528,45.78415,1.6
4.70475,45.78954,60.3
4.70248,45.81290,1.3
4.70230,45.81470,35.8
4.70195,45.81829,3.4
4.72784,45.57765,36.3
4.72714,45.58484,15.2
4.71220,45.73937,7.9
4.71185,45.74296,15.3
4.71151,45.74655,58.0
4.71133,45.74835,1.6
4.70801,45.78249,42.1
4.70784,45.78428,1.6
4.70749,45.78788,17.6
4.70732,45.78967,11.2
4.71494,45.73770,1.6
4.71459,45.74129,3.2
4.71424,45.74488,18.5
4.71407,45.74668,1.6
4.71389,45.74848,5.8
4.71354,45.75207,1.6
4.71110,45.77722,36.8
4.71093,45.77902,1.6
4.71075,45.78082,1636.7
4.71058,45.78261,1.6
4.71040,45.78441,9.6
4.71023,45.78621,409.2
4.70988,45.78980,1.6
4.70970,45.79160,926.1
4.70743,45.81495,3.4
4.70673,45.82214,22.1
4.73294,45.57791,1.6
4.71750,45.73782,1.6
4.71733,45.73962,4.7
4.71680,45.74501,5.8
4.71663,45.74681,24.3
4.71628,45.75040,7.4
4.71576,45.75579,1.4
4.71541,45.75939,14.5
4.71314,45.78274,3.2
4.71297,45.78454,4.3
4.71279,45.78634,15.5
4.71262,45.78813,36.8
4.71105,45.80430,6.4
4.70965,45.81868,2.6
4.73550,45.57803,36.3
4.73532,45.57983,7.9
4.71971,45.74155,1.6
4.71954,45.74334,1.6
4.71936,45.74514,1.6
4.71919,45.74694,20.0
4.71902,45.74873,1.6
4.71849,45.75412,1.4
4.71553,45.78467,95.0
4.71518,45.78826,239.5
4.71466,45.79365,4.3
4.71361,45.80443,1.3
4.71326,45.80802,2.6
4.71256,45.81521,1.3
4.73788,45.57996,60.4
4.73771,45.58175,1.6
4.72227,45.74167,4.2
4.72210,45.74347,218.8
4.72193,45.74527,62.7
4.72175,45.74706,175.6
4.72158,45.74886,12.7
4.72140,45.75066,5.8
4.72088,45.75605,47.1
4.72071,45.75784,2.7
4.72053,45.75964,1.4
4.72019,45.76323,47.1
4.72001,45.76503,6.3
4.71827,45.78300,20.8
4.71652,45.80096,1.3
4.71635,45.80276,2.6
4.71565,45.80995,2.6
4.71530,45.81354,97.9
4.71513,45.81534,14.9
4.71495,45.81713,2.6
4.71408,45.82612,4.7
4.71390,45.82791,14.0
4.74043,45.58008,80.4
4.74026,45.58188,16.8
4.72484,45.74180,32.2
4.72466,45.74360,36.4
4.72449,45.74539,33.7
4.72431,45.74719,198.2
4.72414,45.74899,80.1
4.72397,45.75078,1.6
4.72362,45.75438,1.4
4.72327,45.75797,98.7
4.72310,45.75977,2.7
4.72292,45.76156,1.4
4.72275,45.76336,15.4
4.72188,45.77235,1.9
4.72101,45.78133,1.6
4.72031,45.78852,36.8
4.71839,45.80828,1.3
4.71821,45.81008,2.6
4.71804,45.81187,4.7
4.71787,45.81367,79.2
4.71769,45.81547,47.2
4.71752,45.81726,1.3
4.71682,45.82445,71.1
4.74281,45.58201,75.7
4.72740,45.74193,4.2
4.72722,45.74373,15.3
4.72705,45.74552,88.0
4.72688,45.74732,47.4
4.72653,45.75091,1.6
4.72618,45.75451,6.8
4.72601,45.75630,77.4
4.72583,45.75810,19.0
4.72566,45.75990,67.5
4.72531,45.76349,14.5
4.72339,45.78325,1.6
4.72183,45.79942,1.3
4.72165,45.80122,63.4
4.72095,45.80841,1.3
4.72060,45.81200,2.6
4.72043,45.81380,1.3
4.72026,45.81559,204.7
4.72008,45.81739,196.6
4.74537,45.58213,35.7
4.74502,45.58573,1.6
4.73083,45.73307,1.6
4.72979,45.74385,1.6
4.72944,45.74745,30.6
4.72926,45.74924,4.2
4.72909,45.75104,1.6
4.72839,45.75823,13.1
4.72822,45.76002,1.4
4.72787,45.76362,116.4
4.72770,45.76541,5.0
4.72752,45.76721,31.2
4.72700,45.77260,1.9
4.72613,45.78158,5.9
4.72596,45.78338,1.3
4.72334,45.81033,1.3
4.72317,45.81213,3.4
4.72300,45.81392,3.4
4.72282,45.81572,141.3
4.72265,45.81752,36.6
4.74792,45.58226,39.4
4.74775,45.58406,95.7
4.74723,45.58945,1.6
4.73200,45.74757,61.2
4.73183,45.74937,1.6
4.73165,45.75117,9.5
4.73148,45.75296,1.6
4.73130,45.75476,1.4
4.73096,45.75835,6.3
4.73061,45.76195,1.4
4.73043,45.76374,324.2
4.73026,45.76554,45.7
4.72974,45.77093,18.7
4.72887,45.77991,17.1
4.72852,45.78351,1.3
4.72539,45.81585,183.9
4.72521,45.81764,120.0
4.75048,45.58239,36.8
4.75030,45.58419,126.7
4.75013,45.58598,4.2
4.74979,45.58958,36.3
4.73664,45.72614,39.0
4.73595,45.73333,1.6
4.73491,45.74411,1.6
4.73456,45.74770,94.4
4.73439,45.74950,5.8
4.73421,45.75129,1.6
4.73387,45.75489,1.4
4.73369,45.75668,1.4
4.73334,45.76028,2.7
4.73300,45.76387,3.6
4.73195,45.77465,1.9
4.73178,45.77645,1.3
4.73161,45.77825,1.3
4.73126,45.78184,1.3
4.73056,45.78903,127.3
4.73039,45.79082,12.3
4.72900,45.80520,1.3
4.72882,45.80699,325.5
4.72795,45.81598,3.5
4.75303,45.58252,4.2
4.75286,45.58431,715.9
4.75234,45.58970,1.6
4.75217,45.59150,4.2
4.73851,45.73345,1.6
4.73834,45.73525,1.6
4.73730,45.74603,4.2
4.73695,45.74962,1.6
4.73625,45.75681,31.2
4.73608,45.75861,1.4
4.73539,45.76580,1.4
4.73452,45.77478,1.3
4.73434,45.77658,4.7
4.73417,45.77837,1.3
4.73365,45.78376,6.5
4.73347,45.78556,42.2
4.73330,45.78736,1.3
4.73173,45.80353,12.6
4.73121,45.80892,1.3
4.75558,45.58264,4.2
4.75541,45.58444,1.6
4.75524,45.58624,15.2
4.75507,45.58803,19.4
4.75490,45.58983,5.8
4.74159,45.72819,15.7
4.73986,45.74616,119.7
4.73968,45.74796,337.4
4.73951,45.74975,119.7
4.73934,45.75155,88.0
4.73916,45.75335,121.3
4.73899,45.75514,3.6
4.73830,45.76233,1.4
4.73725,45.77311,1.3
4.73708,45.77491,1.3
4.73691,45.77670,3.9
4.73673,45.77850,6.5
4.73639,45.78209,88.2
4.73621,45.78389,86.5
4.73604,45.78569,148.0
4.73447,45.80186,30.0
4.73395,45.80725,1.3
4.73378,45.80904,14.3
4.75814,45.58277,7.9
4.75797,45.58457,157.2
4.75762,45.58816,1.6
4.74398,45.73011,8.1
4.74242,45.74629,29.0
4.74225,45.74808,69.1
4.74207,45.74988,4.2
4.74190,45.75168,83.8
4.74173,45.75347,38.5
4.74138,45.75707,5.0
4.74016,45.76964,1.9
4.73982,45.77324,1.3
4.73947,45.77683,2.6
4.73930,45.77863,1.3
4.73912,45.78042,5.2
4.73895,45.78222,7.3
4.73877,45.78402,2.6
4.73721,45.80019,3.5
4.73704,45.80198,1.3
4.73652,45.80737,1.3
4.73321,45.84151,43.3
4.76018,45.58829,4.2
4.76000,45.59008,4.2
4.74654,45.73024,4.3
4.74585,45.73743,4.3
4.74550,45.74102,1.6
4.74498,45.74641,18.5
4.74481,45.74821,25.8
4.74463,45.75001,1593.7
4.74325,45.76438,3.9
4.74307,45.76618,1.9
4.74290,45.76797,1.9
4.74273,45.76977,1.9
4.74255,45.77157,1.3
4.74221,45.77516,8.2
4.74186,45.77875,48.6
4.74169,45.78055,1.3
4.74134,45.78414,3.4
4.74116,45.78594,65.4
4.74082,45.78953,266.7
4.74012,45.79672,6.5
4.73995,45.79852,1.3
4.73943,45.80391,1.3
4.73595,45.83984,415.1
4.73577,45.84164,120.0
4.73560,45.84344,40.4
4.76325,45.58302,1.6
4.76307,45.58482,39.4
4.76290,45.58662,124.6
4.76273,45.58841,9.5
4.76256,45.59021,1.6
4.76239,45.59201,4.7
4.76221,45.59380,1.6
4.76153,45.60099,162.9
4.76135,45.60279,7.4
4.76118,45.60459,21.6
4.76101,45.60638,1.6
4.76084,45.60818,15.2
4.74910,45.73037,1.6
4.74893,45.73217,1.6
4.74876,45.73396,1.6
4.74858,45.73576,1.6
4.74754,45.74654,18.5
4.74737,45.74834,316.8
4.74685,45.75373,1.9
4.74650,45.75732,5.2
4.74633,45.75912,3.9
4.74598,45.76271,5.8
4.74581,45.76451,44.6
4.74494,45.77349,1.3
4.74442,45.77888,79.2
4.74425,45.78068,5.2
4.74408,45.78247,1.3
4.74321,45.79146,6.5
4.74286,45.79505,1.3
4.74251,45.79865,118.6
4.74147,45.80943,4.8
4.73851,45.83997,145.2
4.73782,45.84716,3.5
4.76563,45.58495,82.5
4.76546,45.58674,21.0
4.76529,45.58854,21.0
4.76511,45.59034,23.1
4.76494,45.59213,41.0
4.76477,45.59393,7.9
4.76460,45.59573,4.2
4.76391,45.60292,27.3
4.76374,45.60471,24.2
4.76357,45.60651,12.1
4.75166,45.73050,1.6
4.75149,45.73229,4.3
4.75114,45.73589,3.2
4.75080,45.73948,1.6
4.75010,45.74667,1.6
4.74941,45.75385,1.9
4.74924,45.75565,1.9
4.74889,45.75924,1.9
4.74837,45.76463,5.2
4.74820,45.76643,5.8
4.74785,45.77002,135.1
4.74733,45.77541,10.3
4.74664,45.78260,6.5
4.74612,45.78799,7.7
4.74577,45.79159,1.3
4.74334,45.81674,1.3
4.74299,45.82033,64.8
4.74108,45.84010,13.5
4.74038,45.84728,4.7
4.73917,45.85986,1.8
4.73830,45.86884,23.4
4.76835,45.58327,76.7
4.76818,45.58507,311.7
4.76801,45.58687,36.3
4.76784,45.58867,81.5
4.76767,45.59046,37.8
4.76750,45.59226,20.0
4.76732,45.59406,84.1
4.76715,45.59585,44.2
4.76681,45.59945,881.4
4.76646,45.60304,15.2
4.75370,45.73601,39.0
4.75301,45.74320,4.3
4.75284,45.74500,1.6
4.75267,45.74679,171.7
4.75232,45.75039,11.6
4.75197,45.75398,5.2
4.75180,45.75578,3.9
4.75163,45.75757,1.9
4.75145,45.75937,1.9
4.75059,45.76835,193.2
4.75024,45.77195,1.9
4.74990,45.77554,429.7
4.74972,45.77734,122.2
4.74955,45.77914,3.4
4.74938,45.78093,49.9
4.74920,45.78273,1.3
4.74903,45.78453,9.0
4.74868,45.78812,4.7
4.74799,45.79531,2.6
4.74677,45.80788,2.6
4.74643,45.81148,1.3
4.74625,45.81327,1.3
4.74608,45.81507,30.0
4.74591,45.81687,1.3
4.74538,45.82226,2.6
4.74417,45.83483,12.6
4.74399,45.83663,9.6
4.74347,45.84202,1.8
4.74312,45.84561,19.3
4.74295,45.84741,6.4
4.74139,45.86358,17.6
4.74121,45.86538,97.8
4.74086,45.86897,1.8
4.77108,45.58160,20.0
4.77091,45.58340,108.8
4.77074,45.58520,72.5
4.77057,45.58700,141.9
4.77039,45.58879,93.0
4.77022,45.59059,24.7
4.77005,45.59239,97.8
4.76988,45.59418,15.2
4.76971,45.59598,92.5
4.76954,45.59778,10.0
4.76936,45.59957,81.5
4.76868,45.60676,146.3
4.76850,45.60856,17.6
4.76833,45.61036,42.3
4.75661,45.73255,12.5
4.75644,45.73434,4.3
4.75609,45.73794,3.2
4.75592,45.73973,3.2
4.75523,45.74692,32.0
4.75506,45.74872,339.6
4.75488,45.75051,378.0
4.75471,45.75231,1.9
4.75454,45.75411,9.7
4.75384,45.76129,1.9
4.75350,45.76489,57.5
4.75298,45.77028,5.2
4.75280,45.77208,1.3
4.75263,45.77387,9.9
4.75246,45.77567,17.2
4.75229,45.77747,36.1
4.75211,45.77926,2.6
4.75194,45.78106,6.5
4.74986,45.80262,1.3
4.74934,45.80801,1.3
4.74899,45.81160,1.3
4.74864,45.81520,4.8
4.74847,45.81699,2.6
4.74795,45.82238,4.8
4.74673,45.83496,4.8
4.74639,45.83855,1.8
4.74621,45.84035,3.5
4.74604,45.84215,1.8
4.74587,45.84394,4.7
4.74569,45.84574,5.3
4.74465,45.85652,1.8
4.74413,45.86191,6.4
4.74395,45.86371,10.5
4.74378,45.86550,38.1
4.74360,45.86730,25.8
4.74343,45.86910,32.8
4.74326,45.87089,28.7
4.74291,45.87449,1.8
4.77363,45.58173,980.8
4.77346,45.58353,110.9
4.77329,45.58532,52.0
4.77312,45.58712,7.4
4.77295,45.58892,4.2
4.77278,45.59072,96.2
4.77260,45.59251,36.3
4.77243,45.59431,42.6
4.77226,45.59611,7.9
4.77192,45.59970,7.4
4.77157,45.60329,1.8
4.77140,45.60509,166.9
4.77123,45.60689,91.1
4.77106,45.60869,17.0
4.75883,45.73627,1.6
4.75865,45.73806,4.9
4.75848,45.73986,1.6
4.75796,45.74525,4.9
4.75779,45.74705,54.7
4.75727,45.75244,96.3
4.75710,45.75423,1.9
4.75693,45.75603,1.9
4.75675,45.75783,1.9
4.75641,45.76142,1.9
4.75623,45.76322,1.9
4.75606,45.76502,83.3
4.75571,45.76861,5.8
4.75554,45.77041,18.7
4.75450,45.78119,5.2
4.75277,45.79915,1.3
4.75225,45.80454,8.7
4.75208,45.80634,27.8
4.75190,45.80814,20.4
4.75173,45.80993,1.3
4.75104,45.81712,7.4
4.75086,45.81892,23.5
4.74947,45.83329,82.1
4.74930,45.83509,12.6
4.74861,45.84227,1.8
4.74843,45.84407,1.8
4.74722,45.85665,8.8
4.74652,45.86383,1.8
4.74617,45.86743,3.5
4.74600,45.86922,46.8
4.74582,45.87102,42.1
4.74565,45.87282,285.7
4.74513,45.87821,50.9
4.77687,45.57467,1.6
4.77670,45.57647,7.9
4.77636,45.58006,1.6
4.77619,45.58186,87.3
4.77602,45.58365,57.3
4.77585,45.58545,11.6
4.77550,45.58905,4.2
4.77533,45.59084,157.2
4.77499,45.59444,37.8
4.77482,45.59623,89.9
4.77464,45.59803,3.2
4.77447,45.59983,1.6
4.77430,45.60162,40.5
4.77396,45.60522,1.8
4.77379,45.60702,64.6
4.76173,45.73280,1.6
4.76139,45.73639,36.8
4.76122,45.73819,27.6
4.76035,45.74717,1.6
4.75983,45.75256,390.9
4.75931,45.75795,193.2
4.75914,45.75975,268.1
4.75897,45.76155,60.1
4.75880,45.76335,1.9
4.75862,45.76514,18.7
4.75810,45.77053,37.4
4.75533,45.79928,6.5
4.75499,45.80287,2.6
4.75481,45.80467,32.6
4.75464,45.80647,158.6
4.75447,45.80826,12.6
4.75412,45.81186,30.0
4.75308,45.82264,1.3
4.75291,45.82443,4.8
4.75204,45.83342,1.3
4.75117,45.84240,6.3
4.74961,45.85857,1.8
4.74943,45.86037,3.5
4.74926,45.86216,1.8
4.74891,45.86576,1.8
4.74857,45.86935,1.8
4.74839,45.87115,53.9
4.74822,45.87294,133.5
4.74804,45.87474,8.8
4.74474,45.90888,6.0
4.77909,45.57839,1.6
4.77754,45.59456,40.5
4.77737,45.59636,1.8
4.77686,45.60175,1.8
4.77669,45.60355,4.7
4.77222,45.65027,13.7
4.76826,45.69160,33.7
4.76809,45.69339,1.5
4.76792,45.69519,65.4
4.76774,45.69699,130.8
4.76757,45.69879,3.9
4.76395,45.73652,470.1
4.76378,45.73832,1.6
4.76360,45.74011,1.6
4.76309,45.74550,1.6
4.76291,45.74730,15.7
4.76222,45.75449,103.4
4.76205,45.75628,7.8
4.76188,45.75808,363.1
4.76170,45.75988,95.6
4.76153,45.76167,66.5
4.76136,45.76347,24.6
4.76119,45.76527,1.9
4.76101,45.76707,11.0
4.76084,45.76886,19.4
4.76015,45.77605,1.6
4.75980,45.77964,3.3
4.75946,45.78324,81.3
4.75928,45.78503,1.6
4.75807,45.79761,14.8
4.75755,45.80300,7.8
4.75686,45.81019,1.3
4.75634,45.81558,30.0
4.75617,45.81737,5.2
4.75547,45.82456,3.5
4.75530,45.82636,3.5
4.75513,45.82815,7.8
4.75270,45.85331,1.8
4.75200,45.86049,7.0
4.75183,45.86229,3.5
4.78164,45.57852,12.1
4.77993,45.59649,8.8
4.77958,45.60008,8.8
4.77941,45.60188,10.6
4.77924,45.60367,13.5
4.77907,45.60547,18.8
4.77890,45.60727,13.5
4.77873,45.60906,97.6
4.77838,45.61266,3.5
4.77495,45.64860,9.8
4.76944,45.70610,101.0
4.76927,45.70790,81.5
4.76910,45.70969,10.7
4.76737,45.72766,1.6
4.76703,45.73126,244.3
4.76651,45.73665,15.7
4.76530,45.74922,12.5
4.76513,45.75102,30.7
4.76444,45.75821,105.3
4.76427,45.76000,48.5
4.76392,45.76360,50.4
4.76375,45.76540,3.9
4.76358,45.76719,14.9
4.76340,45.76899,5.8
4.76271,45.77618,4.4
4.76219,45.78157,1.6
4.76202,45.78336,177.9
4.76081,45.79594,1.6
4.75942,45.81031,1.3
4.75925,45.81211,195.1
4.75908,45.81391,218.2
4.75890,45.81570,260.8
4.75856,45.81930,32.6
4.75838,45.82109,1.3
4.75821,45.82289,19.1
4.75804,45.82469,5.2
4.74953,45.91272,4.4
4.74935,45.91452,4.4
4.78419,45.57864,1.6
4.78231,45.59841,38.2
4.78214,45.60021,65.8
4.78197,45.60200,21.7
4.78180,45.60380,1.8
4.78162,45.60560,148.1
4.78145,45.60739,3.5
4.77751,45.64872,77.7
4.77321,45.69365,7.3
4.77304,45.69544,3.9
4.77200,45.70623,35.1
4.77183,45.70802,25.4
4.77166,45.70982,32.7
4.77149,45.71162,56.6
4.76907,45.73677,1.6
4.76873,45.74037,3.2
4.76769,45.75115,13.6
4.76752,45.75294,7.1
4.76735,45.75474,3.9
4.76717,45.75654,11.6
4.76700,45.75833,20.7
4.76683,45.76013,1.9
4.76666,45.76193,1.9
4.76648,45.76372,22.6
4.76631,45.76552,5.2
4.76614,45.76732,75.8
4.76579,45.77091,1.6
4.76562,45.77271,1.6
4.76527,45.77630,8.2
4.76510,45.77810,4.4
4.76493,45.77990,1.6
4.76458,45.78349,17.5
4.76424,45.78708,39.3
4.76406,45.78888,1.6
4.76372,45.79247,1.6
4.76337,45.79607,3.5
4.76320,45.79786,6.5
4.76285,45.80146,199.9
4.76251,45.80505,235.6
4.76233,45.80685,106.0
4.76216,45.80864,78.7
4.76199,45.81044,139.9
4.76181,45.81224,192.1
4.76164,45.81403,124.7
4.76130,45.81763,283.8
4.76112,45.81942,42.6
4.76095,45.82122,81.7
4.76060,45.82481,9.1
4.75818,45.84997,1.8
4.78709,45.57517,19.4
4.78692,45.57697,16.8
4.78486,45.59853,3.5
4.78469,45.60033,65.8
4.78452,45.60213,89.9
4.78401,45.60752,1.8
4.78384,45.60932,1.8
4.78366,45.61111,3.5
4.78349,45.61291,1.8
4.77577,45.69377,1.5
4.77542,45.69737,72.7
4.77456,45.70635,201.1
4.77422,45.70995,1.5
4.77387,45.71354,21.0
4.77198,45.73331,4.3
4.77163,45.73690,43.9
4.77146,45.73870,43.9
4.77129,45.74049,182.5
4.77094,45.74409,20.0
4.77043,45.74948,53.1
4.77025,45.75127,173.6
4.77008,45.75307,71.1
4.76991,45.75487,5.8
4.76956,45.75846,96.3
4.76939,45.76026,3.9
4.76922,45.76205,3.9
4.76905,45.76385,1.9
4.76887,45.76565,96.3
4.76870,45.76745,39.3
4.76853,45.76924,22.9
4.76836,45.77104,1.6
4.76784,45.77643,216.6
4.76766,45.77823,21.8
4.76749,45.78002,3.3
4.76732,45.78182,408.7
4.76697,45.78541,97.1
4.76680,45.78721,105.3
4.76663,45.78901,1.6
4.76645,45.79080,3.3
4.76594,45.79619,4.4
4.76576,45.79799,381.0
4.76559,45.79979,468.9
4.76542,45.80158,45.2
4.76524,45.80338,198.2
4.76507,45.80518,133.0
4.76490,45.80697,261.6
4.76473,45.80877,218.6
4.76455,45.81057,222.1
4.76386,45.81775,20.0
4.76369,45.81955,12.6
4.76351,45.82135,34.3
4.76230,45.83392,1.3
4.75380,45.92196,1.6
4.78964,45.57530,4.2
4.78725,45.60046,15.3
4.78708,45.60225,25.3
4.78691,45.60405,40.5
4.78656,45.60765,142.8
4.78622,45.61124,3.5
4.78365,45.63820,4.4
4.78262,45.64898,7.7
4.78245,45.65077,1.6
4.78022,45.67413,7.3
4.78004,45.67593,162.5
4.77884,45.68851,1.5
4.77833,45.69390,33.7
4.77729,45.70468,33.7
4.77506,45.72804,1.4
4.77488,45.72984,1.4
4.77454,45.73343,543.7
4.77437,45.73523,1.6
4.77419,45.73703,6.0
4.77402,45.73882,73.7
4.77385,45.74062,177.1
4.77368,45.74242,7.6
4.77351,45.74421,167.3
4.77316,45.74781,45.5
4.77299,45.74960,172.2
4.77282,45.75140,1.8
4.77264,45.75320,6.9
4.77247,45.75499,76.9
4.77230,45.75679,24.6
4.77213,45.75859,19.4
4.77195,45.76038,1.9
4.77161,45.76398,28.1
4.77144,45.76577,1.6
4.77109,45.76937,6.5
4.77092,45.77117,8.7
4.77057,45.77476,3.3
4.77040,45.77656,1.6
4.77023,45.77835,6.0
4.77005,45.78015,15.3
4.76954,45.78554,111.3
4.76936,45.78734,89.5
4.76919,45.78913,4.4
4.76867,45.79452,8.2
4.76850,45.79632,9.8
4.76833,45.79812,560.4
4.76815,45.79991,38.7
4.76798,45.80171,441.1
4.76781,45.80351,424.2
4.76764,45.80530,203.4
4.76746,45.80710,286.4
4.76729,45.80890,103.9
4.76625,45.81968,54.9
4.76608,45.82147,62.2
4.76591,45.82327,28.8
4.76573,45.82507,6.3
4.76539,45.82866,3.3
4.76487,45.83405,1.3
4.76418,45.84124,1.3
4.75793,45.90592,14.2
4.75776,45.90771,1.6
4.75758,45.90951,1.6
4.75672,45.91849,37.8
4.79288,45.56824,78.3
4.79271,45.57003,9.5
4.79254,45.57183,1.6
4.79220,45.57542,1.6
4.78946,45.60418,1.8
4.78912,45.60777,268.6
4.78895,45.60957,21.7
4.78860,45.61316,4.7
4.78449,45.65629,81.5
4.78277,45.67426,393.9
4.78260,45.67606,94.7
4.78226,45.67965,1.5
4.78192,45.68325,3.9
4.77951,45.70840,39.0
4.77831,45.72098,1.8
4.77796,45.72457,3.7
4.77779,45.72637,16.4
4.77762,45.72817,50.6
4.77744,45.72996,13.6
4.77727,45.73176,240.9
4.77710,45.73356,2.8
4.77693,45.73535,1.4
4.77676,45.73715,59.0
4.77658,45.73895,44.4
4.77624,45.74254,8.7
4.77589,45.74614,1.6
4.77572,45.74793,41.0
4.77538,45.75153,4.7
4.77521,45.75332,7.1
4.77503,45.75512,11.0
4.77486,45.75692,36.8
4.77469,45.75871,22.6
4.77452,45.76051,58.1
4.77434,45.76231,9.0
4.77417,45.76410,47.8
4.77400,45.76590,1.6
4.77365,45.76949,1.6
4.77348,45.77129,27.3
4.77331,45.77309,4.4
4.77314,45.77489,6.0
4.77296,45.77668,14.2
4.77279,45.77848,10.4
4.77262,45.78028,8.2
4.77227,45.78387,180.1
4.77210,45.78567,850.6
4.77158,45.79106,4.9
4.77141,45.79285,10.4
4.77124,45.79465,8.2
4.77089,45.79824,2136.7
4.77072,45.80004,389.3
4.77055,45.80184,644.3
4.77037,45.80363,6.1
4.77020,45.80543,24.2
4.77003,45.80723,399.4
4.76985,45.80902,42.1
4.76968,45.81082,616.3
4.76951,45.81262,64.8
4.76934,45.81441,131.2
4.76916,45.81621,1.3
4.76882,45.81980,366.7
4.76864,45.82160,82.6
4.76847,45.82340,312.5
4.76830,45.82519,1.3
4.76743,45.83418,28.8
4.75876,45.92401,1.6
4.79543,45.56836,1.6
4.79526,45.57016,8.4
4.79509,45.57196,1.6
4.79219,45.60251,175.7
4.79184,45.60610,32.9
4.79150,45.60969,38.8
4.79133,45.61149,4.7
4.78876,45.63845,1.6
4.78619,45.66540,1.5
4.78533,45.67439,8.8
4.78516,45.67618,55.6
4.78499,45.67798,33.7
4.78482,45.67978,46.9
4.78465,45.68157,147.4
4.78396,45.68876,2.9
4.78362,45.69236,1.5
4.78327,45.69595,148.9
4.78310,45.69775,7.3
4.78241,45.70493,81.5
4.78155,45.71392,8.3
4.78121,45.71751,7.3
4.78104,45.71931,3.6
4.78087,45.72111,41.3
4.78069,45.72290,17.4
4.78052,45.72470,2.8
4.78035,45.72650,3.7
4.77983,45.73189,32.3
4.77966,45.73368,74.0
4.77915,45.73907,4.3
4.77897,45.74087,8.1
4.77880,45.74267,9.7
4.77846,45.74626,143.9
4.77811,45.74986,95.0
4.77777,45.75345,15.3
4.77760,45.75525,1.9
4.77742,45.75704,9.0
4.77725,45.75884,557.6
4.77708,45.76064,301.1
4.77691,45.76243,367.6
4.77673,45.76423,98.2
4.77656,45.76603,1.6
4.77639,45.76782,10.4
4.77622,45.76962,89.5
4.77604,45.77142,3.3
4.77587,45.77321,12.5
4.77570,45.77501,127.1
4.77553,45.77681,3.3
4.77535,45.77861,7.6
4.77518,45.78040,20.2
4.77501,45.78220,7.6
4.77484,45.78400,3.3
4.77466,45.78579,46.4
4.77449,45.78759,632.9
4.77432,45.78939,187.7
4.77397,45.79298,4.4
4.77380,45.79478,1.6
4.77346,45.79837,182.2
4.77328,45.80017,85.0
4.77311,45.80196,26.9
4.77294,45.80376,121.4
4.77277,45.80556,44.2
4.77259,45.80735,441.4
4.77242,45.80915,232.4
4.77225,45.81095,62.2
4.77207,45.81274,826.4
4.77190,45.81454,94.3
4.77173,45.81634,244.5
4.77156,45.81813,100.5
4.77138,45.81993,10.0
4.77086,45.82532,12.1
4.77035,45.83071,3.8
4.77017,45.83251,1.3
4.77000,45.83430,25.4
4.76965,45.83790,4.6
4.76931,45.84149,6.3
4.76913,45.84329,7.5
4.76359,45.90078,1.6
4.76342,45.90258,4.4
4.76272,45.90976,1.6
4.76238,45.91336,1.6
4.76203,45.91695,1.6
4.79799,45.56849,40.5
4.79782,45.57029,4.2
4.79765,45.57208,78.3
4.79423,45.60802,18.8
4.79406,45.60982,1.8
4.79389,45.61162,44.1
4.79046,45.64756,8.2
4.78995,45.65295,1.6
4.78875,45.66553,72.7
4.78789,45.67451,1.5
4.78772,45.67631,49.3
4.78755,45.67811,390.5
4.78738,45.67990,31.2
4.78721,45.68170,5.4
4.78669,45.68709,1.5
4.78652,45.68889,16.6
4.78583,45.69608,1.5
4.78463,45.70865,1.5
4.78446,45.71045,1.5
4.78429,45.71225,1.5
4.78377,45.71764,3.6
4.78360,45.71944,1.8
4.78325,45.72303,7.0
4.78257,45.73022,1.4
4.78153,45.74100,38.8
4.78119,45.74459,2.8
4.78102,45.74639,3.2
4.78085,45.74819,1.8
4.78067,45.74998,41.0
4.78050,45.75178,93.2
4.78033,45.75358,23.2
4.78016,45.75537,70.9
4.77998,45.75717,107.3
4.77981,45.75897,89.2
4.77964,45.76076,89.2
4.77947,45.76256,310.8
4.77930,45.76436,216.4
4.77912,45.76615,94.2
4.77895,45.76795,34.6
4.77878,45.76975,3.3
4.77861,45.77154,4.9
4.77843,45.77334,57.3
4.77826,45.77514,678.2
4.77809,45.77693,60.6
4.77792,45.77873,40.9
4.77774,45.78053,1.6
4.77757,45.78232,9.8
4.77688,45.78951,121.7
4.77654,45.79311,8.2
4.77585,45.80029,31.6
4.77567,45.80209,218.0
4.77550,45.80389,155.6
4.77533,45.80568,190.2
4.77516,45.80748,364.6
4.77498,45.80928,383.4
4.77481,45.81107,578.2
4.77464,45.81287,1452.2
4.77447,45.81467,1334.1
4.77429,45.81646,19.6
4.77412,45.81826,4.6
4.77395,45.82006,14.6
4.77378,45.82185,4.6
4.77360,45.82365,1.3
4.77343,45.82545,7.9
4.77308,45.82904,1.3
4.77291,45.83084,1.3
4.77274,45.83263,2.5
4.77257,45.83443,14.6
4.77239,45.83623,208.6
4.77222,45.83802,41.3
4.77205,45.83982,70.1
4.77187,45.84162,1.3
4.77170,45.84341,3.8
4.77153,45.84521,15.4
4.76495,45.91348,1.6
4.79627,45.61354,45.2
4.79336,45.64409,1.6
4.79319,45.64589,1.6
4.79302,45.64768,4.4
4.79285,45.64948,40.5
4.79268,45.65128,1.6
4.79251,45.65307,4.4
4.79096,45.66925,1.5
4.79079,45.67104,1.5
4.79045,45.67464,1.5
4.79028,45.67644,2.9
4.79011,45.67823,145.9
4.78994,45.68003,33.7
4.78976,45.68183,25.9
4.78959,45.68362,3.9
4.78942,45.68542,3.9
4.78925,45.68722,10.3
4.78908,45.68901,3.9
4.78770,45.70339,1.5
4.78736,45.70698,2.9
4.78702,45.71058,1.5
4.78650,45.71597,1.8
4.78599,45.72136,21.2
4.78582,45.72316,1.4
4.78564,45.72495,12.2
4.78496,45.73214,71.2
4.78461,45.73573,1.4
4.78410,45.74112,4.2
4.78392,45.74292,8.4
4.78375,45.74472,9.7
4.78358,45.74651,1.8
4.78324,45.75011,6.5
4.78306,45.75191,18.4
4.78289,45.75370,46.3
4.78272,45.75550,88.5
4.78255,45.75730,57.0
4.78238,45.75909,11.0
4.78220,45.76089,18.7
4.78203,45.76269,115.7
4.78186,45.76448,339.8
4.78169,45.76628,37.5
4.78151,45.76808,745.2
4.78100,45.77347,446.9
4.78083,45.77526,88.4
4.78048,45.77886,4.4
4.78031,45.78065,182.2
4.78014,45.78245,47.5
4.77996,45.78425,173.0
4.77979,45.78604,48.0
4.77962,45.78784,31.1
4.77945,45.78964,25.6
4.77910,45.79323,373.2
4.77858,45.79862,59.3
4.77841,45.80042,222.7
4.77824,45.80222,11.3
4.77807,45.80401,199.1
4.77789,45.80581,773.9
4.77772,45.80761,257.4
4.77755,45.80940,168.5
4.77738,45.81120,335.0
4.77720,45.81300,3.3
4.77703,45.81479,60.9
4.77669,45.81839,3.3
4.77479,45.83815,1.3
4.79883,45.61367,96.4
4.79866,45.61546,1.8
4.79643,45.63882,1.6
4.79609,45.64242,1.6
4.79592,45.64422,1.6
4.79575,45.64601,32.3
4.79558,45.64781,119.2
4.79541,45.64961,119.2
4.79524,45.65140,17.0
4.79506,45.65320,11.5
4.79489,45.65500,17.5
4.79455,45.65859,7.7
4.79404,45.66398,31.7
4.79387,45.66578,4.4
4.79249,45.68016,1242.2
4.79232,45.68195,65.9
4.79215,45.68375,30.3
4.79181,45.68734,15.6
4.79147,45.69094,365.6
4.79129,45.69273,2.9
4.79112,45.69453,22.0
4.79095,45.69633,21.0
4.79044,45.70172,1.5
4.79026,45.70352,1.5
4.78992,45.70711,1.5
4.78975,45.70891,1.5
4.78906,45.71609,100.0
4.78889,45.71789,3.6
4.78872,45.71969,8.4
4.78838,45.72328,1.4
4.78803,45.72688,3.7
4.78769,45.73047,28.6
4.78752,45.73227,80.1
4.78735,45.73406,48.7
4.78717,45.73586,2.8
4.78700,45.73766,140.1
4.78649,45.74305,1.4
4.78631,45.74484,83.6
4.78614,45.74664,20.2
4.78597,45.74844,5.3
4.78580,45.75023,92.0
4.78545,45.75383,100.9
4.78511,45.75742,48.7
4.78494,45.75922,5.7
4.78477,45.76102,3.9
4.78442,45.76461,52.3
4.78425,45.76641,72.4
4.78408,45.76820,20.0
4.78373,45.77180,89.5
4.78356,45.77359,1.6
4.78304,45.77898,18.6
4.78253,45.78437,50.7
4.78235,45.78617,110.8
4.78218,45.78797,206.8
4.78201,45.78976,6.0
4.78184,45.79156,8.2
4.78132,45.79695,3.5
4.78115,45.79875,1.2
4.78098,45.80055,1.2
4.78080,45.80234,655.2
4.78063,45.80414,326.1
4.78046,45.80594,340.1
4.78029,45.80773,75.1
4.78011,45.80953,803.9
4.77994,45.81133,60.5
4.77839,45.82750,1.3
4.77787,45.83289,1.3
4.77735,45.83828,12.1
4.77147,45.89936,17.5
4.77026,45.91194,1.6
4.77008,45.91374,1.6
4.76974,45.91733,6.0
4.80138,45.61379,1.8
4.80121,45.61559,49.4
4.79916,45.63715,2.1
4.79899,45.63895,1.6
4.79848,45.64434,4.9
4.79796,45.64973,4.4
4.79779,45.65153,39.0
4.79762,45.65333,2.1
4.79745,45.65512,2.1
4.79711,45.65872,1.6
4.79659,45.66411,1.6
4.79488,45.68208,8.8
4.79471,45.68387,2.9
4.79454,45.68567,145.9
4.79437,45.68747,3.9
4.79420,45.68927,14.2
4.79402,45.69106,1.5
4.79385,45.69286,1.5
4.79368,45.69466,168.4
4.79351,45.69645,158.1
4.79334,45.69825,409.5
4.79317,45.70005,1.5
4.79300,45.70184,21.0
4.79282,45.70364,1.5
4.79162,45.71622,4.8
4.79145,45.71802,3.6
4.79128,45.71981,11.4
4.79042,45.72880,13.6
4.78991,45.73419,379.1
4.78939,45.73958,11.2
4.78922,45.74138,1.4
4.78888,45.74497,13.6
4.78870,45.74677,947.2
4.78836,45.75036,14.2
4.78819,45.75216,8.3
4.78802,45.75395,3.6
4.78784,45.75575,4.7
4.78767,45.75755,41.0
4.78750,45.75934,6.5
4.78733,45.76114,5.3
4.78698,45.76474,34.7
4.78681,45.76653,1.9
4.78664,45.76833,14.2
4.78647,45.77013,449.6
4.78630,45.77192,8.2
4.78595,45.77552,573.5
4.78578,45.77731,493.8
4.78561,45.77911,3.3
4.78543,45.78091,42.0
4.78526,45.78270,13.6
4.78509,45.78450,4.9
4.78492,45.78630,15.8
4.78475,45.78809,132.9
4.78457,45.78989,44.2
4.78440,45.79169,8.2
4.78423,45.79348,3.1
4.78388,45.79708,3.1
4.78371,45.79887,1.2
4.78337,45.80247,617.0
4.78320,45.80427,106.1
4.78302,45.80606,14.4
4.78199,45.81684,1.3
4.78113,45.82583,2.5
4.78044,45.83301,1.3
4.77992,45.83840,3.3
4.77975,45.84020,1.3
4.77421,45.89769,25.7
4.77283,45.91207,9.8
4.77265,45.91386,1.6
4.77248,45.91566,1.6
4.80138,45.64087,1.6
4.80086,45.64626,3.3
4.80069,45.64806,2.1
4.80052,45.64986,1.6
4.80035,45.65166,30.5
4.80018,45.65345,2.1
4.79658,45.69119,1.5
4.79641,45.69299,110.8
4.79624,45.69478,25.9
4.79607,45.69658,72.7
4.79590,45.69838,35.6
4.79573,45.70017,9.3
4.79556,45.70197,280.7
4.79538,45.70377,6.8
4.79504,45.70736,10.3
4.79436,45.71455,4.8
4.79418,45.71635,44.9
4.79367,45.72174,366.6
4.79350,45.72353,3.6
4.79333,45.72533,71.7
4.79281,45.73072,1.4
4.79264,45.73252,13.6
4.79230,45.73611,1.4
4.79195,45.73971,8.9
4.79178,45.74150,6.6
4.79161,45.74330,27.2
4.79144,45.74510,8.4
4.79127,45.74689,19.5
4.79109,45.74869,6.7
4.79092,45.75049,23.7
4.79075,45.75228,181.1
4.79058,45.75408,1.8
4.79041,45.75588,84.3
4.79023,45.75767,17.8
4.79006,45.75947,201.3
4.78972,45.76306,8.3
4.78955,45.76486,7.4
4.78937,45.76666,29.4
4.78920,45.76845,1.9
4.78851,45.77564,1.6
4.78834,45.77744,1.6
4.78817,45.77924,1.6
4.78800,45.78103,1.6
4.78783,45.78283,117.9
4.78765,45.78463,1.6
4.78748,45.78642,129.4
4.78731,45.78822,508.0
4.78697,45.79181,65.2
4.78662,45.79541,23.8
4.78645,45.79720,2.3
4.78628,45.79900,12.1
4.78610,45.80080,9.0
4.78593,45.80259,116.2
4.77678,45.89782,201.4
4.77661,45.89962,1.6
4.77644,45.90141,176.2
4.77609,45.90501,1.6
4.77574,45.90860,12.6
4.77540,45.91219,25.7
4.77522,45.91399,1.6
4.77505,45.91579,9.8
4.80427,45.63740,5.7
4.80410,45.63920,4.3
4.80342,45.64639,7.8
4.80308,45.64998,4.3
4.80291,45.65178,5.7
4.79949,45.68772,1.5
4.79931,45.68952,22.9
4.79914,45.69131,1.5
4.79897,45.69311,5.4
4.79863,45.69671,19.5
4.79846,45.69850,33.7
4.79760,45.70749,37.6
4.79743,45.70928,3.3
4.79726,45.71108,1.8
4.79692,45.71467,24.6
4.79674,45.71647,12.6
4.79640,45.72007,18.0
4.79623,45.72186,13.8
4.79589,45.72546,3.7
4.79537,45.73085,351.0
4.79520,45.73264,7.5
4.79503,45.73444,9.8
4.79486,45.73624,12.7
4.79469,45.73803,1.4
4.79434,45.74163,282.1
4.79400,45.74522,1.4
4.79366,45.74882,3.6
4.79348,45.75061,15.4
4.79331,45.75241,1.8
4.79297,45.75600,22.6
4.79280,45.75780,19.0
4.79262,45.75960,14.8
4.79228,45.76319,1.8
4.79211,45.76499,203.6
4.79194,45.76678,9.5
4.79177,45.76858,43.4
4.79159,45.77038,54.3
4.79142,45.77217,154.1
4.79125,45.77397,195.8
4.79091,45.77757,45.3
4.79073,45.77936,17.5
4.79056,45.78116,1.6
4.79039,45.78296,4.4
4.79022,45.78475,9.8
4.79005,45.78655,80.4
4.78987,45.78835,5.8
4.78970,45.79014,23.2
4.78953,45.79194,1.2
4.78936,45.79374,4.3
4.78919,45.79553,28.1
4.78901,45.79733,42.5
4.78884,45.79913,38.6
4.78867,45.80092,1369.8
4.78815,45.80631,6.6
4.78591,45.82967,13.3
4.77918,45.89974,4.4
4.77900,45.90154,4.4
4.77883,45.90334,3.3
4.77849,45.90693,4.4
4.77814,45.91052,1.6
4.77779,45.91412,146.6
4.77762,45.91591,17.5
4.77641,45.92849,4.4
4.80666,45.63933,4.3
4.80632,45.64292,2.1
4.80598,45.64652,8.5
4.80581,45.64831,4.3
4.80564,45.65011,20.6
4.80187,45.68964,33.7
4.80153,45.69324,2.9
4.80016,45.70761,1.8
4.79999,45.70941,3.6
4.79982,45.71121,1.8
4.79965,45.71300,1.8
4.79948,45.71480,19.8
4.79930,45.71660,179.1
4.79913,45.71839,1.8
4.79896,45.72019,39.5
4.79879,45.72199,5.4
4.79845,45.72558,2.8
4.79828,45.72738,2.8
4.79759,45.73457,71.7
4.79742,45.73636,13.6
4.79725,45.73816,4.2
4.79708,45.73996,8.0
4.79690,45.74175,17.8
4.79639,45.74714,10.8
4.79622,45.74894,231.6
4.79605,45.75074,95.6
4.79587,45.75254,1.8
4.79570,45.75433,15.4
4.79553,45.75613,212.5
4.79536,45.75793,42.2
4.79519,45.75972,46.3
4.79502,45.76152,8.3
4.79484,45.76332,141.7
4.79467,45.76511,14.2
4.79450,45.76691,29.0
4.79398,45.77230,174.6
4.79381,45.77410,325.1
4.79364,45.77589,39.2
4.79330,45.77949,47.0
4.79313,45.78128,44.3
4.79295,45.78308,7.4
4.79278,45.78488,3.2
4.79261,45.78668,39.6
4.79244,45.78847,47.5
4.79209,45.79207,19.5
4.79192,45.79386,57.3
4.79175,45.79566,212.2
4.79158,45.79746,4.7
4.79141,45.79925,2.3
4.79072,45.80644,1.8
4.79054,45.80824,9.0
4.79037,45.81003,17.5
4.79020,45.81183,1.8
4.79003,45.81363,1.8
4.78951,45.81902,1.8
4.78899,45.82441,1.8
4.78865,45.82800,1.8
4.78175,45.89987,58.5
4.78140,45.90346,37.8
4.78088,45.90885,8.2
4.78071,45.91065,17.5
4.78054,45.91245,16.4
4.80922,45.63945,2.1
4.80905,45.64125,10.6
4.80819,45.65023,2.1
4.80495,45.68438,2.9
4.80477,45.68617,2.9
4.80460,45.68797,42.5
4.80443,45.68977,8.3
4.80426,45.69157,12.2
4.80409,45.69336,17.6
4.80392,45.69516,2.9
4.80289,45.70594,4.8
4.80255,45.70954,96.4
4.80238,45.71133,124.0
4.80221,45.71313,218.7
4.80204,45.71493,6.6
4.80152,45.72032,31.7
4.80135,45.72211,3.6
4.80118,45.72391,1.4
4.80101,45.72571,1.4
4.80049,45.73110,1.4
4.80032,45.73290,3.7
4.80015,45.73469,2.8
4.79998,45.73649,419.4
4.79981,45.73829,1.4
4.79964,45.74008,13.6
4.79947,45.74188,1.4
4.79929,45.74368,71.2
4.79912,45.74547,24.8
4.79895,45.74727,30.0
4.79878,45.74907,231.5
4.79861,45.75086,81.2
4.79844,45.75266,3.6
4.79826,45.75446,93.8
4.79809,45.75625,385.3
4.79792,45.75805,1.8
4.79775,45.75985,958.2
4.79741,45.76344,151.3
4.79706,45.76704,24.8
4.79689,45.76883,189.4
4.79672,45.77063,80.2
4.79655,45.77243,92.3
4.79638,45.77422,346.1
4.79620,45.77602,732.8
4.79603,45.77782,45.4
4.79586,45.77961,293.3
4.79569,45.78141,14.8
4.79552,45.78321,85.5
4.79534,45.78500,323.4
4.79517,45.78680,138.2
4.79500,45.78860,87.6
4.79483,45.79039,1.2
4.79466,45.79219,2.3
4.79449,45.79399,39.8
4.79431,45.79579,50.7
4.79414,45.79758,5.9
4.79397,45.79938,1.2
4.79311,45.80836,19.3
4.79294,45.81016,1.8
4.79277,45.81196,19.3
4.79225,45.81735,1.8
4.79208,45.81914,1.8
4.79173,45.82274,5.4
4.79139,45.82633,4.8
4.79122,45.82813,12.6
4.78414,45.90179,8.2
4.78397,45.90359,4.4
4.81126,45.64497,107.8
4.81109,45.64677,163.2
4.81075,45.65036,2.1
4.81058,45.65216,105.7
4.80870,45.67192,4.1
4.80699,45.68989,5.9
4.80682,45.69169,36.1
4.80665,45.69349,14.2
4.80614,45.69888,72.7
4.80597,45.70068,4289.2
4.80579,45.70247,41.3
4.80562,45.70427,36.5
4.80528,45.70786,204.9
4.80511,45.70966,1.8
4.80477,45.71325,263.0
4.80460,45.71505,49.7
4.80443,45.71685,1.8
4.80408,45.72044,13.8
4.80391,45.72224,6.6
4.80374,45.72404,1.8
4.80357,45.72583,1.4
4.80306,45.73122,8.9
4.80288,45.73302,20.2
4.80271,45.73482,47.8
4.80254,45.73661,22.0
4.80237,45.73841,2.8
4.80203,45.74201,1.4
4.80151,45.74740,17.3
4.80134,45.74919,36.6
4.80117,45.75099,45.9
4.80100,45.75279,1.8
4.80065,45.75638,65.3
4.80031,45.75997,70.1
4.80014,45.76177,10.7
4.79997,45.76357,500.6
4.79945,45.76896,253.8
4.79928,45.77076,973.9
4.79911,45.77255,50.1
4.79894,45.77435,19.5
4.79877,45.77615,154.0
4.79860,45.77794,727.5
4.79842,45.77974,168.8
4.79825,45.78154,78.6
4.79808,45.78333,12.1
4.79774,45.78693,53.3
4.79756,45.78872,78.6
4.79739,45.79052,37.5
4.79636,45.80130,9.0
4.79619,45.80310,1.8
4.79602,45.80490,6.6
4.79550,45.81029,111.3
4.79499,45.81568,6.6
4.79481,45.81747,3.6
4.79464,45.81927,1.8
4.79447,45.82107,1.8
4.79430,45.82286,3.6
4.79413,45.82466,1.8
4.79395,45.82646,24.1
4.79344,45.83185,1.8
4.79327,45.83364,9.0
4.78688,45.90012,4.4
4.78671,45.90192,37.8
4.78585,45.91090,1.6
4.81365,45.64689,102.9
4.81348,45.64869,160.3
4.81331,45.65049,2.1
4.81314,45.65228,28.4
4.81177,45.66666,1.6
4.81006,45.68463,1.6
4.80972,45.68822,2.9
4.80955,45.69002,21.5
4.80938,45.69182,14.6
4.80921,45.69361,592.5
4.80904,45.69541,1.5
4.80887,45.69721,69.1
4.80870,45.69900,9.0
4.80853,45.70080,13.8
4.80835,45.70260,17.4
4.80818,45.70440,494.8
4.80801,45.70619,9.0
4.80784,45.70799,9.0
4.80733,45.71338,149.2
4.80716,45.71518,198.9
4.80699,45.71697,162.9
4.80681,45.71877,54.5
4.80664,45.72057,65.3
4.80596,45.72776,58.1
4.80562,45.73135,17.3
4.80527,45.73494,802.7
4.80510,45.73674,208.5
4.80493,45.73854,3.7
4.80476,45.74033,2.8
4.80459,45.74213,140.1
4.80442,45.74393,1.4
4.80425,45.74572,1.4
4.80407,45.74752,47.3
4.80373,45.75112,10.1
4.80356,45.75291,114.6
4.80339,45.75471,7.1
4.80322,45.75651,98.6
4.80305,45.75830,181.1
4.80287,45.76010,177.5
4.80270,45.76190,165.5
4.80253,45.76369,240.6
4.80219,45.76729,116.6
4.80202,45.76908,641.5
4.80185,45.77088,23.2
4.80167,45.77268,7.4
4.80150,45.77447,188.3
4.80133,45.77627,172.5
4.80116,45.77807,883.1
4.80099,45.77987,224.7
4.80082,45.78166,36.4
4.80064,45.78346,42.2
4.80030,45.78705,49.1
4.80013,45.78885,38.5
4.79996,45.79065,29.0
4.79944,45.79604,1.8
4.79893,45.80143,17.5
4.79858,45.80502,1.8
4.79824,45.80861,40.3
4.79807,45.81041,107.1
4.79790,45.81221,151.7
4.79755,45.81580,10.2
4.79738,45.81760,3.6
4.79704,45.82119,18.1
4.79686,45.82299,3.6
4.79652,45.82658,1.8
4.79428,45.84994,10.5
4.78963,45.89845,31.7
4.78807,45.91462,10.4
4.81655,45.64342,26.8
4.81569,45.65241,2.1
4.81535,45.65600,51.1
4.81416,45.66858,3.1
4.81399,45.67038,5.7
4.81365,45.67397,1.6
4.81331,45.67757,1.6
4.81245,45.68655,4.1
4.81228,45.68835,5.4
4.81211,45.69015,163.0
4.81194,45.69194,5.4
4.81177,45.69374,18.1
4.81160,45.69554,116.7
4.81143,45.69733,37.6
4.81126,45.69913,3.6
4.81040,45.70811,6.6
4.81023,45.70991,1.8
4.81006,45.71171,466.7
4.80989,45.71351,137.2
4.80972,45.71530,197.7
4.80955,45.71710,460.1
4.80938,45.71890,3.6
4.80920,45.72069,464.3
4.80903,45.72249,1.8
4.80886,45.72429,1.8
4.80869,45.72608,54.5
4.80852,45.72788,86.3
4.80835,45.72968,80.2
4.80818,45.73147,1.8
4.80749,45.73866,2.8
4.80732,45.74046,1.4
4.80715,45.74226,8.0
4.80698,45.74405,9.8
4.80664,45.74765,1.4
4.80646,45.74944,12.2
4.80629,45.75124,3.6
4.80612,45.75304,41.0
4.80595,45.75483,63.5
4.80578,45.75663,223.2
4.80561,45.75843,1.8
4.80544,45.76023,1.6
4.80527,45.76202,4.2
4.80509,45.76382,7.4
4.80492,45.76562,246.4
4.80475,45.76741,109.2
4.80458,45.76921,1596.4
4.80441,45.77101,924.8
4.80424,45.77280,164.6
4.80407,45.77460,329.2
4.80389,45.77640,345.0
4.80372,45.77819,307.6
4.80355,45.77999,57.5
4.80338,45.78179,163.5
4.80304,45.78538,90.7
4.80286,45.78718,3.2
4.80269,45.78898,1.6
4.80252,45.79077,8.4
4.80218,45.79437,1.8
4.80183,45.79796,3.6
4.80166,45.79976,10.2
4.80149,45.80155,8.4
4.80132,45.80335,27.7
4.80115,45.80515,1.8
4.80098,45.80694,27.7
4.80080,45.80874,22.3
4.80063,45.81054,10.8
4.80046,45.81233,3.6
4.80029,45.81413,1.8
4.79960,45.82132,1.8
4.79943,45.82311,1.8
4.79616,45.85725,10.5
4.79185,45.90217,39.4
4.79116,45.90936,1.6
4.79064,45.91475,1.6
4.81808,45.65433,111.4
4.81774,45.65792,12.8
4.81757,45.65972,1.6
4.81672,45.66871,80.2
4.81655,45.67050,4.1
4.81501,45.68668,4.1
4.81484,45.68847,3.9
4.81467,45.69027,36.1
4.81450,45.69207,184.0
4.81433,45.69386,147.4
4.81416,45.69566,859.5
4.81399,45.69746,60.5
4.81313,45.70644,6.6
4.81296,45.70824,1.8
4.81279,45.71004,1.8
4.81262,45.71183,7.2
4.81245,45.71363,8.4
4.81228,45.71543,54.5
4.81211,45.71722,88.7
4.81194,45.71902,35.3
4.81176,45.72082,91.1
4.81159,45.72262,9.8
4.81142,45.72441,63.6
4.81125,45.72621,15.9
4.81108,45.72801,182.3
4.81057,45.73340,11.0
4.81040,45.73519,1.8
4.81023,45.73699,1.8
4.80988,45.74059,9.8
4.80937,45.74598,186.0
4.80920,45.74777,1.4
4.80903,45.74957,1.8
4.80886,45.75137,13.7
4.80868,45.75316,1.8
4.80851,45.75496,10.7
4.80834,45.75676,96.8
4.80817,45.75855,5.3
4.80800,45.76035,27.6
4.80783,45.76215,5.8
4.80766,45.76394,5.8
4.80731,45.76754,7.4
4.80714,45.76934,1496.7
4.80697,45.77113,111.3
4.80680,45.77293,172.5
4.80663,45.77473,309.2
4.80646,45.77652,294.4
4.80629,45.77832,235.8
4.80611,45.78012,315.5
4.80594,45.78191,23.7
4.80560,45.78551,3.2
4.80543,45.78730,253.8
4.80457,45.79629,1.8
4.80405,45.80168,91.5
4.80371,45.80527,1.8
4.80354,45.80707,14.4
4.80337,45.80887,1.8
4.80302,45.81246,3.6
4.80285,45.81426,1.8
4.80268,45.81605,1.8
4.79907,45.85379,10.5
4.79890,45.85558,164.0
4.79838,45.86097,122.1
4.79821,45.86277,10.5
4.79804,45.86457,31.4
4.79666,45.87894,1.8
4.79511,45.89511,1.8
4.79373,45.90948,1.6
4.82251,45.63469,45.3
4.82234,45.63649,82.3
4.82030,45.65805,5.7
4.81979,45.66344,3.1
4.81962,45.66524,1.6
4.81893,45.67243,114.3
4.81876,45.67422,37.2
4.81859,45.67602,5.7
4.81791,45.68321,5.7
4.81740,45.68860,3.9
4.81706,45.69219,62.5
4.81689,45.69399,72.7
4.81672,45.69579,289.4
4.81655,45.69758,80.5
4.81638,45.69938,19.2
4.81620,45.70118,1.8
4.81586,45.70477,52.1
4.81569,45.70657,23.4
4.81535,45.71016,41.3
4.81518,45.71196,1.8
4.81501,45.71376,14.4
4.81484,45.71555,1.8
4.81467,45.71735,8.5
4.81415,45.72274,113.2
4.81398,45.72454,15.3
4.81381,45.72634,8.6
4.81364,45.72813,21.4
4.81347,45.72993,3.7
4.81330,45.73173,336.5
4.81313,45.73352,3.7
4.81193,45.74610,1.4
4.81176,45.74790,5.5
4.81159,45.74970,15.4
4.81142,45.75149,3.6
4.81125,45.75329,261.2
4.81108,45.75509,107.5
4.81090,45.75688,118.7
4.81073,45.75868,23.7
4.81039,45.76227,1.6
4.81005,45.76587,3.2
4.80988,45.76766,3.2
4.80953,45.77126,44.3
4.80936,45.77305,529.7
4.80919,45.77485,94.4
4.80885,45.77845,285.9
4.80868,45.78024,234.2
4.80851,45.78204,1240.3
4.80833,45.78384,1763.1
4.80816,45.78563,30.6
4.80799,45.78743,91.8
4.80782,45.78923,7.9
4.80748,45.79282,5.4
4.80696,45.79821,259.4
4.80679,45.80001,622.3
4.80628,45.80540,5.4
4.80576,45.81079,1.8
4.80559,45.81259,3.6
4.80542,45.81438,3.6
4.80490,45.81977,3.6
4.80473,45.82157,1.8
4.80164,45.85391,10.5
4.80129,45.85750,10.5
4.80112,45.85930,10.5
4.80095,45.86110,111.7
4.79906,45.88086,1.8
4.79888,45.88266,1.8
4.79871,45.88446,91.6
4.79837,45.88805,42.4
4.79819,45.88985,1.8
4.79802,45.89164,1.8
4.79768,45.89524,17.8
4.79716,45.90063,1.6
4.82490,45.63661,246.4
4.82473,45.63841,85.1
4.82439,45.64200,139.6
4.82252,45.66177,1.6
4.82217,45.66536,15.0
4.82200,45.66716,1.6
4.82166,45.67075,45.5
4.82149,45.67255,209.5
4.82132,45.67435,45.0
4.82115,45.67615,3.1
4.82098,45.67794,1.6
4.82081,45.67974,1.6
4.81962,45.69232,25.9
4.81945,45.69412,47.6
4.81928,45.69591,181.1
4.81911,45.69771,106.4
4.81893,45.69951,91.1
4.81876,45.70130,21.0
4.81859,45.70310,1.8
4.81808,45.70849,415.1
4.81791,45.71029,17.4
4.81774,45.71208,6.6
4.81757,45.71388,244.4
4.81740,45.71568,144.4
4.81723,45.71748,28.2
4.81706,45.71927,12.8
4.81654,45.72466,63.6
4.81637,45.72646,6.7
4.81620,45.72826,47.1
4.81569,45.73365,426.2
4.81552,45.73545,424.2
4.81535,45.73724,190.9
4.81518,45.73904,450.2
4.81501,45.74084,804.1
4.81483,45.74263,188.2
4.81449,45.74623,4.9
4.81432,45.74802,3.6
4.81398,45.75162,90.2
4.81381,45.75341,90.2
4.81364,45.75521,300.4
4.81347,45.75701,289.7
4.81330,45.75880,31.5
4.81312,45.76060,1.8
4.81295,45.76240,10.7
4.81261,45.76599,16.9
4.81244,45.76779,12.1
4.81227,45.76959,451.1
4.81210,45.77138,265.4
4.81193,45.77318,817.2
4.81175,45.77498,1068.6
4.81158,45.77677,33.0
4.81141,45.77857,76.1
4.81124,45.78037,78.1
4.81107,45.78216,81.2
4.81090,45.78396,1037.7
4.81073,45.78576,134.0
4.81056,45.78755,44.3
4.81038,45.78935,428.9
4.80970,45.79654,1.8
4.80953,45.79834,320.8
4.80936,45.80013,127.0
4.80918,45.80193,8.4
4.80901,45.80373,3.6
4.80850,45.80912,1.5
4.80815,45.81271,1.5
4.80764,45.81810,1.8
4.80575,45.83787,1.5
4.80369,45.85943,10.5
4.80180,45.87919,17.8
4.80162,45.88099,11.1
4.80145,45.88279,11.1
4.80128,45.88458,60.9
4.80094,45.88818,1.8
4.82763,45.63494,1.4
4.82677,45.64392,763.8
4.82507,45.66189,1.6
4.82439,45.66908,1.6
4.82422,45.67088,3.1
4.82405,45.67268,41.4
4.82388,45.67447,9.3
4.82286,45.68526,1.6
4.82252,45.68885,43.4
4.82235,45.69065,170.2
4.82218,45.69244,278.8
4.82201,45.69424,95.2
4.82184,45.69604,776.4
4.82166,45.69783,19.5
4.82132,45.70143,79.1
4.82115,45.70323,90.5
4.82098,45.70502,18.0
4.82081,45.70682,41.3
4.82064,45.70862,188.1
4.82047,45.71041,70.7
4.82030,45.71221,381.0
4.82013,45.71401,642.2
4.81996,45.71580,134.8
4.81979,45.71760,49.7
4.81842,45.73198,61.7
4.81825,45.73377,29.5
4.81791,45.73737,30.2
4.81774,45.73916,459.2
4.81757,45.74096,182.3
4.81740,45.74276,319.7
4.81723,45.74456,86.8
4.81705,45.74635,1.2
4.81688,45.74815,15.9
4.81671,45.74995,1.8
4.81654,45.75174,67.1
4.81637,45.75354,17.2
4.81620,45.75534,58.8
4.81603,45.75713,136.0
4.81586,45.75893,55.8
4.81569,45.76073,26.1
4.81552,45.76252,3.6
4.81534,45.76432,1.8
4.81517,45.76612,4.2
4.81500,45.76791,214.0
4.81483,45.76971,722.4
4.81466,45.77151,17.9
4.81449,45.77331,10.1
4.81432,45.77510,7.4
4.81415,45.77690,4.0
4.81398,45.77870,46.5
4.81380,45.78049,21.5
4.81363,45.78229,2.0
4.81329,45.78588,796.6
4.81312,45.78768,877.9
4.81295,45.78948,2617.8
4.81278,45.79127,78.6
4.81209,45.79846,452.6
4.81175,45.80206,3.6
4.81158,45.80385,1.5
4.81038,45.81643,1.5
4.81020,45.81823,3.6
4.81003,45.82002,4.8
4.80969,45.82362,1.5
4.80952,45.82541,1.5
4.80660,45.85596,10.5
4.80454,45.87752,4.9
4.80402,45.88291,65.2
4.80385,45.88471,17.8
4.80368,45.88650,11.1
4.80350,45.88830,44.3
4.80264,45.89728,1.8
4.83001,45.63686,1.4
4.82916,45.64585,26.8
4.82746,45.66382,26.9
4.82712,45.66741,1.6
4.82695,45.66921,4.1
4.82661,45.67280,1.6
4.82627,45.67640,35.7
4.82593,45.67999,1.6
4.82559,45.68358,1.6
4.82542,45.68538,1.6
4.82525,45.68718,9.3
4.82508,45.68897,7.2
4.82457,45.69437,676.1
4.82439,45.69616,35.9
4.82422,45.69796,34.7
4.82405,45.69976,133.0
4.82388,45.70155,1.8
4.82371,45.70335,32.3
4.82354,45.70515,1.8
4.82337,45.70694,9.6
4.82303,45.71054,89.3
4.82286,45.71234,17.4
4.82167,45.72491,12.5
4.82132,45.72851,433.2
4.82098,45.73210,67.6
4.82047,45.73749,109.6
4.82030,45.73929,311.5
4.82013,45.74109,6949.2
4.81996,45.74288,311.5
4.81979,45.74468,242.0
4.81962,45.74648,11.8
4.81945,45.74827,116.7
4.81927,45.75007,934.4
4.81910,45.75187,598.4
4.81876,45.75546,45.1
4.81859,45.75726,6.5
4.81842,45.75906,8.9
4.81825,45.76085,14.8
4.81791,45.76445,177.5
4.81774,45.76624,119.8
4.81757,45.76804,2.3
4.81739,45.76984,25.7
4.81722,45.77163,112.0
4.81688,45.77523,72.0
4.81671,45.77702,51.8
4.81654,45.77882,109.8
4.81637,45.78062,101.0
4.81620,45.78242,2.0
4.81603,45.78421,2.0
4.81568,45.78781,1745.7
4.81551,45.78960,36.4
4.81534,45.79140,502.8
4.81517,45.79320,157.7
4.81500,45.79499,9.7
4.81448,45.80038,1.8
4.81431,45.80218,4.1
4.81397,45.80577,4.1
4.81380,45.80757,1.5
4.81363,45.80937,1.5
4.81346,45.81116,3.0
4.81311,45.81476,379.5
4.81226,45.82374,3.0
4.81208,45.82554,5.6
4.81191,45.82734,1.5
4.80710,45.87765,1.8
4.80693,45.87944,1.8
4.80676,45.88124,1.8
4.80642,45.88483,17.8
4.80624,45.88663,1.8
4.80607,45.88843,1.8
4.80573,45.89202,9.2
4.80556,45.89382,4.9
4.83257,45.63699,1.4
4.83121,45.65136,346.3
4.82985,45.66574,7.8
4.82934,45.67113,1.6
4.82849,45.68011,4.1
4.82815,45.68371,35.7
4.82798,45.68551,26.4
4.82781,45.68730,151.0
4.82764,45.68910,202.8
4.82747,45.69090,23.3
4.82730,45.69269,119.5
4.82712,45.69449,18.0
4.82695,45.69629,140.2
4.82678,45.69808,9.0
4.82661,45.69988,77.9
4.82644,45.70168,14.4
4.82627,45.70348,4.8
4.82593,45.70707,915.3
4.82491,45.71785,57.7
4.82474,45.71965,6.5
4.82423,45.72504,76.6
4.82406,45.72684,3118.5
4.82389,45.72863,903.0
4.82371,45.73043,898.7
4.82354,45.73223,64.2
4.82337,45.73402,381.5
4.82320,45.73582,37.5
4.82286,45.73941,3.1
4.82269,45.74121,171.7
4.82252,45.74301,399.5
4.82235,45.74481,403.0
4.82218,45.74660,320.9
4.82201,45.74840,203.1
4.82184,45.75020,46.0
4.82167,45.75199,348.5
4.82150,45.75379,32.7
4.82132,45.75559,6.5
4.82115,45.75738,332.5
4.82098,45.75918,41.0
4.82081,45.76098,556.9
4.82064,45.76277,65.3
4.82047,45.76457,8.9
4.82030,45.76637,36.6
4.82013,45.76817,16.1
4.81996,45.76996,12.3
4.81979,45.77176,130.4
4.81961,45.77356,64.0
4.81944,45.77535,18.9
4.81927,45.77715,116.5
4.81910,45.77895,255.9
4.81893,45.78074,122.5
4.81876,45.78254,100.3
4.81859,45.78434,4.0
4.81842,45.78613,4.0
4.81825,45.78793,2.0
4.81790,45.79152,2345.0
4.81756,45.79512,81.8
4.81739,45.79692,1.6
4.81722,45.79871,1.8
4.81653,45.80590,1.5
4.81636,45.80770,3.0
4.81619,45.80949,1.5
4.81602,45.81129,1.5
4.81585,45.81309,3.0
4.81568,45.81488,13.7
4.81551,45.81668,1.5
4.81482,45.82387,7.6
4.81242,45.84902,15.4
4.80984,45.87597,1.8
4.80950,45.87957,1.8
4.80830,45.89215,9.3
4.80812,45.89394,1.6
4.83530,45.63531,3.7
4.83139,45.67665,35.7
4.83122,45.67844,4.1
4.83088,45.68204,1.6
4.83071,45.68383,71.9
4.83054,45.68563,156.2
4.83037,45.68743,273.6
4.83019,45.68922,1.6
4.82985,45.69282,106.6
4.82951,45.69641,70.1
4.82934,45.69821,1.8
4.82900,45.70180,9.6
4.82883,45.70360,11.4
4.82832,45.70899,9.0
4.82747,45.71798,53.4
4.82730,45.71977,3.4
4.82713,45.72157,141.2
4.82696,45.72337,22.8
4.82679,45.72516,51.2
4.82662,45.72696,854.3
4.82645,45.72876,127.0
4.82611,45.73235,192.1
4.82593,45.73415,6.5
4.82576,45.73595,29.3
4.82559,45.73774,171.4
4.82542,45.73954,9.9
4.82525,45.74134,7.5
4.82508,45.74313,312.7
4.82491,45.74493,285.2
4.82474,45.74673,690.6
4.82457,45.74852,1026.8
4.82440,45.75032,149.3
4.82423,45.75212,122.6
4.82406,45.75392,216.1
4.82389,45.75571,57.0
4.82372,45.75751,64.7
4.82354,45.75931,580.0
4.82337,45.76110,513.5
4.82320,45.76290,54.0
4.82286,45.76649,24.3
4.82269,45.76829,17.6
4.82252,45.77009,42.2
4.82235,45.77188,567.1
4.82218,45.77368,276.6
4.82201,45.77548,228.9
4.82184,45.77728,47.1
4.82167,45.77907,375.7
4.82149,45.78087,48.5
4.82132,45.78267,17.5
4.82115,45.78446,21.5
4.82098,45.78626,2.0
4.82081,45.78806,464.3
4.82064,45.78985,148.6
4.82047,45.79165,325.5
4.82030,45.79345,140.3
4.82013,45.79524,83.4
4.81995,45.79704,7.4
4.81961,45.80063,27.0
4.81927,45.80423,1.5
4.81893,45.80782,36.5
4.81859,45.81142,3.0
4.81841,45.81321,8.1
4.81824,45.81501,168.2
4.81807,45.81681,84.6
4.81790,45.81860,5.6
4.81773,45.82040,1.5
4.81756,45.82220,1.5
4.81670,45.83118,5.1
4.81172,45.88329,4.9
4.81087,45.89227,77.2
4.83802,45.63364,1.4
4.83785,45.63544,1.4
4.83768,45.63723,31.9
4.83734,45.64083,20.3
4.83717,45.64263,14.8
4.83700,45.64442,3.7
4.83632,45.65161,31.9
4.83496,45.66599,39.4
4.83275,45.68935,1551.2
4.83207,45.69654,41.3
4.83190,45.69833,1.8
4.83173,45.70013,6.6
4.83156,45.70193,4.8
4.83139,45.70373,6.6
4.83122,45.70552,63.5
4.83020,45.71630,6.5
4.83003,45.71810,39.6
4.82952,45.72349,90.4
4.82918,45.72709,72.3
4.82901,45.72888,62.4
4.82884,45.73068,258.4
4.82867,45.73248,19.4
4.82850,45.73427,192.5
4.82833,45.73607,157.2
4.82815,45.73787,23.7
4.82798,45.73966,10.3
4.82747,45.74506,108.4
4.82730,45.74685,1319.8
4.82713,45.74865,74.6
4.82696,45.75045,69.1
4.82679,45.75224,526.0
4.82662,45.75404,329.2
4.82645,45.75584,222.7
4.82628,45.75763,67.4
4.82611,45.75943,609.1
4.82594,45.76123,378.8
4.82577,45.76303,834.1
4.82560,45.76482,446.4
4.82542,45.76662,93.2
4.82525,45.76842,54.5
4.82508,45.77021,32.2
4.82491,45.77201,126.9
4.82474,45.77381,155.3
4.82457,45.77560,109.8
4.82440,45.77740,50.5
4.82423,45.77920,455.9
4.82406,45.78099,142.7
4.82389,45.78279,5.4
4.82372,45.78459,108.9
4.82337,45.78818,3.7
4.82320,45.78998,10.3
4.82303,45.79178,20.6
4.82252,45.79717,4.2
4.82235,45.79896,10.0
4.82201,45.80256,27.8
4.82183,45.80435,1.5
4.82149,45.80795,5.6
4.82115,45.81154,1.5
4.82081,45.81513,3.0
4.82064,45.81693,3.0
4.82012,45.82232,55.2
4.81995,45.82412,1.5
4.81927,45.83131,1.9
4.81910,45.83310,7.0
4.81824,45.84209,3.2
4.81584,45.86724,5.0
4.81446,45.88162,8.6
4.81395,45.88701,154.9
4.81378,45.88880,65.8
4.81343,45.89240,154.9
4.84041,45.63556,1.4
4.84007,45.63916,96.2
4.83990,45.64095,26.4
4.83973,45.64275,47.2
4.83956,45.64455,15.7
4.83429,45.70026,412.7
4.83412,45.70205,43.1
4.83395,45.70385,448.7
4.83276,45.71643,12.5
4.83242,45.72002,64.2
4.83225,45.72182,12.5
4.83208,45.72362,108.9
4.83174,45.72721,143.8
4.83157,45.72901,333.3
4.83140,45.73081,74.5
4.83123,45.73260,1.3
4.83106,45.73440,355.7
4.83089,45.73620,27.6
4.83072,45.73799,24.1
4.83055,45.73979,70.6
4.83020,45.74338,84.4
4.82986,45.74698,46.7
4.82969,45.74877,86.0
4.82952,45.75057,396.7
4.82935,45.75237,837.5
4.82918,45.75417,405.4
4.82901,45.75596,341.7
4.82884,45.75776,386.1
4.82867,45.75956,47.2
4.82850,45.76135,100.3
4.82833,45.76315,848.4
4.82816,45.76495,293.9
4.82799,45.76674,225.6
4.82782,45.76854,118.5
4.82765,45.77034,239.3
4.82747,45.77213,42.9
4.82730,45.77393,253.7
4.82713,45.77573,223.6
4.82696,45.77753,81.5
4.82679,45.77932,402.7
4.82662,45.78112,23.6
4.82645,45.78292,35.7
4.82628,45.78471,9.7
4.82611,45.78651,18.3
4.82577,45.79010,61.2
4.82560,45.79190,1.7
4.82543,45.79370,1.7
4.82525,45.79549,59.6
4.82491,45.79909,7.4
4.82474,45.80088,26.9
4.82457,45.80268,11.6
4.82440,45.80448,1.6
4.82423,45.80628,1.5
4.82389,45.80987,4.1
4.82372,45.81167,3.0
4.82354,45.81346,4.1
4.82320,45.81706,3.0
4.82286,45.82065,5.6
4.82235,45.82604,14.7
4.82166,45.83323,1.9
4.82149,45.83502,1.9
4.82132,45.83682,1.9
4.82115,45.83862,3.8
4.82063,45.84401,3.2
4.82046,45.84581,1.6
4.81823,45.86916,3.8
4.81669,45.88534,64.4
4.81652,45.88713,159.6
4.81635,45.88893,388.1
4.84297,45.63569,2.8
4.84280,45.63748,1.4
4.84263,45.63928,2.8
4.84246,45.64108,2.8
4.83753,45.69319,41.3
4.83719,45.69679,89.3
4.83583,45.71116,6.5
4.83532,45.71655,6.5
4.83498,45.72015,33.2
4.83481,45.72195,64.2
4.83447,45.72554,449.6
4.83430,45.72734,1542.9
4.83413,45.72913,33.2
4.83396,45.73093,166.6
4.83379,45.73273,3098.7
4.83362,45.73452,62.4
4.83345,45.73632,85.7
4.83328,45.73812,781.6
4.83311,45.73991,1013.7
4.83294,45.74171,64.2
4.83277,45.74351,7.8
4.83260,45.74531,95.6
4.83243,45.74710,131.8
4.83208,45.75070,59.7
4.83191,45.75249,396.7
4.83174,45.75429,295.0
4.83157,45.75609,542.5
4.83140,45.75788,118.6
4.83123,45.75968,314.2
4.83106,45.76148,2926.8
4.83089,45.76328,33.8
4.83072,45.76507,36.9
4.83055,45.76687,240.4
4.83038,45.76867,534.9
4.83021,45.77046,77.5
4.83004,45.77226,144.2
4.82987,45.77406,348.8
4.82970,45.77585,435.0
4.82953,45.77765,210.1
4.82936,45.77945,140.1
4.82918,45.78124,12.1
4.82901,45.78304,7.2
4.82884,45.78484,3.4
4.82850,45.78843,1.7
4.82833,45.79023,4.6
4.82816,45.79203,41.2
4.82765,45.79742,14.2
4.82748,45.79921,8.4
4.82731,45.80101,54.3
4.82713,45.80281,4.2
4.82696,45.80460,4.2
4.82679,45.80640,22.3
4.82628,45.81179,7.6
4.82611,45.81359,4.1
4.82543,45.82078,1.5
4.82491,45.82617,1.5
4.82389,45.83695,37.5
4.82080,45.86929,11.3
4.82046,45.87288,1.9
4.81943,45.88366,47.8
4.81926,45.88546,57.6
4.81909,45.88726,93.8
4.81891,45.88905,132.6
4.81874,45.89085,35.8
4.81857,45.89265,162.2
4.81840,45.89444,1.6
4.81771,45.90163,154.9
4.84518,45.63941,1.4
4.84434,45.64839,3.7
4.84349,45.65738,31.9
4.84128,45.68074,39.4
4.83788,45.71668,1.3
4.83771,45.71848,28.4
4.83703,45.72566,486.2
4.83686,45.72746,738.9
4.83669,45.72926,46.1
4.83652,45.73105,13.8
4.83635,45.73285,9.5
4.83618,45.73465,564.1
4.83601,45.73645,587.8
4.83584,45.73824,2721.0
4.83567,45.74004,987.8
4.83550,45.74184,64.2
4.83533,45.74363,214.0
4.83516,45.74543,558.5
4.83499,45.74723,433.6
4.83482,45.74902,1353.8
4.83448,45.75262,28.3
4.83431,45.75442,1410.6
4.83414,45.75621,1243.2
4.83397,45.75801,989.1
4.83379,45.75981,958.5
4.83362,45.76160,976.1
4.83345,45.76340,1354.8
4.83328,45.76520,646.4
4.83311,45.76699,627.0
4.83294,45.76879,273.8
4.83277,45.77059,208.2
4.83260,45.77238,120.0
4.83243,45.77418,364.0
4.83226,45.77598,839.0
4.83209,45.77778,445.8
4.83192,45.77957,295.6
4.83175,45.78137,4821.7
4.83158,45.78317,12.6
4.83124,45.78676,298.2
4.83107,45.78856,20.0
4.83089,45.79035,3.4
4.83072,45.79215,6.9
4.83055,45.79395,87.0
4.83038,45.79574,8.0
4.83021,45.79754,39.6
4.83004,45.79934,43.8
4.82987,45.80114,36.4
4.82953,45.80473,3.2
4.82936,45.80653,5.6
4.82867,45.81371,275.1
4.82850,45.81551,14.7
4.82833,45.81731,1.5
4.82816,45.81910,1.5
4.82679,45.83348,7.0
4.82645,45.83707,43.9
4.82628,45.83887,52.8
4.82594,45.84246,1.6
4.82577,45.84426,1.6
4.82560,45.84606,159.0
4.82354,45.86762,7.6
4.82320,45.87121,31.4
4.82286,45.87481,104.9
4.82148,45.88918,205.7
4.82131,45.89098,170.5
4.82114,45.89277,60.6
4.82097,45.89457,24.9
4.82080,45.89637,38.9
4.82063,45.89816,339.9
4.84757,45.64133,1.4
4.84554,45.66289,6.3
4.84537,45.66469,1.7
4.84265,45.69344,4.0
4.84095,45.71141,14.6
4.84078,45.71321,34.8
4.84044,45.71680,34.8
4.84027,45.71860,105.5
4.84010,45.72040,29.7
4.83993,45.72219,37.5
4.83976,45.72399,42.6
4.83959,45.72579,505.5
4.83942,45.72759,1819.3
4.83925,45.72938,118.4
4.83908,45.73118,1.3
4.83891,45.73298,47.4
4.83874,45.73477,35.3
4.83857,45.73657,65.5
4.83840,45.73837,1412.4
4.83823,45.74016,960.7
4.83806,45.74196,261.4
4.83789,45.74376,93.9
4.83772,45.74556,63.7
4.83755,45.74735,1543.3
4.83738,45.74915,3807.0
4.83721,45.75095,1797.8
4.83670,45.75634,86.0
4.83653,45.75813,1681.6
4.83636,45.75993,883.4
4.83619,45.76173,1154.1
4.83602,45.76352,2171.0
4.83585,45.76532,1520.9
4.83568,45.76712,9278.2
4.83551,45.76892,501.6
4.83533,45.77071,262.7
4.83516,45.77251,63.3
4.83499,45.77431,81.2
4.83482,45.77610,216.8
4.83465,45.77790,291.6
4.83448,45.77970,126.6
4.83431,45.78149,136.7
4.83414,45.78329,281.0
4.83397,45.78509,12.6
4.83380,45.78688,392.7
4.83363,45.78868,277.0
4.83346,45.79048,4.6
4.83329,45.79228,3.4
4.83312,45.79407,1.7
4.83295,45.79587,14.9
4.83261,45.79946,6.3
4.83243,45.80126,78.6
4.83226,45.80306,4.2
4.83175,45.80845,437.2
4.83158,45.81024,1.5
4.83141,45.81204,75.5
4.83124,45.81384,1.5
4.83090,45.81743,5.6
4.83073,45.81923,1.5
4.83038,45.82282,1.5
4.83021,45.82462,3.6
4.82902,45.83720,14.6
4.82885,45.83899,5.1
4.82868,45.84079,4.8
4.82850,45.84259,61.1
4.82833,45.84438,4.8
4.82816,45.84618,17.0
4.82799,45.84798,1.6
4.82765,45.85157,1.6
4.82696,45.85876,1.5
4.82628,45.86595,1.5
4.82525,45.87673,9.4
4.82405,45.88930,15.5
4.82388,45.89110,280.3
4.82371,45.89290,20.7
4.82354,45.89469,86.5
4.82319,45.89829,120.7
4.84928,45.65044,6.9
4.84894,45.65403,5.1
4.84877,45.65583,3.7
4.84826,45.66122,8.6
4.84809,45.66302,20.0
4.84792,45.66481,18.3
4.84776,45.66661,25.7
4.84759,45.66841,16.6
4.84742,45.67021,13.1
4.84708,45.67380,855.7
4.84657,45.67919,8.6
4.84623,45.68278,34.8
4.84606,45.68458,528.7
4.84504,45.69536,756.9
4.84419,45.70435,1.5
4.84385,45.70794,5.6
4.84351,45.71154,29.3
4.84334,45.71333,13.1
4.84249,45.72232,3398.4
4.84215,45.72591,326.8
4.84198,45.72771,1.3
4.84181,45.72951,323.8
4.84164,45.73130,12.5
4.84147,45.73310,390.1
4.84130,45.73490,161.0
4.84113,45.73670,901.3
4.84096,45.73849,105.1
4.84079,45.74029,871.5
4.84062,45.74209,291.5
4.84045,45.74388,402.2
4.84028,45.74568,369.9
4.84011,45.74748,207.6
4.83994,45.74927,215.7
4.83977,45.75107,1404.2
4.83960,45.75287,380.7
4.83943,45.75467,142.1
4.83926,45.75646,4.0
4.83892,45.76006,1.2
4.83875,45.76185,289.1
4.83858,45.76365,477.7
4.83841,45.76545,97.4
4.83824,45.76724,613.2
4.83807,45.76904,414.5
4.83790,45.77084,375.0
4.83773,45.77263,70.9
4.83756,45.77443,95.1
4.83739,45.77623,19.5
4.83722,45.77803,76.1
4.83705,45.77982,37.7
4.83688,45.78162,20.9
4.83670,45.78342,39.5
4.83653,45.78521,23.5
4.83636,45.78701,458.5
4.83619,45.78881,3.4
4.83602,45.79060,13.7
4.83585,45.79240,39.5
4.83568,45.79420,50.4
4.83534,45.79779,3.2
4.83517,45.79959,7.4
4.83500,45.80138,72.8
4.83483,45.80318,15.3
4.83466,45.80498,38.0
4.83449,45.80678,38.0
4.83432,45.80857,35.0
4.83363,45.81576,4.1
4.83295,45.82295,3.3
4.83278,45.82474,3.6
4.83244,45.82834,1.8
4.83227,45.83013,1.8
4.83158,45.83732,20.4
4.83141,45.83912,1.9
4.83090,45.84451,104.2
4.83073,45.84631,10.6
4.83056,45.84810,15.4
4.83039,45.84990,15.4
4.83022,45.85170,334.9
4.82833,45.87146,7.4
4.82816,45.87326,1.5
4.82748,45.88045,47.8
4.82662,45.88943,164.8
4.82645,45.89123,12.4
4.82628,45.89302,35.8
4.82576,45.89841,4.1
4.82525,45.90380,1.6
4.85336,45.63439,3.7
4.85048,45.66494,260.3
4.85031,45.66674,23.4
4.85014,45.66853,106.2
4.84997,45.67033,1.7
4.84981,45.67213,95.3
4.84964,45.67392,127.3
4.84879,45.68291,472.1
4.84828,45.68830,4.0
4.84726,45.69908,106.0
4.84709,45.70088,378.2
4.84692,45.70268,75.2
4.84641,45.70807,1.5
4.84607,45.71166,85.3
4.84590,45.71346,113.1
4.84573,45.71526,14.6
4.84505,45.72244,847.9
4.84488,45.72424,1368.9
4.84471,45.72604,836.7
4.84454,45.72784,484.4
4.84437,45.72963,146.0
4.84386,45.73502,3.4
4.84369,45.73682,4.7
4.84352,45.73862,18.9
4.84335,45.74041,177.4
4.84318,45.74221,1219.9
4.84301,45.74401,6.5
4.84284,45.74580,43.1
4.84267,45.74760,271.3
4.84250,45.74940,403.9
4.84233,45.75120,503.4
4.84216,45.75299,193.3
4.84199,45.75479,365.2
4.84182,45.75659,638.5
4.84165,45.75838,578.0
4.84148,45.76018,3659.1
4.84131,45.76198,159.3
4.84114,45.76377,134.2
4.84097,45.76557,251.0
4.84080,45.76737,93.8
4.84063,45.76917,41.9
4.84046,45.77096,54.2
4.84029,45.77276,21.5
4.84012,45.77456,12.1
4.83995,45.77635,58.6
4.83978,45.77815,25.6
4.83961,45.77995,49.8
4.83944,45.78174,18.1
4.83927,45.78354,17.7
4.83910,45.78534,44.6
4.83893,45.78713,324.0
4.83876,45.78893,3.4
4.83859,45.79073,20.0
4.83842,45.79253,104.7
4.83825,45.79432,26.9
4.83808,45.79612,1.7
4.83790,45.79792,4.6
4.83756,45.80151,5.8
4.83739,45.80331,4.2
4.83722,45.80510,3.2
4.83705,45.80690,1.6
4.83688,45.80870,1.5
4.83671,45.81049,3.0
4.83603,45.81768,759.4
4.83569,45.82128,19.3
4.83552,45.82307,1.8
4.83535,45.82487,1.8
4.83517,45.82667,3.6
4.83415,45.83745,8.3
4.83398,45.83924,10.0
4.83364,45.84284,88.0
4.83295,45.85003,23.4
4.83278,45.85182,29.2
4.83261,45.85362,40.4
4.83244,45.85542,18.7
4.83193,45.86081,11.6
4.83159,45.86440,3.0
4.83141,45.86620,31.3
4.83124,45.86799,1.5
4.83107,45.86979,7.1
4.83073,45.87338,1.5
4.83056,45.87518,34.9
4.82987,45.88237,10.4
4.82953,45.88596,405.8
4.82936,45.88776,67.9
4.82919,45.88955,47.7
4.82902,45.89135,7.8
4.82868,45.89495,86.5
4.82850,45.89674,1.6
4.85321,45.66327,66.8
4.85304,45.66506,26.8
4.85287,45.66686,25.1
4.85270,45.66866,4.6
4.85253,45.67045,85.1
4.85236,45.67225,130.7
4.85219,45.67405,69.1
4.85202,45.67585,495.5
4.84931,45.70460,544.8
4.84914,45.70640,331.2
4.84880,45.70999,50.5
4.84863,45.71179,127.2
4.84846,45.71358,240.9
4.84829,45.71538,158.6
4.84761,45.72257,161.9
4.84744,45.72437,59.4
4.84710,45.72796,333.7
4.84609,45.73874,390.1
4.84592,45.74054,74.5
4.84558,45.74413,59.9
4.84541,45.74593,97.7
4.84524,45.74773,425.4
4.84507,45.74952,401.3
4.84490,45.75132,388.0
4.84473,45.75312,456.4
4.84456,45.75491,610.3
4.84438,45.75671,369.9
4.84421,45.75851,914.3
4.84404,45.76031,425.2
4.84387,45.76210,3010.2
4.84370,45.76390,487.3
4.84353,45.76570,391.3
4.84336,45.76749,500.8
4.84319,45.76929,590.5
4.84302,45.77109,902.6
4.84285,45.77288,319.1
4.84268,45.77468,80.9
4.84251,45.77648,8.2
4.84217,45.78007,95.6
4.84200,45.78187,23.5
4.84183,45.78367,115.6
4.84166,45.78546,3.4
4.84149,45.78726,14.9
4.84132,45.78906,11.4
4.84115,45.79085,26.9
4.84098,45.79265,1.7
4.84081,45.79445,3.4
4.84064,45.79624,55.5
4.84030,45.79984,13.2
4.83945,45.80882,1.8
4.83928,45.81062,1.8
4.83910,45.81242,5.1
4.83893,45.81421,1.5
4.83876,45.81601,33.7
4.83859,45.81781,1.8
4.83825,45.82140,19.3
4.83774,45.82679,1.8
4.83689,45.83578,18.9
4.83672,45.83757,18.9
4.83654,45.83937,15.4
4.83637,45.84117,66.2
4.83620,45.84296,4.7
4.83552,45.85015,1.6
4.83535,45.85195,1.6
4.83518,45.85374,1.6
4.83501,45.85554,1.5
4.83484,45.85734,1.5
4.83467,45.85913,1.5
4.83449,45.86093,757.3
4.83398,45.86632,3.0
4.83364,45.86992,36.4
4.83347,45.87171,5.6
4.83313,45.87531,15.2
4.83278,45.87890,1.5
4.83261,45.88070,9.7
4.83210,45.88609,20.1
4.83176,45.88968,4.1
4.83107,45.89687,1.6
4.83056,45.90226,1.6
4.85594,45.66159,16.6
4.85577,45.66339,52.0
4.85560,45.66519,1.7
4.85543,45.66698,20.0
4.85526,45.66878,472.7
4.85492,45.67238,325.4
4.85475,45.67417,184.4
4.85458,45.67597,357.9
4.85408,45.68136,170.7
4.85323,45.69035,1.5
4.85289,45.69394,14.6
4.85272,45.69574,38.9
4.85187,45.70472,90.4
4.85170,45.70652,170.7
4.85153,45.70832,64.1
4.85136,45.71011,174.2
4.85102,45.71371,46.5
4.85085,45.71551,196.9
4.84967,45.72808,106.8
4.84882,45.73707,571.7
4.84848,45.74066,44.8
4.84831,45.74246,388.4
4.84814,45.74426,269.1
4.84797,45.74605,395.7
4.84780,45.74785,161.9
4.84763,45.74965,159.3
4.84746,45.75145,419.0
4.84729,45.75324,366.8
4.84712,45.75504,321.5
4.84695,45.75684,883.6
4.84678,45.75863,824.3
4.84661,45.76043,794.1
4.84644,45.76223,501.6
4.84627,45.76402,2285.9
4.84610,45.76582,557.3
4.84593,45.76762,483.9
4.84576,45.76941,801.3
4.84559,45.77121,344.7
4.84542,45.77301,208.5
4.84525,45.77481,318.0
4.84508,45.77660,14.0
4.84457,45.78199,5.2
4.84440,45.78379,37.2
4.84388,45.78918,3.4
4.84371,45.79098,115.6
4.84354,45.79277,16.6
4.84337,45.79457,8.6
4.84320,45.79637,894.6
4.84303,45.79817,57.8
4.84269,45.80176,3.4
4.84184,45.81074,41.6
4.84133,45.81613,25.9
4.84099,45.81973,47.0
4.84082,45.82153,19.9
4.84065,45.82332,160.8
4.84031,45.82692,1.8
4.83945,45.83590,10.0
4.83911,45.83949,1.6
4.83860,45.84488,3.5
4.83826,45.84848,3.5
4.83689,45.86285,1.5
4.83552,45.87723,1.5
4.83518,45.88082,34.6
4.83501,45.88262,12.5
4.83467,45.88621,18.0
4.83416,45.89160,1.6
4.83398,45.89340,1.6
4.83381,45.89520,1.6
4.83261,45.90777,4.1
4.85833,45.66351,8.0
4.85816,45.66531,8.0
4.85782,45.66891,1.7
4.85765,45.67070,3.4
4.85731,45.67430,13.1
4.85680,45.67969,8.6
4.85663,45.68149,78.8
4.85646,45.68328,12.0
4.85596,45.68867,36.4
4.85579,45.69047,11.1
4.85562,45.69227,1.5
4.85545,45.69407,14.6
4.85528,45.69586,154.0
4.85511,45.69766,75.2
4.85443,45.70485,36.4
4.85426,45.70664,15.7
4.85409,45.70844,1057.4
4.85392,45.71024,62.1
4.85375,45.71204,15.1
4.85358,45.71383,33.3
4.85341,45.71563,79.3
4.85324,45.71743,342.2
4.85307,45.71922,186.9
4.85257,45.72461,1037.1
4.85223,45.72821,63.1
4.85206,45.73001,88.6
4.85172,45.73360,27.3
4.85155,45.73540,6.7
4.85138,45.73719,103.8
4.85121,45.73899,9.3
4.85104,45.74079,192.9
4.85087,45.74258,130.0
4.85070,45.74438,34.9
4.85053,45.74618,97.7
4.85036,45.74798,89.1
4.85019,45.74977,126.6
4.85002,45.75157,132.6
4.84985,45.75337,114.2
4.84968,45.75516,484.5
4.84951,45.75696,278.0
4.84934,45.75876,394.6
4.84917,45.76055,2502.6
4.84900,45.76235,1566.2
4.84883,45.76415,1142.8
4.84866,45.76595,355.8
4.84849,45.76774,1463.4
4.84832,45.76954,553.8
4.84815,45.77134,401.2
4.84798,45.77313,484.5
4.84781,45.77493,94.3
4.84713,45.78212,16.9
4.84696,45.78391,17.2
4.84679,45.78571,66.4
4.84645,45.78931,13.7
4.84611,45.79290,46.9
4.84594,45.79470,3.4
4.84577,45.79649,8.0
4.84560,45.79829,148.2
4.84543,45.80009,8.6
4.84526,45.80188,1.7
4.84475,45.80727,171.1
4.84458,45.80907,3.4
4.84389,45.81626,43.4
4.84372,45.81806,6.6
4.84321,45.82345,1.8
4.84304,45.82524,1.8
4.84202,45.83602,6.6
4.84185,45.83782,3.3
4.84151,45.84142,1.8
4.84099,45.84681,1.8
4.84082,45.84860,1.8
4.84065,45.85040,1.8
4.84031,45.85399,20.7
4.84014,45.85579,16.0
4.83895,45.86837,12.7
4.83878,45.87016,5.5
4.83860,45.87196,4.2
4.83843,45.87376,79.6
4.83826,45.87556,174.5
4.83809,45.87735,130.9
4.83792,45.87915,52.6
4.83775,45.88095,2.1
4.83758,45.88274,2.1
4.83741,45.88454,10.4
4.83638,45.89532,1.6
4.83621,45.89712,16.1
4.83604,45.89891,1.6
4.83587,45.90071,1.6
4.83570,45.90251,1.6
4.86072,45.66544,1.7
4.86021,45.67083,12.6
4.86004,45.67262,1.7
4.85987,45.67442,63.4
4.85970,45.67622,1.7
4.85953,45.67802,1.7
4.85936,45.67981,4.6
4.85919,45.68161,16.6
4.85902,45.68341,1.7
4.85852,45.68880,5.6
4.85835,45.69060,1.5
4.85818,45.69239,4.5
4.85801,45.69419,9.6
4.85784,45.69599,13.1
4.85767,45.69778,4.4
4.85750,45.69958,2.7
4.85733,45.70138,1.5
4.85716,45.70317,7.1
4.85699,45.70497,4.5
4.85682,45.70677,145.9
4.85665,45.70857,47.5
4.85648,45.71036,169.7
4.85631,45.71216,8.6
4.85614,45.71396,14.6
4.85597,45.71575,179.3
4.85581,45.71755,23.8
4.85564,45.71935,14.2
4.85547,45.72115,2.7
4.85530,45.72294,8.2
4.85513,45.72474,1.4
4.85496,45.72654,63.5
4.85479,45.72833,24.0
4.85462,45.73013,60.3
4.85445,45.73193,12.7
4.85428,45.73372,32.2
4.85411,45.73552,162.0
4.85394,45.73732,34.6
4.85377,45.73912,3.4
4.85360,45.74091,118.4
4.85343,45.74271,6.0
4.85309,45.74630,1.3
4.85292,45.74810,222.6
4.85275,45.74990,166.2
4.85258,45.75169,430.4
4.85241,45.75349,1172.6
4.85224,45.75529,180.9
4.85207,45.75709,528.3
4.85190,45.75888,1703.4
4.85173,45.76068,303.6
4.85156,45.76248,758.0
4.85139,45.76427,3421.4
4.85122,45.76607,449.6
4.85105,45.76787,344.2
4.85088,45.76966,952.7
4.85071,45.77146,479.8
4.85054,45.77326,582.3
4.85037,45.77505,12.2
4.84969,45.78224,874.7
4.84952,45.78404,884.6
4.84935,45.78584,14.3
4.84867,45.79302,3.4
4.84850,45.79482,6.3
4.84816,45.79841,45.2
4.84799,45.80021,159.1
4.84782,45.80201,48.1
4.84765,45.80381,1.7
4.84748,45.80560,8.0
4.84663,45.81459,89.7
4.84646,45.81638,31.3
4.84629,45.81818,9.0
4.84612,45.81998,1.8
4.84595,45.82177,8.4
4.84544,45.82717,1.8
4.84510,45.83076,17.5
4.84493,45.83256,1.7
4.84476,45.83435,122.2
4.84458,45.83615,85.7
4.84407,45.84154,1.8
4.84373,45.84513,1.8
4.84288,45.85412,42.8
4.84271,45.85591,9.4
4.84237,45.85951,46.1
4.84220,45.86131,2.0
4.84134,45.87029,291.5
4.84117,45.87209,40.9
4.84100,45.87388,36.0
4.84083,45.87568,173.1
4.84066,45.87748,592.8
4.84049,45.87927,7.6
4.84032,45.88107,2.1
4.84015,45.88287,6.2
4.83998,45.88466,18.0
4.83912,45.89365,1.6
4.83878,45.89724,64.3
4.83861,45.89904,15.0
4.83844,45.90084,3.1
4.86344,45.66376,4.6
4.86327,45.66556,4.6
4.86310,45.66736,18.3
4.86294,45.66915,39.4
4.86277,45.67095,85.1
4.86260,45.67275,6.3
4.86226,45.67634,11.4
4.86192,45.67994,4.6
4.86158,45.68353,4.6
4.86124,45.68713,39.4
4.86107,45.68892,1.4
4.86091,45.69072,71.2
4.86074,45.69252,42.2
4.86057,45.69431,3.7
4.86040,45.69611,3.7
4.86023,45.69791,5.0
4.86006,45.69970,18.3
4.85989,45.70150,21.7
4.85955,45.70510,4.0
4.85938,45.70689,28.3
4.85921,45.70869,43.4
4.85904,45.71049,79.3
4.85887,45.71228,75.2
4.85854,45.71588,48.4
4.85837,45.71768,173.1
4.85820,45.71947,119.7
4.85803,45.72127,7.8
4.85786,45.72307,37.9
4.85769,45.72486,16.4
4.85752,45.72666,31.5
4.85735,45.72846,163.1
4.85718,45.73025,87.0
4.85701,45.73205,9.1
4.85684,45.73385,27.9
4.85667,45.73565,15.2
4.85616,45.74104,91.2
4.85599,45.74283,3.4
4.85565,45.74643,43.5
4.85548,45.74822,153.7
4.85531,45.75002,171.4
4.85514,45.75182,680.3
4.85497,45.75362,428.2
4.85480,45.75541,565.5
4.85463,45.75721,7608.7
4.85446,45.75901,386.5
4.85429,45.76080,2181.9
4.85413,45.76260,2949.9
4.85396,45.76440,1298.3
4.85379,45.76619,239.9
4.85362,45.76799,175.3
4.85345,45.76979,387.3
4.85328,45.77159,145.0
4.85311,45.77338,61.1
4.85243,45.78057,21.5
4.85209,45.78416,378.5
4.85175,45.78776,24.6
4.85158,45.78955,95.6
4.85124,45.79315,41.8
4.85107,45.79495,8.6
4.85090,45.79674,90.4
4.85073,45.79854,129.9
4.85056,45.80034,14.3
4.85039,45.80213,58.4
4.85022,45.80393,3.4
4.85005,45.80573,3.4
4.84953,45.81112,5.2
4.84902,45.81651,21.1
4.84868,45.82010,9.0
4.84834,45.82370,24.1
4.84817,45.82549,19.3
4.84800,45.82729,1.8
4.84783,45.82909,17.5
4.84766,45.83088,6.6
4.84749,45.83268,31.0
4.84732,45.83448,191.4
4.84715,45.83627,51.4
4.84698,45.83807,18.8
4.84681,45.83987,58.9
4.84630,45.84526,1.6
4.84510,45.85784,2.0
4.84493,45.85963,7.3
4.84476,45.86143,32.1
4.84459,45.86323,36.7
4.84425,45.86682,7.5
4.84408,45.86862,10.4
4.84374,45.87221,2.1
4.84357,45.87401,22.2
4.84340,45.87580,64.4
4.84323,45.87760,33.2
4.84306,45.87940,2.1
4.84289,45.88120,5.5
4.84254,45.88479,2.1
4.84135,45.89737,118.7
4.84118,45.89916,10.9
4.84101,45.90096,5.7
4.86566,45.66748,5.1
4.86549,45.66928,6.3
4.86482,45.67647,4.6
4.86448,45.68006,5.1
4.86431,45.68186,124.5
4.86363,45.68905,678.0
4.86347,45.69084,3.7
4.86330,45.69264,16.0
4.86313,45.69444,21.5
4.86296,45.69624,2.7
4.86279,45.69803,2.7
4.86262,45.69983,344.9
4.86245,45.70163,11.3
4.86228,45.70342,5.6
4.86211,45.70522,106.5
4.86177,45.70881,38.4
4.86160,45.71061,50.0
4.86143,45.71241,142.9
4.86110,45.71600,1158.1
4.86076,45.71960,1446.4
4.86042,45.72319,1.4
4.86008,45.72678,2.7
4.85991,45.72858,39.9
4.85974,45.73038,81.3
4.85957,45.73218,69.2
4.85923,45.73577,186.3
4.85906,45.73757,61.9
4.85889,45.73936,63.1
4.85872,45.74116,84.4
4.85855,45.74296,90.4
4.85838,45.74475,3.4
4.85821,45.74655,93.9
4.85805,45.74835,213.2
4.85788,45.75015,430.2
4.85771,45.75194,64.8
4.85754,45.75374,629.3
4.85737,45.75554,200.0
4.85720,45.75733,537.3
4.85703,45.75913,5729.4
4.85686,45.76093,1465.6
4.85669,45.76272,1915.0
4.85652,45.76452,520.0
4.85635,45.76632,599.8
4.85618,45.76812,506.6
4.85601,45.76991,513.0
4.85584,45.77171,443.2
4.85465,45.78429,1676.0
4.85448,45.78609,436.2
4.85431,45.78788,26.3
4.85414,45.78968,16.6
4.85397,45.79148,16.6
4.85380,45.79327,5.2
4.85363,45.79507,1.7
4.85346,45.79687,99.0
4.85329,45.79866,27.5
4.85312,45.80046,45.8
4.85278,45.80405,28.6
4.85261,45.80585,14.9
4.85244,45.80765,87.0
4.85227,45.80945,16.6
4.85210,45.81124,3.4
4.85142,45.81843,19.3
4.85125,45.82023,1.8
4.85091,45.82382,136.1
4.85074,45.82562,18.1
4.85057,45.82741,180.1
4.85040,45.82921,4.8
4.85023,45.83101,18.3
4.85006,45.83281,48.1
4.84989,45.83460,3.3
4.84921,45.84179,36.0
4.84904,45.84359,1.6
4.84887,45.84538,1.6
4.84750,45.85976,4.0
4.84716,45.86335,4.0
4.84665,45.86874,108.7
4.84648,45.87054,2.1
4.84631,45.87234,467.4
4.84597,45.87593,2.1
4.84580,45.87773,110.8
4.84562,45.87952,4.2
4.84511,45.88491,2.1
4.84392,45.89749,1.6
4.84340,45.90288,1.6
4.86822,45.66761,1.7
4.86755,45.67479,1.7
4.86721,45.67839,21.1
4.86704,45.68019,6.3
4.86619,45.68917,134.3
4.86602,45.69097,137.5
4.86586,45.69277,23.3
4.86552,45.69636,39.7
4.86535,45.69816,70.8
4.86518,45.69995,7.8
4.86467,45.70534,18.2
4.86450,45.70714,44.0
4.86433,45.70894,200.4
4.86416,45.71074,31.5
4.86399,45.71253,283.0
4.86383,45.71433,1.4
4.86366,45.71613,31.5
4.86349,45.71792,164.0
4.86332,45.71972,6.9
4.86298,45.72332,98.2
4.86281,45.72511,35.2
4.86264,45.72691,168.7
4.86247,45.72871,12.3
4.86230,45.73050,10.3
4.86213,45.73230,94.1
4.86196,45.73410,100.1
4.86179,45.73589,181.5
4.86162,45.73769,7.3
4.86145,45.73949,101.3
4.86129,45.74129,129.3
4.86112,45.74308,9.1
4.86095,45.74488,198.4
4.86078,45.74668,2102.8
4.86061,45.74847,71.0
4.86044,45.75027,3.0
4.86027,45.75207,444.8
4.86010,45.75386,4906.1
4.85993,45.75566,1014.3
4.85976,45.75746,1285.7
4.85959,45.75926,84.4
4.85942,45.76105,914.8
4.85925,45.76285,4455.8
4.85908,45.76465,644.1
4.85891,45.76644,1776.7
4.85874,45.76824,596.3
4.85857,45.77004,695.3
4.85840,45.77183,648.5
4.85823,45.77363,454.1
4.85806,45.77543,182.5
4.85721,45.78441,103.7
4.85704,45.78621,86.8
4.85670,45.78980,124.2
4.85653,45.79160,1.7
4.85636,45.79340,1.7
4.85602,45.79699,54.4
4.85568,45.80059,91.6
4.85551,45.80238,1.7
4.85500,45.80777,101.9
4.85449,45.81316,3.4
4.85330,45.82574,3.6
4.85279,45.83113,94.6
4.85262,45.83293,84.6
4.85194,45.84012,8.3
4.85160,45.84371,4.2
4.85126,45.84730,1.6
4.84888,45.87246,1.6
4.84853,45.87605,10.4
4.84836,45.87785,2.1
4.84802,45.88144,209.1
4.84785,45.88324,12.5
4.84632,45.89941,1.6
4.87010,45.67492,1.7
4.86994,45.67672,3.4
4.86926,45.68390,1.7
4.86875,45.68929,138.0
4.86858,45.69109,13.2
4.86825,45.69469,13.2
4.86808,45.69648,5.0
4.86791,45.69828,36.5
4.86774,45.70008,5.0
4.86757,45.70187,14.6
4.86740,45.70367,1.4
4.86706,45.70727,118.8
4.86689,45.70906,294.7
4.86672,45.71086,91.4
4.86655,45.71266,93.2
4.86605,45.71805,68.1
4.86588,45.71985,48.4
4.86554,45.72344,74.0
4.86537,45.72524,21.5
4.86520,45.72703,84.4
4.86503,45.72883,35.8
4.86486,45.73063,111.7
4.86469,45.73242,188.1
4.86452,45.73422,92.9
4.86435,45.73602,216.0
4.86419,45.73782,76.5
4.86402,45.73961,96.5
4.86385,45.74141,18.2
4.86368,45.74321,208.8
4.86351,45.74500,243.4
4.86334,45.74680,452.7
4.86317,45.74860,709.8
4.86300,45.75039,150.3
4.86283,45.75219,9.5
4.86266,45.75399,2066.3
4.86249,45.75579,389.5
4.86232,45.75758,2520.2
4.86215,45.75938,390.5
4.86198,45.76118,2218.6
4.86181,45.76297,1629.0
4.86164,45.76477,2077.8
4.86147,45.76657,894.5
4.86130,45.76836,2254.2
4.86113,45.77016,1252.7
4.86097,45.77196,1530.8
4.86080,45.77376,160.0
4.86063,45.77555,1808.9
4.86046,45.77735,995.2
4.86029,45.77915,1653.9
4.86012,45.78094,4.0
4.85961,45.78633,323.8
4.85927,45.78993,491.7
4.85910,45.79172,174.6
4.85893,45.79352,1.7
4.85876,45.79532,45.8
4.85859,45.79712,3.4
4.85842,45.79891,8.6
4.85808,45.80251,14.9
4.85791,45.80430,1026.3
4.85774,45.80610,191.2
4.85757,45.80790,45.8
4.85740,45.80969,48.1
4.85723,45.81149,3.4
4.85689,45.81508,1.7
4.85553,45.82946,39.8
4.85536,45.83126,85.7
4.85519,45.83305,22.7
4.85485,45.83665,4.4
4.85434,45.84204,40.1
4.85417,45.84384,132.4
4.85400,45.84563,28.1
4.85383,45.84743,1.6
4.85264,45.86001,46.1
4.85127,45.87438,4.3
4.85110,45.87618,4.3
4.85042,45.88337,49.9
4.85008,45.88696,2.1
4.84906,45.89774,1.6
4.87148,45.68762,749.7
4.87114,45.69122,6.4
4.87097,45.69301,139.3
4.87081,45.69481,49.3
4.87064,45.69661,56.6
4.87047,45.69840,1.4
4.87030,45.70020,143.0
4.87013,45.70200,60.8
4.86996,45.70380,13.2
4.86979,45.70559,1.4
4.86962,45.70739,180.9
4.86945,45.70919,157.6
4.86928,45.71098,3.7
4.86861,45.71817,35.2
4.86844,45.71997,277.3
4.86827,45.72177,44.8
4.86793,45.72536,3.7
4.86776,45.72716,25.5
4.86759,45.72895,152.3
4.86742,45.73075,115.3
4.86725,45.73255,31.6
4.86709,45.73435,14.0
4.86692,45.73614,63.1
4.86675,45.73794,714.9
4.86658,45.73974,2852.3
4.86641,45.74153,940.0
4.86624,45.74333,67.4
4.86607,45.74513,526.2
4.86590,45.74692,624.1
4.86573,45.74872,613.7
4.86556,45.75052,108.6
4.86539,45.75232,38.2
4.86522,45.75411,76.9
4.86505,45.75591,53.8
4.86488,45.75771,305.1
4.86471,45.75950,2315.1
4.86455,45.76130,1839.1
4.86438,45.76310,249.6
4.86421,45.76489,284.8
4.86404,45.76669,120.5
4.86387,45.76849,191.0
4.86370,45.77029,833.7
4.86353,45.77208,498.6
4.86336,45.77388,31.5
4.86319,45.77568,119.0
4.86302,45.77747,15.0
4.86285,45.77927,157.0
4.86234,45.78466,7.5
4.86166,45.79185,29.8
4.86149,45.79365,10.3
4.86132,45.79544,1.7
4.86098,45.79904,1.7
4.86081,45.80083,54.4
4.86064,45.80263,3.4
4.86047,45.80443,61.8
4.85979,45.81162,1.7
4.85962,45.81341,8.6
4.85861,45.82419,28.8
4.85776,45.83318,60.3
4.85673,45.84396,7.8
4.85656,45.84576,19.3
4.85622,45.84935,12.0
4.85605,45.85115,7.8
4.85333,45.87990,8.1
4.85316,45.88169,4.3
4.85282,45.88529,2.1
4.85248,45.88888,2.1
4.87404,45.68775,1.4
4.87370,45.69134,51.6
4.87353,45.69314,2.7
4.87336,45.69493,78.6
4.87320,45.69673,25.1
4.87303,45.69853,26.5
4.87286,45.70033,2.7
4.87269,45.70212,1.4
4.87252,45.70392,63.0
4.87235,45.70572,248.1
4.87218,45.70751,33.8
4.87151,45.71470,100.0
4.87134,45.71650,244.4
4.87117,45.71830,36.5
4.87100,45.72009,44.8
4.87083,45.72189,5.0
4.87066,45.72369,15.5
4.87049,45.72548,112.3
4.87032,45.72728,1.8
4.87015,45.72908,19.4
4.86999,45.73088,3.6
4.86965,45.73447,493.4
4.86948,45.73627,368.4
4.86931,45.73806,60.1
4.86914,45.73986,1.8
4.86897,45.74166,38.8
4.86880,45.74345,259.1
4.86863,45.74525,269.4
4.86846,45.74705,980.7
4.86829,45.74885,9.5
4.86812,45.75064,87.5
4.86795,45.75244,59.8
4.86779,45.75424,239.8
4.86762,45.75603,188.0
4.86745,45.75783,76.9
4.86728,45.75963,348.8
4.86711,45.76142,114.6
4.86694,45.76322,188.0
4.86677,45.76502,232.9
4.86660,45.76682,161.1
4.86643,45.76861,315.3
4.86626,45.77041,532.6
4.86609,45.77221,105.5
4.86592,45.77400,111.5
4.86575,45.77580,76.0
4.86558,45.77760,14.5
4.86541,45.77939,1773.4
4.86440,45.79018,1192.3
4.86423,45.79197,21.2
4.86372,45.79736,3.4
4.86338,45.80096,8.6
4.86304,45.80455,41.8
4.86219,45.81354,15.5
4.86202,45.81533,1.7
4.86185,45.81713,42.6
4.86151,45.82072,8.3
4.86134,45.82252,8.8
4.86117,45.82432,3.3
4.86083,45.82791,4.4
4.86066,45.82971,6.1
4.86049,45.83151,1.7
4.85964,45.84049,1.6
4.85862,45.85127,3.1
4.85607,45.87822,1.6
4.85573,45.88182,1.6
4.87643,45.68967,58.5
4.87626,45.69146,157.6
4.87609,45.69326,1.4
4.87576,45.69686,36.5
4.87559,45.69865,50.3
4.87542,45.70045,1.4
4.87525,45.70225,2.7
4.87508,45.70404,46.6
4.87491,45.70584,138.0
4.87474,45.70764,204.2
4.87457,45.70943,13.2
4.87440,45.71123,167.2
4.87424,45.71303,424.4
4.87407,45.71483,146.2
4.87356,45.72022,236.2
4.87339,45.72201,477.4
4.87322,45.72381,115.4
4.87305,45.72561,38.2
4.87255,45.73100,291.3
4.87238,45.73280,119.6
4.87221,45.73459,120.8
4.87204,45.73639,33.4
4.87187,45.73819,43.7
4.87170,45.73998,17.6
4.87153,45.74178,177.8
4.87136,45.74358,1306.6
4.87119,45.74538,302.0
4.87102,45.74717,139.7
4.87086,45.74897,19.1
4.87069,45.75077,295.5
4.87052,45.75256,104.5
4.87035,45.75436,132.2
4.87018,45.75616,75.9
4.87001,45.75795,124.1
4.86984,45.75975,13.1
4.86967,45.76155,548.9
4.86950,45.76335,118.9
4.86933,45.76514,225.9
4.86916,45.76694,64.5
4.86899,45.76874,273.6
4.86882,45.77053,306.6
4.86865,45.77233,81.0
4.86849,45.77413,226.6
4.86832,45.77592,276.6
4.86815,45.77772,103.0
4.86798,45.77952,306.6
4.86781,45.78132,485.6
4.86696,45.79030,1466.4
4.86679,45.79210,6.3
4.86628,45.79749,203.2
4.86594,45.80108,3.4
4.86560,45.80468,63.0
4.86526,45.80827,4.6
4.86509,45.81007,39.5
4.86475,45.81366,124.8
4.86459,45.81546,12.2
4.86442,45.81725,38.2
4.86425,45.81905,5.9
4.86408,45.82085,17.7
4.86391,45.82265,26.0
4.86357,45.82624,16.0
4.86323,45.82983,4.4
4.86289,45.83343,33.7
4.86204,45.84241,1.6
4.86187,45.84421,1.6
4.86170,45.84601,2.0
4.86136,45.84960,2.0
4.86119,45.85140,2.0
4.85915,45.87296,4.3
4.85881,45.87655,1.6
4.85864,45.87835,80.7
4.85847,45.88015,1.6
4.85813,45.88374,1.6
4.87882,45.69159,31.5
4.87848,45.69518,2.7
4.87832,45.69698,6.4
4.87815,45.69878,35.6
4.87798,45.70057,6.9
4.87764,45.70417,11.9
4.87747,45.70596,71.7
4.87730,45.70776,523.1
4.87697,45.71136,101.4
4.87680,45.71315,160.8
4.87646,45.71675,855.2
4.87578,45.72394,50.5
4.87561,45.72573,220.9
4.87545,45.72753,173.0
4.87528,45.72933,78.9
4.87511,45.73112,45.5
4.87494,45.73292,49.2
4.87477,45.73472,2174.4
4.87460,45.73651,159.6
4.87443,45.73831,27.9
4.87426,45.74011,76.5
4.87409,45.74191,199.7
4.87392,45.74370,410.6
4.87376,45.74550,48.6
4.87359,45.74730,36.2
4.87342,45.74909,24.6
4.87325,45.75089,12.1
4.87308,45.75269,35.7
4.87291,45.75448,70.4
4.87274,45.75628,169.9
4.87257,45.75808,388.0
4.87240,45.75988,132.7
4.87223,45.76167,96.1
4.87206,45.76347,182.5
4.87189,45.76527,201.0
4.87173,45.76706,20.5
4.87156,45.76886,107.5
4.87139,45.77066,36.0
4.87122,45.77245,236.1
4.87105,45.77425,119.5
4.87088,45.77605,412.1
4.87071,45.77785,1157.3
4.87020,45.78324,171.0
4.87003,45.78503,149.5
4.86902,45.79582,6.9
4.86885,45.79761,4.6
4.86868,45.79941,21.8
4.86851,45.80121,9.7
4.86817,45.80480,475.1
4.86800,45.80660,95.0
4.86749,45.81199,3.3
4.86732,45.81379,1.7
4.86647,45.82277,11.2
4.86630,45.82457,183.3
4.86613,45.82636,4.2
4.86443,45.84433,2.0
4.86426,45.84613,1.6
4.86358,45.85332,2.0
4.86103,45.88027,3.3
4.86086,45.88207,6.0
4.85916,45.90004,1.6
4.88155,45.68991,15.1
4.88121,45.69351,48.4
4.88104,45.69531,149.8
4.88071,45.69890,68.5
4.88054,45.70070,58.5
4.88037,45.70249,47.1
4.88020,45.70429,75.4
4.88003,45.70609,95.5
4.87986,45.70789,31.5
4.87969,45.70968,136.6
4.87936,45.71328,64.4
4.87919,45.71507,31.5
4.87902,45.71687,237.1
4.87885,45.71867,167.7
4.87868,45.72046,68.1
4.87851,45.72226,9.1
4.87834,45.72406,1.8
4.87818,45.72586,43.7
4.87801,45.72765,195.4
4.87784,45.72945,15.2
4.87767,45.73125,64.9
4.87750,45.73304,758.6
4.87733,45.73484,162.6
4.87716,45.73664,109.2
4.87699,45.73844,3.6
4.87682,45.74023,189.9
4.87666,45.74203,344.7
4.87649,45.74383,111.6
4.87632,45.74562,310.1
4.87615,45.74742,49.3
4.87598,45.74922,348.8
4.87581,45.75101,39.2
4.87564,45.75281,14.6
4.87547,45.75461,67.8
4.87530,45.75641,84.4
4.87513,45.75820,19.1
4.87496,45.76000,56.0
4.87480,45.76180,96.5
4.87463,45.76359,179.5
4.87446,45.76539,59.0
4.87429,45.76719,437.1
4.87412,45.76898,184.0
4.87395,45.77078,234.1
4.87378,45.77258,634.1
4.87361,45.77438,96.5
4.87344,45.77617,17.0
4.87327,45.77797,121.0
4.87310,45.77977,90.5
4.87175,45.79414,3.4
4.87124,45.79953,9.7
4.87107,45.80133,5.2
4.87073,45.80492,555.8
4.87056,45.80672,14.9
4.87039,45.80852,23.5
4.86989,45.81391,8.9
4.86972,45.81571,212.8
4.86938,45.81930,30.8
4.86887,45.82469,22.4
4.86853,45.82828,4.2
4.86836,45.83008,4.2
4.86819,45.83188,32.8
4.86683,45.84625,2.0
4.86649,45.84985,5.4
4.86615,45.85344,2.0
4.86394,45.87680,3.3
4.86360,45.88039,9.2
4.86343,45.88219,3.3
4.88394,45.69184,232.1
4.88360,45.69543,30.6
4.88343,45.69723,13.2
4.88327,45.69902,70.4
4.88310,45.70082,120.6
4.88293,45.70262,38.8
4.88276,45.70441,18.3
4.88259,45.70621,4.1
4.88242,45.70801,197.8
4.88225,45.70981,64.4
4.88209,45.71160,524.9
4.88175,45.71520,151.2
4.88158,45.71699,298.8
4.88141,45.71879,373.7
4.88107,45.72239,10.3
4.88074,45.72598,30.3
4.88057,45.72778,1.8
4.88040,45.72957,7.3
4.88023,45.73137,134.1
4.88006,45.73317,27.9
4.87972,45.73676,552.3
4.87955,45.73856,18.8
4.87939,45.74036,45.5
4.87922,45.74215,6076.0
4.87905,45.74395,3675.1
4.87888,45.74575,4.5
4.87871,45.74754,7.5
4.87854,45.74934,14.6
4.87837,45.75114,22.6
4.87820,45.75294,819.3
4.87803,45.75473,27.1
4.87787,45.75653,148.0
4.87770,45.75833,9.0
4.87753,45.76012,66.0
4.87736,45.76192,115.0
4.87719,45.76372,169.5
4.87702,45.76551,208.5
4.87685,45.76731,59.5
4.87668,45.76911,73.0
4.87651,45.77091,270.6
4.87634,45.77270,88.5
4.87617,45.77450,34.5
4.87601,45.77630,430.6
4.87584,45.77809,3.0
4.87567,45.77989,4578.0
4.87550,45.78169,34.5
4.87516,45.78528,157.0
4.87414,45.79606,6.3
4.87347,45.80325,1.7
4.87330,45.80505,124.8
4.87313,45.80685,255.8
4.87296,45.80864,96.0
4.87245,45.81403,8.6
4.87228,45.81583,534.1
4.87211,45.81763,80.4
4.87194,45.81942,65.7
4.87177,45.82122,19.6
4.87160,45.82302,65.7
4.87143,45.82481,8.4
4.87126,45.82661,44.8
4.87109,45.82841,16.8
4.87092,45.83021,28.1
4.86974,45.84278,12.8
4.86957,45.84458,2.0
4.86906,45.84997,4.0
4.86855,45.85536,2.0
4.86600,45.88232,1.6
4.88599,45.69735,3229.0
4.88583,45.69915,120.6
4.88566,45.70094,126.1
4.88549,45.70274,109.6
4.88515,45.70634,34.3
4.88498,45.70813,3.7
4.88481,45.70993,6.4
4.88465,45.71173,29.2
4.88414,45.71712,11.9
4.88363,45.72251,19.4
4.88347,45.72431,109.8
4.88330,45.72610,1.8
4.88313,45.72790,61.3
4.88296,45.72970,111.1
4.88279,45.73149,41.3
4.88262,45.73329,55.8
4.88245,45.73509,46.1
4.88228,45.73689,1.8
4.88212,45.73868,17.6
4.88195,45.74048,68.0
4.88178,45.74228,15.8
4.88144,45.74587,3.0
4.88127,45.74767,96.5
4.88110,45.74947,16.1
4.88093,45.75126,28.1
4.88077,45.75306,5.5
4.88060,45.75486,45.7
4.88043,45.75665,42.0
4.88026,45.75845,9.0
4.88009,45.76025,35.0
4.87992,45.76204,86.0
4.87975,45.76384,249.6
4.87958,45.76564,3789.8
4.87941,45.76744,491.1
4.87925,45.76923,428.1
4.87908,45.77103,6.0
4.87891,45.77283,13.5
4.87874,45.77462,1.5
4.87840,45.77822,60.5
4.87823,45.78001,55.5
4.87806,45.78181,1564.9
4.87671,45.79619,1.7
4.87654,45.79798,3.4
4.87637,45.79978,13.1
4.87620,45.80158,3.3
4.87603,45.80338,1.7
4.87586,45.80517,6.3
4.87552,45.80877,39.4
4.87535,45.81056,239.5
4.87485,45.81595,141.3
4.87468,45.81775,198.0
4.87451,45.81955,25.2
4.87434,45.82134,8.4
4.87417,45.82314,158.1
4.87400,45.82494,202.8
4.87383,45.82674,4.2
4.87332,45.83213,20.8
4.87315,45.83392,2.0
4.87281,45.83752,2.0
4.87179,45.84830,2.0
4.87146,45.85189,81.6
4.87129,45.85369,2.0
4.87112,45.85549,8.1
4.87095,45.85728,118.1
4.86874,45.88064,4.3
4.86857,45.88244,8.1
4.88923,45.69029,5.0
4.88906,45.69208,69.4
4.88889,45.69388,51.6
4.88855,45.69747,26.0
4.88839,45.69927,83.1
4.88822,45.70107,28.3
4.88788,45.70466,31.5
4.88771,45.70646,1.4
4.88754,45.70826,20.6
4.88737,45.71005,1.4
4.88721,45.71185,2.7
4.88704,45.71365,8.7
4.88687,45.71544,49.3
4.88670,45.71724,32.9
4.88603,45.72443,8.5
4.88586,45.72623,45.5
4.88569,45.72802,104.4
4.88552,45.72982,102.6
4.88535,45.73162,15.8
4.88518,45.73342,90.4
4.88485,45.73701,169.3
4.88468,45.73881,24.3
4.88451,45.74060,662.7
4.88400,45.74599,4.5
4.88383,45.74779,8.5
4.88367,45.74959,45.2
4.88350,45.75139,1.5
4.88333,45.75318,16.1
4.88316,45.75498,26.5
4.88299,45.75678,89.0
4.88282,45.75857,93.5
4.88265,45.76037,78.0
4.88248,45.76217,82.0
4.88231,45.76397,548.1
4.88215,45.76576,35.5
4.88198,45.76756,46.0
4.88181,45.76936,189.0
4.88164,45.77115,671.7
4.88147,45.77295,45.0
4.88130,45.77475,24.5
4.88113,45.77654,87.5
4.88096,45.77834,7.0
4.88079,45.78014,76.0
4.88063,45.78194,210.5
4.88046,45.78373,570.1
4.88029,45.78553,174.5
4.88012,45.78733,389.6
4.87910,45.79811,3.2
4.87877,45.80170,3.2
4.87843,45.80530,5.9
4.87826,45.80709,242.2
4.87809,45.80889,144.6
4.87792,45.81069,83.1
4.87775,45.81248,8.1
4.87758,45.81428,67.4
4.87741,45.81608,504.4
4.87724,45.81787,17.3
4.87707,45.81967,178.6
4.87690,45.82147,66.2
4.87673,45.82327,85.3
4.87656,45.82506,422.5
4.87640,45.82686,4.2
4.87589,45.83225,7.2
4.87555,45.83584,2.0
4.87538,45.83764,5.9
4.87487,45.84303,2.0
4.87402,45.85202,14.2
4.87131,45.88077,1.6
4.87114,45.88256,50.4
4.89448,45.66165,1.4
4.89431,45.66345,24.0
4.89414,45.66525,5.0
4.89397,45.66705,4.1
4.89380,45.66884,1.4
4.89229,45.68502,15.1
4.89212,45.68681,3.7
4.89195,45.68861,63.0
4.89162,45.69221,13.2
4.89145,45.69400,10.1
4.89128,45.69580,1.4
4.89111,45.69760,68.1
4.89095,45.69939,46.1
4.89078,45.70119,13.7
4.89044,45.70479,342.2
4.88994,45.71018,693.0
4.88977,45.71197,1614.5
4.88960,45.71377,20.6
4.88943,45.71557,32.9
4.88926,45.71737,25.1
4.88909,45.71916,2.7
4.88892,45.72096,32.9
4.88876,45.72276,26.5
4.88859,45.72455,4.1
4.88842,45.72635,151.4
4.88825,45.72815,1.3
4.88808,45.72995,3.6
4.88791,45.73174,261.8
4.88775,45.73354,64.3
4.88758,45.73534,277.3
4.88741,45.73713,104.4
4.88724,45.73893,139.0
4.88707,45.74073,9.7
4.88690,45.74252,228.7
4.88656,45.74612,20.1
4.88640,45.74792,42.7
4.88623,45.74971,313.1
4.88606,45.75151,4.5
4.88589,45.75331,29.7
4.88572,45.75510,45.5
4.88555,45.75690,1.5
4.88538,45.75870,388.1
4.88522,45.76049,178.5
4.88505,45.76229,188.5
4.88488,45.76409,100.5
4.88471,45.76589,47.5
4.88454,45.76768,43.0
4.88437,45.76948,318.6
4.88420,45.77128,30.0
4.88403,45.77307,23.0
4.88386,45.77487,44.0
4.88370,45.77667,14.0
4.88353,45.77847,8.0
4.88336,45.78026,773.7
4.88319,45.78206,8.5
4.88302,45.78386,928.2
4.88285,45.78565,191.5
4.88268,45.78745,1.5
4.88133,45.80183,12.9
4.88082,45.80722,4.3
4.88065,45.80901,3.2
4.88048,45.81081,202.3
4.88031,45.81261,37.2
4.88015,45.81440,241.1
4.87998,45.81620,165.1
4.87981,45.81800,465.0
4.87964,45.81980,1.6
4.87947,45.82159,51.2
4.87913,45.82519,40.6
4.87896,45.82698,51.8
4.87862,45.83058,44.9
4.87845,45.83237,2.0
4.87828,45.83417,24.7
4.87761,45.84136,2.0
4.87727,45.84495,2.0
4.87710,45.84675,2.0
4.87676,45.85034,7.2
4.87659,45.85214,4.0
4.87625,45.85573,6.1
4.87387,45.88089,351.7
4.87371,45.88269,8.1
4.89703,45.66178,13.1
4.89687,45.66358,36.7
4.89670,45.66537,1.4
4.89636,45.66897,5.0
4.89569,45.67616,6.8
4.89535,45.67975,68.8
4.89519,45.68155,324.5
4.89502,45.68334,43.0
4.89485,45.68514,338.5
4.89468,45.68694,5.0
4.89435,45.69053,1.4
4.89367,45.69772,16.9
4.89350,45.69952,1.4
4.89317,45.70311,1.4
4.89266,45.70850,22.8
4.89216,45.71389,74.9
4.89199,45.71569,69.9
4.89182,45.71749,9.6
4.89165,45.71929,26.5
4.89149,45.72108,13.7
4.89132,45.72288,11.9
4.89115,45.72468,2.7
4.89098,45.72647,3.6
4.89064,45.73007,1.3
4.89047,45.73187,15.7
4.89014,45.73546,12.1
4.88997,45.73726,124.4
4.88980,45.73905,4.9
4.88963,45.74085,800.4
4.88946,45.74265,3.0
4.88930,45.74445,11.1
4.88913,45.74624,85.4
4.88896,45.74804,4.5
4.88879,45.74984,236.2
4.88862,45.75163,156.8
4.88845,45.75343,107.6
4.88828,45.75523,101.5
4.88812,45.75702,37.5
4.88795,45.75882,413.1
4.88778,45.76062,79.5
4.88761,45.76242,43.0
4.88744,45.76421,19.0
4.88727,45.76601,79.0
4.88710,45.76781,63.5
4.88693,45.76960,28.0
4.88677,45.77140,86.0
4.88660,45.77320,3.0
4.88643,45.77499,4.0
4.88626,45.77679,23.0
4.88609,45.77859,32.0
4.88592,45.78039,39.5
4.88575,45.78218,7.0
4.88558,45.78398,14.5
4.88389,45.80195,37.2
4.88373,45.80375,86.3
4.88356,45.80554,7.6
4.88322,45.80914,1.6
4.88288,45.81273,88.5
4.88271,45.81453,180.7
4.88254,45.81633,17.3
4.88220,45.81992,1.6
4.88186,45.82351,45.3
4.88119,45.83070,96.9
4.88102,45.83250,3.9
4.88068,45.83609,18.9
4.87933,45.85047,2.0
4.87882,45.85586,432.5
4.87644,45.88101,95.4
4.90010,45.65651,32.6
4.89976,45.66010,5.0
4.89942,45.66370,1.4
4.89909,45.66729,31.2
4.89892,45.66909,6.8
4.89875,45.67089,451.7
4.89858,45.67268,38.9
4.89775,45.68167,50.7
4.89741,45.68526,35.2
4.89724,45.68706,167.7
4.89707,45.68886,44.8
4.89690,45.69066,13.2
4.89674,45.69245,10.1
4.89657,45.69425,1.4
4.89640,45.69605,5.0
4.89623,45.69784,44.8
4.89606,45.69964,4.1
4.89405,45.72121,3.7
4.89388,45.72300,32.9
4.89337,45.72840,6.7
4.89304,45.73199,40.3
4.89287,45.73379,2.7
4.89253,45.73738,17.9
4.89203,45.74277,11.6
4.89186,45.74457,16.1
4.89169,45.74637,1.5
4.89152,45.74816,42.2
4.89135,45.74996,7.0
4.89118,45.75176,21.1
4.89101,45.75355,137.7
4.89085,45.75535,77.0
4.89068,45.75715,20.0
4.89051,45.75895,364.1
4.89034,45.76074,323.1
4.89017,45.76254,129.5
4.89000,45.76434,113.0
4.88983,45.76613,4.0
4.88967,45.76793,156.0
4.88950,45.76973,75.0
4.88933,45.77152,17.5
4.88916,45.77332,39.0
4.88899,45.77512,5.5
4.88882,45.77692,22.0
4.88865,45.77871,18.5
4.88848,45.78051,18.5
4.88832,45.78231,84.5
4.88815,45.78410,596.6
4.88629,45.80387,1.6
4.88612,45.80567,48.6
4.88595,45.80746,1.6
4.88561,45.81106,93.3
4.88528,45.81465,74.4
4.88477,45.82004,1.6
4.88460,45.82184,181.8
4.88443,45.82364,53.4
4.88426,45.82543,8.1
4.87799,45.89192,8.7
4.90232,45.66023,68.8
4.90198,45.66382,1.4
4.90165,45.66742,6.3
4.90148,45.66921,4.1
4.90131,45.67101,46.6
4.90114,45.67281,5.0
4.90030,45.68179,1.4
4.89997,45.68539,68.1
4.89980,45.68718,96.4
4.89963,45.68898,31.5
4.89946,45.69078,165.4
4.89930,45.69258,169.0
4.89913,45.69437,76.3
4.89879,45.69797,6.9
4.89862,45.69976,143.4
4.89846,45.70156,1.4
4.89778,45.70875,3.7
4.89745,45.71234,684.8
4.89610,45.72672,30.9
4.89577,45.73032,135.4
4.89560,45.73211,10.3
4.89543,45.73391,1.3
4.89526,45.73571,4.9
4.89509,45.73750,9.9
4.89459,45.74290,3529.9
4.89391,45.75008,1.5
4.89375,45.75188,27.1
4.89358,45.75368,19.0
4.89341,45.75547,79.0
4.89324,45.75727,24.5
4.89307,45.75907,197.5
4.89290,45.76087,66.5
4.89273,45.76266,294.6
4.89257,45.76446,105.5
4.89240,45.76626,1516.3
4.89223,45.76805,139.0
4.89206,45.76985,205.0
4.89189,45.77165,26.0
4.89172,45.77344,21.5
4.89155,45.77524,41.5
4.89139,45.77704,44.5
4.89122,45.77884,28.0
4.89105,45.78063,101.0
4.89088,45.78243,334.6
4.89071,45.78423,88.0
4.89054,45.78602,14.5
4.88835,45.80939,8.6
4.88818,45.81118,10.2
4.88801,45.81298,38.8
4.88784,45.81478,193.7
4.88767,45.81657,16.7
4.88750,45.81837,8.1
4.88733,45.82017,315.0
4.88717,45.82196,79.8
4.90454,45.66394,1.4
4.90437,45.66574,18.1
4.90404,45.66934,8.1
4.90387,45.67113,1.4
4.90370,45.67293,2.7
4.90303,45.68012,15.8
4.90253,45.68551,237.2
4.90236,45.68731,225.7
4.90219,45.68911,98.7
4.90202,45.69090,121.1
4.90186,45.69270,19.6
4.90169,45.69450,166.3
4.90152,45.69629,16.0
4.90135,45.69809,31.6
4.90118,45.69989,21.5
4.90102,45.70169,75.1
4.90085,45.70348,2.7
4.90068,45.70528,27.9
4.90051,45.70708,4.1
4.90034,45.70887,257.4
4.89883,45.72505,35.9
4.89833,45.73044,1.3
4.89816,45.73224,2.7
4.89799,45.73403,32.7
4.89782,45.73583,32.3
4.89765,45.73763,4.0
4.89681,45.74661,147.0
4.89664,45.74841,1380.3
4.89648,45.75021,34.7
4.89631,45.75200,15.1
4.89614,45.75380,242.3
4.89597,45.75560,1247.3
4.89580,45.75740,392.6
4.89563,45.75919,157.0
4.89547,45.76099,116.0
4.89530,45.76279,8.5
4.89513,45.76458,42.0
4.89496,45.76638,18.5
4.89479,45.76818,119.5
4.89462,45.76997,18.5
4.89445,45.77177,138.0
4.89429,45.77357,60.0
4.89412,45.77537,80.0
4.89395,45.77716,32.0
4.89378,45.77896,5.5
4.89361,45.78076,1.5
4.89311,45.78615,36.5
4.89108,45.80771,3.2
4.89091,45.80951,129.5
4.89074,45.81131,4.3
4.89057,45.81310,8.1
4.89041,45.81490,102.5
4.89024,45.81670,143.5
4.89007,45.81849,3.2
4.88990,45.82029,7.6
4.88973,45.82209,5.9
4.90877,45.64610,6.8
4.90777,45.65688,80.6
4.90760,45.65868,2.7
4.90743,45.66047,1.4
4.90727,45.66227,3.6
4.90660,45.66946,1.4
4.90643,45.67126,31.2
4.90542,45.68204,31.2
4.90525,45.68384,7.2
4.90509,45.68563,145.3
4.90492,45.68743,68.1
4.90475,45.68923,217.9
4.90458,45.69103,48.4
4.90442,45.69282,185.5
4.90425,45.69462,35.2
4.90408,45.69642,39.4
4.90341,45.70361,38.5
4.90324,45.70540,13.3
4.90290,45.70900,164.5
4.90274,45.71079,13.3
4.90122,45.72697,1.3
4.90106,45.72877,7.2
4.90089,45.73056,1.3
4.90072,45.73236,1.3
4.90038,45.73595,1.3
4.89921,45.74853,13.0
4.89904,45.75033,146.1
4.89887,45.75213,58.6
4.89870,45.75392,70.5
4.89853,45.75572,390.1
4.89837,45.75752,404.6
4.89820,45.75932,6.0
4.89803,45.76111,7.0
4.89786,45.76291,4.5
4.89769,45.76471,46.5
4.89752,45.76650,77.0
4.89735,45.76830,205.5
4.89719,45.77010,76.0
4.89702,45.77189,22.0
4.89685,45.77369,17.5
4.89668,45.77549,7.5
4.89651,45.77729,118.5
4.89601,45.78268,112.5
4.89584,45.78447,49.0
4.89398,45.80424,1.6
4.89382,45.80604,1.6
4.89365,45.80784,8.6
4.89348,45.80963,3.2
4.89331,45.81143,52.9
4.89314,45.81323,22.1
4.89297,45.81502,12.4
4.89280,45.81682,76.1
4.89263,45.81862,96.6
4.89246,45.82041,169.4
4.89213,45.82401,4.3
4.89196,45.82580,18.3
4.89179,45.82760,1.6
4.88824,45.86534,25.0
4.90966,45.66419,5.0
4.90915,45.66958,10.0
4.90899,45.67138,1.4
4.90882,45.67318,1.4
4.90815,45.68037,138.9
4.90798,45.68216,52.5
4.90781,45.68396,33.0
4.90765,45.68576,270.2
4.90731,45.68935,136.6
4.90714,45.69115,44.8
4.90697,45.69295,13.3
4.90681,45.69474,15.6
4.90563,45.70732,68.3
4.90546,45.70912,120.0
4.90530,45.71092,1007.0
4.90379,45.72709,17.9
4.90362,45.72889,68.1
4.90345,45.73069,70.8
4.90328,45.73248,2.7
4.90194,45.74686,3297.3
4.90143,45.75225,10.5
4.90126,45.75405,37.5
4.90110,45.75584,271.1
4.90093,45.75764,1310.3
4.90076,45.75944,205.0
4.90059,45.76124,69.0
4.90042,45.76303,21.5
4.90025,45.76483,31.5
4.90009,45.76663,70.0
4.89992,45.76842,42.0
4.89975,45.77022,39.5
4.89958,45.77202,7.0
4.89891,45.77921,47.5
4.89874,45.78100,144.0
4.89857,45.78280,724.2
4.89840,45.78460,122.0
4.89823,45.78639,62.5
4.89621,45.80796,82.0
4.89604,45.80976,3.2
4.89587,45.81155,17.3
4.89571,45.81335,111.7
4.89554,45.81515,4.9
4.89537,45.81694,4.3
4.89520,45.81874,1.6
4.89503,45.82054,48.6
4.89486,45.82233,46.9
4.89469,45.82413,31.3
4.89452,45.82593,4.3
4.89115,45.86187,2.0
4.91322,45.65353,8.1
4.91171,45.66971,91.0
4.91154,45.67150,67.4
4.91138,45.67330,6.8
4.91071,45.68049,67.4
4.91054,45.68229,51.1
4.91037,45.68408,283.8
4.91020,45.68588,210.0
4.91004,45.68768,167.8
4.90987,45.68947,36.6
4.90937,45.69487,31.6
4.90853,45.70385,6.9
4.90819,45.70745,157.1
4.90802,45.70924,13.7
4.90786,45.71104,17.0
4.90769,45.71284,594.7
4.90651,45.72542,335.7
4.90635,45.72721,1.3
4.90618,45.72901,140.3
4.90584,45.73261,12.5
4.90567,45.73440,117.4
4.90551,45.73620,2.7
4.90534,45.73800,3.6
4.90517,45.73979,13.0
4.90500,45.74159,6.3
4.90450,45.74698,30.9
4.90433,45.74878,1355.8
4.90416,45.75058,22.4
4.90399,45.75237,30.8
4.90383,45.75417,24.5
4.90366,45.75597,40.0
4.90349,45.75776,5.5
4.90315,45.76136,4.5
4.90299,45.76316,14.5
4.90282,45.76495,86.5
4.90265,45.76675,82.5
4.90231,45.77034,1.5
4.90181,45.77574,45.5
4.90164,45.77753,42.0
4.90130,45.78113,200.0
4.90113,45.78292,145.0
4.90097,45.78472,117.0
4.90080,45.78652,175.0
4.89894,45.80629,8.1
4.89844,45.81168,1.6
4.89810,45.81527,50.2
4.89793,45.81707,1.6
4.89776,45.81886,848.0
4.89760,45.82066,128.4
4.89743,45.82246,15.6
4.89726,45.82425,1.6
4.89709,45.82605,4.3
4.91427,45.66983,1.4
4.91394,45.67342,94.1
4.91360,45.67702,105.9
4.91343,45.67881,383.8
4.91327,45.68061,83.7
4.91310,45.68241,61.1
4.91260,45.68780,28.9
4.91243,45.68960,26.6
4.91226,45.69139,6.9
4.91209,45.69319,11.5
4.91176,45.69679,3.7
4.91109,45.70397,3415.5
4.91092,45.70577,94.4
4.91075,45.70757,61.9
4.91059,45.70937,138.4
4.91025,45.71296,1.4
4.90975,45.71835,8.2
4.90941,45.72195,110.7
4.90908,45.72554,26.0
4.90891,45.72734,1.3
4.90874,45.72913,30.9
4.90857,45.73093,49.3
4.90840,45.73273,234.4
4.90824,45.73453,779.0
4.90807,45.73632,4.9
4.90790,45.73812,8.1
4.90773,45.73992,70.4
4.90756,45.74171,97.7
4.90672,45.75070,68.3
4.90656,45.75250,158.0
4.90639,45.75429,11.5
4.90622,45.75609,125.0
4.90605,45.75789,199.5
4.90588,45.75969,181.5
4.90572,45.76148,397.6
4.90555,45.76328,62.0
4.90538,45.76508,14.5
4.90521,45.76687,39.0
4.90488,45.77047,3.0
4.90471,45.77226,15.7
4.90437,45.77586,1.5
4.90420,45.77766,49.0
4.90403,45.77945,159.5
4.90387,45.78125,36.0
4.90370,45.78305,308.1
4.90353,45.78484,34.0
4.90336,45.78664,35.4
4.90319,45.78844,67.9
4.90134,45.80821,8.6
4.90084,45.81360,37.2
4.90067,45.81539,6.5
4.90050,45.81719,33.4
4.90033,45.81899,80.4
4.90016,45.82078,4.3
4.89999,45.82258,94.4
4.89982,45.82438,3.2
4.91683,45.66995,135.3
4.91666,45.67175,209.1
4.91649,45.67355,190.1
4.91633,45.67534,119.0
4.91616,45.67714,200.9
4.91599,45.67894,726.0
4.91583,45.68073,38.0
4.91549,45.68433,10.4
4.91516,45.68792,148.4
4.91449,45.69511,55.4
4.91432,45.69691,44.9
4.91348,45.70589,219.5
4.91331,45.70769,31.6
4.91315,45.70949,153.9
4.91298,45.71129,148.0
4.91264,45.71488,25.7
4.91231,45.71847,24.3
4.91130,45.72926,5.4
4.91113,45.73105,30.9
4.91097,45.73285,196.3
4.91080,45.73465,39.0
4.91063,45.73645,104.0
4.91046,45.73824,67.2
4.91029,45.74004,4.9
4.91013,45.74184,7.6
4.90996,45.74363,54.7
4.90929,45.75082,84.9
4.90912,45.75262,471.1
4.90895,45.75442,10.5
4.90878,45.75621,16.0
4.90845,45.75981,749.7
4.90828,45.76161,1157.8
4.90811,45.76340,14.5
4.90794,45.76520,1.5
4.90777,45.76700,14.5
4.90761,45.76879,11.5
4.90744,45.77059,39.2
4.90727,45.77239,15.2
4.90710,45.77418,11.3
4.90693,45.77598,368.3
4.90677,45.77778,48.2
4.90643,45.78137,104.0
4.90626,45.78317,285.1
4.90609,45.78497,304.6
4.90593,45.78676,176.5
4.90576,45.78856,106.7
4.90357,45.81192,1.6
4.90340,45.81372,99.8
4.90323,45.81552,15.6
4.90306,45.81731,315.6
4.90290,45.81911,94.9
4.90273,45.82091,1.6
4.90256,45.82270,1.6
4.91939,45.67007,118.6
4.91905,45.67367,171.5
4.91889,45.67547,85.1
4.91872,45.67726,87.8
4.91855,45.67906,31.2
4.91838,45.68086,48.0
4.91822,45.68265,64.7
4.91805,45.68445,26.3
4.91738,45.69164,31.6
4.91705,45.69523,44.0
4.91688,45.69703,106.3
4.91654,45.70063,136.5
4.91638,45.70242,92.5
4.91621,45.70422,22.9
4.91571,45.70961,413.7
4.91554,45.71141,68.3
4.91537,45.71321,145.7
4.91520,45.71500,2.7
4.91504,45.71680,3.7
4.91487,45.71860,10.0
4.91470,45.72040,4.0
4.91453,45.72219,356.8
4.91420,45.72579,105.3
4.91403,45.72758,26.4
4.91386,45.72938,19.3
4.91369,45.73118,77.5
4.91353,45.73297,65.4
4.91336,45.73477,8.1
4.91319,45.73657,4.9
4.91302,45.73837,1.3
4.91286,45.74016,6.3
4.91269,45.74196,35.0
4.91252,45.74376,1.3
4.91235,45.74555,4.9
4.91218,45.74735,1.3
4.91202,45.74915,26.0
4.91185,45.75095,80.5
4.91168,45.75274,92.5
4.91151,45.75454,5.5
4.91135,45.75634,433.6
4.91118,45.75813,9.0
4.91084,45.76173,9.5
4.91067,45.76353,57.5
4.91051,45.76532,12.0
4.91034,45.76712,16.0
4.91000,45.77071,21.6
4.90983,45.77251,52.6
4.90967,45.77431,7.4
4.90950,45.77611,55.6
4.90933,45.77790,135.7
4.90916,45.77970,52.1
4.90866,45.78509,45.2
4.90849,45.78689,5.9
4.90832,45.78868,261.6
4.90815,45.79048,386.5
4.90563,45.81744,1.6
4.90546,45.81923,140.8
4.90529,45.82103,97.6
4.90479,45.82642,134.9
4.92211,45.66840,270.6
4.92195,45.67020,87.3
4.92178,45.67199,50.2
4.92161,45.67379,189.6
4.92144,45.67559,96.4
4.92128,45.67739,31.2
4.92111,45.67918,14.5
4.92094,45.68098,70.6
4.92078,45.68278,204.1
4.91977,45.69356,143.4
4.91944,45.69715,108.6
4.91927,45.69895,295.5
4.91910,45.70075,346.4
4.91894,45.70255,5.0
4.91877,45.70434,1.4
4.91860,45.70614,4.1
4.91843,45.70794,31.6
4.91827,45.70974,212.6
4.91793,45.71333,123.2
4.91709,45.72232,134.0
4.91693,45.72411,201.2
4.91659,45.72771,8.1
4.91642,45.72950,56.0
4.91626,45.73130,61.9
4.91609,45.73310,1.3
4.91592,45.73490,4.0
4.91575,45.73669,55.1
4.91559,45.73849,37.2
4.91542,45.74029,2.7
4.91525,45.74208,1.3
4.91508,45.74388,4.0
4.91475,45.74747,85.6
4.91458,45.74927,73.6
4.91441,45.75107,40.0
4.91424,45.75287,48.5
4.91408,45.75466,5.5
4.91391,45.75646,109.0
4.91340,45.76185,211.5
4.91324,45.76365,86.5
4.91273,45.76904,3.9
4.91257,45.77084,17.2
4.91240,45.77263,13.3
4.91223,45.77443,57.0
4.91206,45.77623,56.1
4.91189,45.77803,184.4
4.91156,45.78162,16.7
4.91139,45.78342,1.5
4.91122,45.78521,55.1
4.91105,45.78701,166.2
4.91089,45.78881,1.5
4.91072,45.79060,10.3
4.90920,45.80678,1.6
4.90870,45.81217,1.6
4.90803,45.81936,92.8
4.90786,45.82115,42.1
4.90769,45.82295,4.9
4.90752,45.82475,1.6
4.90735,45.82655,98.7
4.90718,45.82834,192.6
4.90668,45.83373,1.6
4.90651,45.83553,1.6
4.90617,45.83912,9.8
4.92467,45.66852,23.5
4.92450,45.67032,69.2
4.92434,45.67212,386.1
4.92367,45.67931,114.5
4.92350,45.68110,48.0
4.92333,45.68290,150.1
4.92300,45.68649,150.3
4.92283,45.68829,6.9
4.92267,45.69009,48.6
4.92250,45.69189,15.1
4.92233,45.69368,103.1
4.92216,45.69548,1.4
4.92183,45.69907,23.8
4.92133,45.70447,68.3
4.92116,45.70626,5.0
4.92099,45.70806,3.7
4.92066,45.71166,93.9
4.91982,45.72064,61.9
4.91965,45.72244,135.4
4.91932,45.72603,3.6
4.91915,45.72783,606.4
4.91882,45.73142,52.0
4.91865,45.73322,1.3
4.91848,45.73502,13.0
4.91798,45.74041,37.6
4.91781,45.74221,69.5
4.91764,45.74400,39.0
4.91748,45.74580,4.0
4.91731,45.74760,11.7
4.91714,45.74939,15.9
4.91697,45.75119,96.5
4.91664,45.75479,18.5
4.91647,45.75658,38.5
4.91630,45.75838,3114.2
4.91597,45.76197,66.0
4.91580,45.76377,45.5
4.91563,45.76557,34.5
4.91513,45.77096,49.2
4.91496,45.77276,55.1
4.91479,45.77455,239.5
4.91446,45.77815,38.4
4.91429,45.77995,15.2
4.91412,45.78174,42.8
4.91395,45.78354,29.5
4.91379,45.78534,96.4
4.91362,45.78713,1.5
4.91345,45.78893,49.2
4.91177,45.80690,12.4
4.91160,45.80870,4.3
4.91059,45.81948,235.7
4.91025,45.82307,8.1
4.90975,45.82847,161.3
4.90925,45.83386,17.3
4.90908,45.83565,4.3
4.92690,45.67224,135.3
4.92673,45.67404,97.3
4.92656,45.67583,197.8
4.92623,45.67943,94.1
4.92606,45.68123,167.9
4.92589,45.68302,98.8
4.92539,45.68841,233.2
4.92523,45.69021,81.6
4.92506,45.69201,237.3
4.92489,45.69381,18.3
4.92472,45.69560,98.0
4.92456,45.69740,143.4
4.92422,45.70099,1.4
4.92372,45.70639,225.4
4.92355,45.70818,216.7
4.92339,45.70998,219.9
4.92322,45.71178,26.6
4.92272,45.71717,144.8
4.92188,45.72616,329.0
4.92171,45.72795,182.9
4.92155,45.72975,2.7
4.92104,45.73514,2.7
4.92088,45.73694,141.2
4.92071,45.73873,3.6
4.92054,45.74053,13.4
4.92037,45.74233,12.1
4.92021,45.74413,55.1
4.92004,45.74592,3.6
4.91987,45.74772,49.2
4.91970,45.74952,3.0
4.91954,45.75131,82.1
4.91937,45.75311,3.0
4.91920,45.75491,1.5
4.91903,45.75671,1.5
4.91887,45.75850,122.5
4.91870,45.76030,2497.6
4.91853,45.76210,44.0
4.91836,45.76389,23.0
4.91769,45.77108,7.9
4.91752,45.77288,30.0
4.91736,45.77468,29.5
4.91719,45.77647,45.7
4.91702,45.77827,289.7
4.91685,45.78007,46.7
4.91668,45.78187,8.4
4.91652,45.78366,87.5
4.91635,45.78546,73.3
4.91618,45.78726,38.4
4.91601,45.78905,49.7
4.91417,45.80882,7.6
4.91299,45.82140,684.0
4.91282,45.82320,242.2
4.91265,45.82499,15.6
4.91248,45.82679,37.2
4.91232,45.82859,271.9
4.91198,45.83218,5.9
4.91181,45.83398,4.9
4.91164,45.83578,3.2
4.91147,45.83757,3.2
4.92996,45.66697,7.4
4.92962,45.67057,146.2
4.92895,45.67775,339.0
4.92845,45.68315,80.6
4.92829,45.68494,118.7
4.92779,45.69033,1.4
4.92728,45.69573,45.4
4.92712,45.69752,25.2
4.92695,45.69932,1.4
4.92678,45.70112,26.6
4.92628,45.70651,14.7
4.92611,45.70831,585.5
4.92595,45.71010,66.0
4.92561,45.71370,568.6
4.92545,45.71549,137.0
4.92528,45.71729,260.2
4.92511,45.71909,3.7
4.92494,45.72089,732.1
4.92478,45.72268,251.1
4.92444,45.72628,100.4
4.92427,45.72807,357.2
4.92344,45.73706,335.7
4.92327,45.73886,10.3
4.92310,45.74065,2.7
4.92294,45.74245,55.1
4.92277,45.74425,1.3
4.92260,45.74605,15.7
4.92243,45.74784,47.4
4.92227,45.74964,28.5
4.92210,45.75144,50.2
4.92193,45.75323,51.6
4.92176,45.75503,387.3
4.92160,45.75683,76.0
4.92143,45.75863,15.0
4.92126,45.76042,1891.9
4.92109,45.76222,7.4
4.92093,45.76402,566.0
4.92076,45.76581,119.0
4.92009,45.77300,46.7
4.91992,45.77480,34.4
4.91975,45.77660,151.0
4.91958,45.77839,1694.2
4.91942,45.78019,114.1
4.91925,45.78199,77.2
4.91908,45.78379,122.0
4.91891,45.78558,8.4
4.91874,45.78738,1.5
4.91858,45.78918,1.5
4.91690,45.80715,3.2
4.91555,45.82152,74.4
4.91539,45.82332,258.9
4.91421,45.83590,1.6
4.91404,45.83770,82.0
4.91370,45.84129,37.2
4.93285,45.66350,14.2
4.93201,45.67248,146.8
4.93185,45.67428,33.9
4.93168,45.67608,1.4
4.93151,45.67788,339.0
4.93118,45.68147,118.6
4.93101,45.68327,38.0
4.93034,45.69046,1.4
4.93001,45.69405,17.0
4.92984,45.69585,12.8
4.92968,45.69765,3.7
4.92951,45.69944,42.6
4.92934,45.70124,1.4
4.92918,45.70304,1.4
4.92884,45.70663,52.7
4.92834,45.71202,409.1
4.92817,45.71382,144.8
4.92801,45.71562,31.6
4.92767,45.71921,31.6
4.92750,45.72101,171.8
4.92734,45.72281,109.5
4.92700,45.72640,104.4
4.92684,45.72820,1275.1
4.92617,45.73539,335.7
4.92600,45.73718,103.1
4.92583,45.73898,38.1
4.92566,45.74078,10.8
4.92550,45.74257,13.0
4.92533,45.74437,32.3
4.92516,45.74617,52.6
4.92500,45.74797,8.9
4.92483,45.74976,49.7
4.92466,45.75156,27.0
4.92449,45.75336,182.9
4.92433,45.75515,95.4
4.92416,45.75695,3.9
4.92399,45.75875,16.2
4.92382,45.76055,345.7
4.92349,45.76414,7.4
4.92282,45.77133,5.4
4.92265,45.77313,79.2
4.92248,45.77492,15.7
4.92231,45.77672,25.6
4.92215,45.77852,902.4
4.92198,45.78031,3.9
4.92181,45.78211,7.4
4.92164,45.78391,21.6
4.92148,45.78571,4.4
4.92131,45.78750,22.1
4.92097,45.79110,1.5
4.92081,45.79289,19.7
4.93524,45.66542,35.4
4.93457,45.67261,33.9
4.93407,45.67800,271.0
4.93390,45.67980,141.3
4.93374,45.68159,88.8
4.93357,45.68339,94.5
4.93340,45.68519,17.0
4.93324,45.68699,13.3
4.93307,45.68878,1.4
4.93290,45.69058,113.2
4.93274,45.69238,34.4
4.93257,45.69417,49.9
4.93240,45.69597,10.1
4.93224,45.69777,8.2
4.93207,45.69957,1.4
4.93190,45.70136,1.4
4.93174,45.70316,15.1
4.93140,45.70675,2.7
4.93107,45.71035,542.4
4.93073,45.71394,828.3
4.93057,45.71574,80.6
4.93023,45.71933,6.9
4.93007,45.72113,71.9
4.92973,45.72473,68.1
4.92956,45.72652,278.8
4.92923,45.73012,53.8
4.92906,45.73191,564.7
4.92890,45.73371,728.8
4.92873,45.73551,27.3
4.92856,45.73731,551.3
4.92839,45.73910,122.8
4.92823,45.74090,4.9
4.92806,45.74270,6.3
4.92789,45.74449,12.1
4.92772,45.74629,40.6
4.92756,45.74809,12.3
4.92739,45.74989,6.9
4.92722,45.75168,104.3
4.92706,45.75348,253.3
4.92672,45.75707,21.6
4.92655,45.75887,152.9
4.92639,45.76067,250.8
4.92605,45.76426,63.9
4.92588,45.76606,3.9
4.92538,45.77145,40.3
4.92521,45.77325,332.4
4.92488,45.77684,35.4
4.92438,45.78223,33.9
4.92404,45.78583,72.3
4.92387,45.78762,17.2
4.92371,45.78942,1.5
4.92354,45.79122,5.4
4.92337,45.79302,3.9
4.93763,45.66734,5.4
4.93696,45.67453,180.7
4.93680,45.67632,21.6
4.93663,45.67812,149.3
4.93646,45.67992,70.7
4.93630,45.68172,41.2
4.93613,45.68351,41.7
4.93580,45.68711,20.2
4.93563,45.68890,40.8
4.93546,45.69070,82.9
4.93530,45.69250,38.5
4.93513,45.69430,1467.0
4.93496,45.69609,34.4
4.93480,45.69789,10.1
4.93463,45.69969,33.0
4.93446,45.70149,2.7
4.93430,45.70328,68.3
4.93363,45.71047,1226.0
4.93346,45.71227,548.9
4.93329,45.71407,583.7
4.93313,45.71586,1261.3
4.93296,45.71766,13.3
4.93279,45.71946,170.4
4.93196,45.72844,56.9
4.93162,45.73204,68.6
4.93146,45.73383,16.6
4.93129,45.73563,839.0
4.93112,45.73743,673.6
4.93096,45.73923,246.5
4.93062,45.74282,9.4
4.93045,45.74462,42.7
4.93029,45.74641,538.0
4.93012,45.74821,114.6
4.92995,45.75001,248.3
4.92978,45.75181,147.5
4.92962,45.75360,20.7
4.92945,45.75540,10.8
4.92928,45.75720,89.5
4.92912,45.75899,11.3
4.92878,45.76259,1.5
4.92861,45.76439,29.5
4.92845,45.76618,228.2
4.92828,45.76798,5.4
4.92778,45.77337,216.4
4.92761,45.77517,99.3
4.92744,45.77697,52.1
4.92727,45.77876,91.5
4.92711,45.78056,17.2
4.92694,45.78236,1.5
4.92677,45.78415,3.9
4.92660,45.78595,129.3
4.92644,45.78775,121.5
4.92627,45.78954,3.9
4.92610,45.79134,8.9
4.94002,45.66926,3.9
4.93969,45.67285,48.1
4.93952,45.67465,14.2
4.93936,45.67645,79.5
4.93902,45.68004,23.1
4.93886,45.68184,117.3
4.93869,45.68364,168.6
4.93819,45.68903,11.9
4.93802,45.69082,148.0
4.93786,45.69262,88.0
4.93769,45.69442,106.7
4.93752,45.69622,1.4
4.93736,45.69801,1.4
4.93719,45.69981,5.5
4.93686,45.70340,13.3
4.93669,45.70520,6.9
4.93569,45.71599,527.8
4.93552,45.71778,423.8
4.93485,45.72497,74.1
4.93469,45.72677,3.6
4.93435,45.73036,3.6
4.93385,45.73575,348.7
4.93368,45.73755,927.3
4.93352,45.73935,112.0
4.93335,45.74115,8.8
4.93318,45.74294,28.5
4.93302,45.74474,33.5
4.93285,45.74654,238.3
4.93268,45.74833,7.4
4.93251,45.75013,877.8
4.93235,45.75193,11.3
4.93218,45.75373,74.7
4.93201,45.75552,15.7
4.93151,45.76091,10.3
4.93134,45.76271,1.5
4.93118,45.76451,16.2
4.93101,45.76631,36.4
4.93084,45.76810,1.5
4.93051,45.77170,3.9
4.93034,45.77349,12.8
4.93017,45.77529,30.0
4.93001,45.77709,6.9
4.92984,45.77888,175.6
4.92967,45.78068,51.1
4.92950,45.78248,5.4
4.92934,45.78428,6.9
4.92917,45.78607,29.0
4.92900,45.78787,1.5
4.92883,45.78967,33.9
4.94375,45.65680,1.5
4.94358,45.65860,2.9
4.94341,45.66039,2.9
4.94308,45.66399,7.4
4.94208,45.67477,146.8
4.94191,45.67657,328.0
4.94175,45.67837,1.5
4.94158,45.68016,39.8
4.94125,45.68376,150.3
4.94092,45.68735,3.7
4.94075,45.68915,6.4
4.94058,45.69095,1.4
4.94042,45.69274,27.5
4.94025,45.69454,116.8
4.94008,45.69634,77.0
4.93992,45.69814,76.5
4.93975,45.69993,2.7
4.93942,45.70353,1.4
4.93925,45.70532,1.4
4.93908,45.70712,2.7
4.93858,45.71251,686.8
4.93825,45.71611,68.3
4.93741,45.72509,126.4
4.93725,45.72689,78.7
4.93708,45.72869,167.1
4.93691,45.73048,7.2
4.93675,45.73228,1.4
4.93558,45.74486,143.6
4.93541,45.74666,105.4
4.93524,45.74846,67.7
4.93508,45.75025,22.4
4.93491,45.75205,267.5
4.93474,45.75385,130.6
4.93458,45.75564,180.5
4.93441,45.75744,102.3
4.93424,45.75924,84.1
4.93407,45.76104,15.7
4.93391,45.76283,226.2
4.93374,45.76463,161.3
4.93357,45.76643,7.4
4.93340,45.76822,3.0
4.93324,45.77002,1.5
4.93290,45.77362,14.3
4.93274,45.77541,1.5
4.93257,45.77721,195.2
4.93240,45.77901,139.7
4.93223,45.78080,231.1
4.93207,45.78260,5.4
4.93190,45.78440,20.7
4.93173,45.78620,3.0
4.93156,45.78799,8.9
4.93140,45.78979,5.4
4.94564,45.66411,2.9
4.94547,45.66591,1.5
4.94531,45.66770,1.5
4.94464,45.67489,80.0
4.94447,45.67669,18.7
4.94431,45.67849,1.5
4.94414,45.68029,1.5
4.94397,45.68208,1.5
4.94381,45.68388,38.0
4.94364,45.68568,42.1
4.94347,45.68747,41.7
4.94331,45.68927,68.3
4.94298,45.69287,3.7
4.94281,45.69466,171.3
4.94264,45.69646,70.6
4.94248,45.69826,301.9
4.94231,45.70006,78.8
4.94214,45.70185,28.4
4.94198,45.70365,2.7
4.94181,45.70545,1.4
4.94014,45.72342,13.3
4.93981,45.72701,7.2
4.93964,45.72881,33.1
4.93797,45.74678,23.9
4.93781,45.74858,229.5
4.93764,45.75038,96.7
4.93747,45.75217,364.4
4.93730,45.75397,127.2
4.93714,45.75577,164.9
4.93697,45.75756,84.0
4.93680,45.75936,20.2
4.93664,45.76116,285.6
4.93647,45.76296,76.4
4.93630,45.76475,79.2
4.93614,45.76655,19.3
4.93597,45.76835,134.8
4.93547,45.77374,45.2
4.93530,45.77554,74.7
4.93513,45.77733,71.8
4.93496,45.77913,232.6
4.93480,45.78093,269.5
4.93463,45.78272,3.0
4.93446,45.78452,33.9
4.93413,45.78812,1.5
4.93396,45.78991,3.9
4.94936,45.65165,7.4
4.94919,45.65345,3.9
4.94886,45.65704,1.5
4.94869,45.65884,14.2
4.94853,45.66064,7.4
4.94836,45.66244,15.7
4.94803,45.66603,15.7
4.94786,45.66783,1.5
4.94770,45.66962,2.9
4.94753,45.67142,33.9
4.94736,45.67322,7.4
4.94720,45.67502,139.9
4.94703,45.67681,49.6
4.94687,45.67861,1.5
4.94670,45.68041,1.5
4.94653,45.68220,29.2
4.94637,45.68400,131.5
4.94620,45.68580,106.7
4.94603,45.68760,73.3
4.94587,45.68939,24.7
4.94570,45.69119,8.2
4.94553,45.69299,11.9
4.94537,45.69479,35.3
4.94520,45.69658,6.9
4.94487,45.70018,11.9
4.94470,45.70197,2.7
4.94437,45.70557,33.0
4.94420,45.70737,5.0
4.94037,45.74870,261.1
4.94020,45.75050,161.3
4.94003,45.75230,180.7
4.93987,45.75409,111.5
4.93970,45.75589,39.7
4.93953,45.75769,104.8
4.93937,45.75948,37.2
4.93920,45.76128,220.4
4.93903,45.76308,38.7
4.93887,45.76488,189.8
4.93870,45.76667,36.6
4.93853,45.76847,52.4
4.93836,45.77027,11.7
4.93803,45.77386,59.5
4.93786,45.77566,160.3
4.93770,45.77746,93.4
4.93753,45.77925,112.6
4.93736,45.78105,312.8
4.93719,45.78285,101.8
4.93669,45.78824,1.5
4.95092,45.66256,1.5
4.95075,45.66435,18.2
4.95042,45.66795,3.9
4.94959,45.67694,7.4
4.94926,45.68053,36.3
4.94893,45.68412,5.0
4.94876,45.68592,3.7
4.94843,45.68952,46.3
4.94826,45.69131,44.9
4.94809,45.69311,6.4
4.94793,45.69491,73.8
4.94776,45.69670,2.7
4.94743,45.70030,6.4
4.94710,45.70389,1.4
4.94693,45.70569,1.4
4.94660,45.70929,6.9
4.94310,45.74703,14.8
4.94293,45.74882,275.3
4.94276,45.75062,127.2
4.94260,45.75242,420.4
4.94243,45.75421,378.7
4.94226,45.75601,121.1
4.94210,45.75781,192.4
4.94193,45.75961,91.6
4.94176,45.76140,74.3
4.94160,45.76320,14.8
4.94143,45.76500,40.7
4.94126,45.76679,151.7
4.94109,45.76859,55.0
4.94093,45.77039,1.5
4.94043,45.77578,204.6
4.94026,45.77758,216.9
4.94009,45.77937,129.8
4.93993,45.78117,162.8
4.93976,45.78297,62.5
4.95431,45.65369,5.4
4.95414,45.65549,1.5
4.95398,45.65729,1.5
4.95381,45.65908,3.9
4.95364,45.66088,3.9
4.95331,45.66448,33.9
4.95315,45.66627,1.5
4.95298,45.66807,1.5
4.95248,45.67346,73.2
4.95215,45.67706,3.9
4.95198,45.67885,1.5
4.95182,45.68065,50.1
4.95165,45.68245,157.8
4.95099,45.68964,1.4
4.95082,45.69144,73.3
4.95065,45.69323,96.7
4.95049,45.69503,5.5
4.95015,45.69862,3.7
4.94982,45.70222,5.0
4.94966,45.70402,2.7
4.94533,45.75074,14.8
4.94499,45.75434,17.8
4.94483,45.75613,160.3
4.94416,45.76332,1.5
4.94399,45.76512,812.8
4.94382,45.76692,7.1
4.94366,45.76871,83.5
4.94349,45.77051,81.4
4.94332,45.77231,77.4
4.94282,45.77770,96.4
4.94266,45.77950,205.6
4.94249,45.78129,176.1
4.94232,45.78309,3.0
4.94082,45.79927,73.3
4.95653,45.65741,1.5
4.95620,45.66100,55.5
4.95604,45.66280,94.8
4.95587,45.66460,397.7
4.95570,45.66640,19.6
4.95537,45.66999,73.2
4.95487,45.67538,8.8
4.95438,45.68077,42.7
4.95421,45.68257,97.7
4.95404,45.68437,135.6
4.95371,45.68796,49.9
4.95355,45.68976,1.4
4.95338,45.69156,40.3
4.95305,45.69515,24.7
4.95288,45.69695,65.5
4.95271,45.69875,16.0
4.95238,45.70234,3.7
4.95089,45.71852,5.0
4.94772,45.75266,4.1
4.94739,45.75626,1.5
4.94722,45.75805,1.5
4.94705,45.75985,39.7
4.94689,45.76165,9.2
4.94655,45.76524,85.0
4.94622,45.76884,40.7
4.94589,45.77243,1.5
4.94522,45.77962,37.4
4.94505,45.78142,48.2
4.94405,45.79220,33.9
4.94322,45.80118,17.2
4.95876,45.66113,1.5
4.95859,45.66292,98.2
4.95843,45.66472,6.9
4.95826,45.66652,30.4
4.95810,45.66831,3.9
4.95760,45.67371,1.5
4.95743,45.67550,14.2
4.95727,45.67730,9.3
4.95694,45.68090,286.5
4.95677,45.68269,77.0
4.95660,45.68449,110.4
4.95627,45.68808,11.9
4.95594,45.69168,56.8
4.95561,45.69527,60.0
4.95544,45.69707,8.2
4.95411,45.71145,33.4
4.95394,45.71325,309.3
4.95378,45.71504,219.0
4.95361,45.71684,3.7
4.95345,45.71864,5.0
4.95162,45.73841,363.5
4.95145,45.74020,3.8
4.94962,45.75997,7.6
4.94878,45.76896,36.1
4.94862,45.77076,11.7
4.94845,45.77255,1.5
4.94812,45.77615,14.8
4.94795,45.77794,7.1
4.96132,45.66125,5.4
4.96082,45.66664,14.2
4.96066,45.66844,4.4
4.96049,45.67023,3.9
4.96016,45.67383,1.5
4.95999,45.67563,3.9
4.95983,45.67742,42.7
4.95966,45.67922,7.4
4.95866,45.69000,3.7
4.95850,45.69180,1.4
4.95833,45.69360,31.6
4.95700,45.70798,89.8
4.95684,45.70977,71.9
4.95667,45.71157,91.6
4.95651,45.71337,255.6
4.95634,45.71517,216.2
4.95617,45.71696,22.0
4.95601,45.71876,1.4
4.95301,45.75111,4.1
4.95218,45.76010,1.5
4.95185,45.76369,79.9
4.95151,45.76728,5.6
4.95135,45.76908,12.2
4.95118,45.77088,13.2
4.95101,45.77268,1.5
4.96272,45.67395,78.1
4.96255,45.67575,291.2
4.96239,45.67754,146.8
4.96222,45.67934,205.3
4.96205,45.68114,31.6
4.96139,45.68833,31.6
4.96073,45.69552,3.7
4.96056,45.69731,69.6
4.95973,45.70630,208.9
4.95956,45.70810,304.2
4.95940,45.70990,31.6
4.95923,45.71169,88.4
4.95907,45.71349,125.5
4.95890,45.71529,72.8
4.95873,45.71708,85.7
4.95857,45.71888,3.7
4.95757,45.72966,215.1
4.95740,45.73146,125.8
4.95724,45.73326,94.6
4.95707,45.73506,13.9
4.95674,45.73865,44.2
4.95657,45.74045,13.9
4.95641,45.74225,1.4
4.95458,45.76201,1.5
4.95441,45.76381,4.6
4.95391,45.76920,52.4
4.95374,45.77100,36.6
4.95341,45.77459,42.8
4.95241,45.78538,7.6
4.96544,45.67227,3.9
4.96528,45.67407,3.9
4.96511,45.67587,214.6
4.96494,45.67767,78.6
4.96461,45.68126,511.8
4.96445,45.68306,13.3
4.96428,45.68486,33.0
4.96229,45.70642,962.1
4.96212,45.70822,36.7
4.96196,45.71002,442.6
4.96179,45.71181,142.5
4.96146,45.71541,58.6
4.96129,45.71721,38.0
4.96113,45.71900,105.8
4.96096,45.72080,114.5
4.96063,45.72440,35.5
4.96046,45.72619,71.5
4.96030,45.72799,85.5
4.96013,45.72979,76.3
4.95997,45.73158,83.5
4.95980,45.73338,122.0
4.95963,45.73518,298.7
4.95947,45.73698,117.2
4.95930,45.73877,29.3
4.95864,45.74596,1.4
4.95847,45.74776,11.0
4.95714,45.76214,5.6
4.95697,45.76393,40.7
4.95681,45.76573,30.5
4.95664,45.76753,60.6
4.95647,45.76932,854.0
4.95631,45.77112,195.4
4.95564,45.77831,1.5
4.95531,45.78190,1.5
4.96833,45.66880,7.4
4.96817,45.67060,35.4
4.96783,45.67419,1.5
4.96767,45.67599,52.0
4.96734,45.67959,163.1
4.96717,45.68138,58.6
4.96701,45.68318,13.3
4.96684,45.68498,3.7
4.96618,45.69217,13.3
4.96485,45.70654,68.3
4.96468,45.70834,82.0
4.96452,45.71014,305.1
4.96435,45.71194,31.6
4.96419,45.71373,144.8
4.96402,45.71553,91.2
4.96386,45.71733,267.6
4.96369,45.71913,68.3
4.96336,45.72272,21.1
4.96319,45.72452,71.5
4.96303,45.72631,189.7
4.96286,45.72811,68.2
4.96269,45.72991,110.0
4.96253,45.73171,103.7
4.96236,45.73350,92.7
4.96219,45.73530,86.4
4.96203,45.73710,7.2
4.96170,45.74069,3.8
4.96153,45.74249,22.6
4.96120,45.74608,7.2
4.96103,45.74788,1.4
4.95970,45.76226,16.3
4.95937,45.76585,1.5
4.95920,45.76765,8.7
4.95904,45.76945,67.7
4.95887,45.77124,113.0
4.95854,45.77484,1.5
4.97089,45.66892,23.1
4.97039,45.67432,42.7
4.97023,45.67611,27.5
4.96990,45.67971,136.5
4.96973,45.68150,407.8
4.96725,45.70846,46.3
4.96708,45.71026,6.9
4.96691,45.71206,17.9
4.96675,45.71386,446.7
4.96658,45.71565,185.6
4.96642,45.71745,99.9
4.96625,45.71925,290.5
4.96575,45.72464,123.9
4.96559,45.72644,93.2
4.96542,45.72823,76.8
4.96525,45.73003,88.8
4.96509,45.73183,160.9
4.96492,45.73362,118.1
4.96476,45.73542,1.4
4.96459,45.73722,1.4
4.96442,45.73902,25.4
4.96409,45.74261,1.4
4.96376,45.74621,5.3
4.96359,45.74800,3.8
4.96243,45.76058,3.1
4.96226,45.76238,7.1
4.96210,45.76418,27.0
4.96193,45.76597,7.1
4.96177,45.76777,1.5
4.96160,45.76957,14.8
4.96143,45.77137,31.6
4.96127,45.77316,5.6
4.96110,45.77496,35.1
4.97295,45.67444,14.2
4.97212,45.68342,374.8
4.97030,45.70319,33.0
4.96981,45.70859,10.5
4.96964,45.71038,14.7
4.96947,45.71218,54.5
4.96931,45.71398,20.6
4.96914,45.71577,333.1
4.96898,45.71757,81.6
4.96881,45.71937,201.6
4.96848,45.72296,22.6
4.96831,45.72476,272.7
4.96815,45.72656,197.3
4.96798,45.72835,74.9
4.96782,45.73015,267.0
4.96765,45.73195,119.6
4.96748,45.73375,75.9
4.96732,45.73554,2.9
4.96715,45.73734,86.9
4.96699,45.73914,21.1
4.96616,45.74812,5.3
4.96516,45.75891,4.1
4.96499,45.76070,7.1
4.96483,45.76250,6.1
4.96466,45.76430,87.0
4.96433,45.76789,3.1
4.96416,45.76969,77.4
4.96400,45.77149,51.9
4.96366,45.77508,5.6
4.97237,45.70871,99.9
4.97220,45.71050,2.7
4.97203,45.71230,59.1
4.97170,45.71590,587.3
4.97137,45.71949,43.5
4.97121,45.72129,61.0
4.97104,45.72308,162.8
4.97087,45.72488,521.0
4.97071,45.72668,107.6
4.97054,45.72848,110.0
4.97038,45.73027,213.7
4.97021,45.73207,1513.0
4.97005,45.73387,50.9
4.96971,45.73746,7.2
4.96955,45.73926,38.9
4.96938,45.74106,25.0
4.96922,45.74285,119.1
4.96905,45.74465,5.3
4.96888,45.74645,7.7
4.96872,45.74825,3.8
4.96855,45.75004,1.4
4.96756,45.76083,16.8
4.96739,45.76262,1.5
4.96722,45.76442,8.1
4.96706,45.76622,1.5
4.96656,45.77161,57.5
4.96623,45.77520,51.4
4.96606,45.77700,4.6
4.96506,45.78778,4.1
4.97675,45.68906,1.4
4.97542,45.70344,1.4
4.97526,45.70523,1.4
4.97509,45.70703,5.0
4.97476,45.71063,127.4
4.97459,45.71242,23.4
4.97393,45.71961,39.4
4.97360,45.72321,149.3
4.97344,45.72500,148.9
4.97327,45.72680,173.3
4.97310,45.72860,47.5
4.97294,45.73040,68.2
4.97277,45.73219,48.0
4.97244,45.73579,1.4
4.97228,45.73758,12.0
4.97211,45.73938,21.1
4.97194,45.74118,31.7
4.97178,45.74298,443.7
4.97161,45.74477,8.2
4.97145,45.74657,5.3
4.97128,45.74837,5.3
4.96995,45.76275,35.1
4.96962,45.76634,18.8
4.96945,45.76814,1.5
4.96929,45.76993,3.1
4.96912,45.77173,1.5
4.96896,45.77353,1.5
4.97964,45.68559,1.4
4.97947,45.68738,6.9
4.97931,45.68918,1.4
4.97831,45.69996,7.3
4.97815,45.70176,6.4
4.97782,45.70536,1.4
4.97765,45.70715,13.3
4.97749,45.70895,63.2
4.97732,45.71075,37.1
4.97716,45.71254,1.4
4.97583,45.72692,27.8
4.97567,45.72872,201.7
4.97550,45.73052,294.8
4.97533,45.73231,15.4
4.97517,45.73411,1.4
4.97500,45.73591,105.2
4.97484,45.73771,14.9
4.97434,45.74310,2.9
4.97384,45.74849,5.3
4.97285,45.75927,5.6
4.97268,45.76107,1.5
4.97235,45.76466,16.8
4.97218,45.76646,7.1
4.97202,45.76826,4.1
4.97169,45.77185,36.6
4.97152,45.77365,1.5
4.97135,45.77545,4.6
4.96953,45.79522,1.5
4.98203,45.68750,1.4
4.98087,45.70008,3.7
4.98071,45.70188,33.0
4.98054,45.70368,3.7
4.98005,45.70907,3.7
4.97773,45.73423,1.4
4.97756,45.73603,13.9
4.97740,45.73783,3.8
4.97674,45.74502,2.9
4.97657,45.74681,11.0
4.97524,45.76119,1.5
4.97475,45.76658,1.5
4.97458,45.76838,77.4
4.97442,45.77018,30.5
4.97408,45.77377,200.5
4.97392,45.77557,4.1
4.97226,45.79354,1.5
4.98459,45.68762,5.0
4.98442,45.68942,22.0
4.98376,45.69661,6.4
4.98343,45.70021,11.0
4.98327,45.70200,1.4
4.98310,45.70380,2.7
4.98277,45.70740,76.5
4.98261,45.70919,65.1
4.98244,45.71099,3.7
4.98013,45.73615,1.4
4.97996,45.73795,1.4
4.97979,45.73975,1.4
4.97963,45.74154,73.0
4.97764,45.76311,63.1
4.97731,45.76670,4.1
4.97714,45.76850,7.6
4.97698,45.77030,14.8
4.97681,45.77210,104.8
4.97632,45.77749,16.3
4.97482,45.79366,14.8
4.98583,45.70212,13.3
4.98566,45.70392,129.2
4.98550,45.70572,18.3
4.98533,45.70752,301.0
4.98500,45.71111,75.1
4.98203,45.74346,1.4
4.98186,45.74526,3.8
4.98169,45.74706,1.4
4.97987,45.76683,151.7
4.97971,45.76862,267.7
4.97938,45.77222,202.1
4.97921,45.77401,16.3
4.98872,45.69865,6.9
4.98822,45.70404,126.0
4.98806,45.70584,27.9
4.98789,45.70764,33.4
4.98426,45.74718,1.4
4.98244,45.76695,752.7
4.98227,45.76874,7.6
4.98194,45.77234,51.9
4.98177,45.77414,21.4
4.98161,45.77593,1.5
4.99095,45.70237,99.9
4.99078,45.70416,321.2
4.99062,45.70596,38.9
4.99029,45.70956,95.3
4.98500,45.76707,1.6
4.98450,45.77246,24.4
4.98434,45.77426,4.1
4.99318,45.70608,31.6
4.99301,45.70788,3.7
4.99285,45.70968,31.6
4.98806,45.76180,125.7
4.98773,45.76539,16.1
4.98756,45.76719,271.3
4.98740,45.76899,54.3
4.98723,45.77078,178.4
4.98707,45.77258,115.5
4.98690,45.77438,17.2
4.98673,45.77618,1.6
4.99590,45.70441,31.6
4.99541,45.70980,68.3
4.99079,45.76012,37.1
4.99062,45.76192,1.6
4.99013,45.76731,84.4
4.98996,45.76911,8.1
4.98979,45.77090,3.2
4.98963,45.77270,1.6
4.98930,45.77630,21.5
4.98913,45.77809,4.3
4.98880,45.78169,1.6
4.99368,45.75665,1.6
4.99335,45.76024,37.1
4.99318,45.76204,9.7
4.99302,45.76384,1.6
4.99269,45.76743,41.9
4.99252,45.76923,4.3
4.99236,45.77103,4.8
4.99219,45.77282,3.2
4.99186,45.77642,17.7
4.99170,45.77821,13.4
4.99153,45.78001,4.3
4.99137,45.78181,1.6
4.99104,45.78540,4.3
4.99087,45.78720,3.2
4.99624,45.75677,5.9
4.99575,45.76216,47.3
4.99558,45.76396,4.8
4.99542,45.76576,12.9
4.99525,45.76755,54.3
4.99509,45.76935,84.4
4.99443,45.77654,4.3
4.99426,45.77834,71.5
4.99410,45.78013,5.9
4.99376,45.78373,11.3
4.99360,45.78552,1.6
4.99343,45.78732,1.6
4.99327,45.78912,80.1
4.99294,45.79271,5.9
4.99897,45.75509,1.6
4.99881,45.75689,1.6
4.99864,45.75869,1.6
4.99814,45.76408,6.4
4.99798,45.76588,127.9
4.99765,45.76947,81.7
4.99715,45.77486,7.5
4.99699,45.77666,39.2
4.99682,45.77846,41.4
4.99666,45.78025,5.9
4.99649,45.78205,1.6
4.99633,45.78385,8.1
4.99616,45.78565,4.3
4.99600,45.78744,1.6
4.99583,45.78924,1.6
5.00153,45.75521,1.6
5.00104,45.76061,9.7
5.00087,45.76240,40.3
5.00071,45.76420,3.2
5.00054,45.76600,148.3
5.00038,45.76779,54.3
5.00021,45.76959,165.0
5.00005,45.77139,205.3
4.99988,45.77319,1.6
4.99972,45.77498,3.2
4.99955,45.77678,3.2
4.99939,45.77858,1.6
4.99922,45.78038,15.6
4.99906,45.78217,4.3
4.99889,45.78397,1.6
4.99873,45.78577,1.6
5.00393,45.75713,1.6
5.00377,45.75893,1.6
5.00360,45.76073,4.3
5.00344,45.76252,7.5
5.00327,45.76432,174.6
5.00311,45.76612,716.8
5.00294,45.76792,54.8
5.00278,45.76971,16.1
5.00261,45.77151,1.6
5.00245,45.77331,1.6
5.00212,45.77690,1.6
5.00179,45.78050,1.6
5.00162,45.78229,1.6
5.00146,45.78409,1.6
5.00633,45.75905,8.1
5.00616,45.76085,8.1
5.00600,45.76264,5.9
5.00583,45.76444,11.3
5.00567,45.76624,874.2
5.00534,45.76983,4.3
5.00517,45.77163,38.7
5.00501,45.77343,12.4
5.00484,45.77523,1.6
5.00468,45.77702,125.2
5.00451,45.77882,1.6
5.00419,45.78241,15.6
5.00873,45.76097,17.2
5.00856,45.76277,10.2
5.00840,45.76456,10.2
5.00823,45.76636,18.8
5.00807,45.76816,9.7
5.00790,45.76995,15.6
5.00774,45.77175,1.6
5.00757,45.77355,1.6
5.00741,45.77535,1.6
5.00724,45.77714,60.7
5.00708,45.77894,4.3
5.00691,45.78074,3.2
5.00675,45.78253,92.4
5.01129,45.76109,37.1
5.01112,45.76289,7.5
5.01096,45.76468,113.4
5.01080,45.76648,384.2
5.01063,45.76828,40.3
5.01047,45.77007,17.7
5.01030,45.77187,5.9
5.00981,45.77726,12.4
5.00964,45.77906,4.8
5.00948,45.78086,3.2
5.01418,45.75761,4.3
5.01402,45.75941,3.2
5.01385,45.76121,4.3
5.01336,45.76660,4.3
5.01303,45.77020,9.7
5.01286,45.77199,4.3
5.01270,45.77379,1.6
5.01254,45.77559,4.3
5.01221,45.77918,7.5
5.01171,45.78457,1.6
5.01155,45.78637,1.6
5.01658,45.75953,5.9
5.01642,45.76133,3.2
5.01625,45.76313,160.1
5.01592,45.76672,16.7
5.01576,45.76852,5.9
5.01559,45.77032,1.6
5.01543,45.77211,16.1
5.01461,45.78110,1.6
5.01444,45.78290,5.9
5.01914,45.75965,37.1
5.01898,45.76145,12.4
5.01881,45.76325,166.6
5.01848,45.76684,482.5
5.01832,45.76864,37.1
5.01816,45.77044,92.4
5.01799,45.77223,104.2
5.01766,45.77583,7.5
5.01750,45.77763,8.1
5.01684,45.78481,3.2
5.02187,45.75798,282.1
5.02171,45.75977,91.9
5.02154,45.76157,116.1
5.02105,45.76696,699.6
5.02072,45.77056,415.9
5.02055,45.77235,374.0
5.02039,45.77415,162.3
5.02023,45.77595,74.1
5.02006,45.77775,1.6
5.01990,45.77954,15.6
5.01973,45.78134,80.1
5.01940,45.78494,1.6
5.02460,45.75630,15.6
5.02443,45.75810,38.7
5.02427,45.75989,8.1
5.02394,45.76349,161.7
5.02378,45.76529,168.7
5.02361,45.76708,27.9
5.02328,45.77068,809.7
5.02263,45.77787,1.6
5.02246,45.77966,1.6
5.02197,45.78506,5.9
5.02716,45.75642,52.7
5.02699,45.75822,66.6
5.02683,45.76001,95.6
5.02667,45.76181,5.9
5.02650,45.76361,45.1
5.02634,45.76541,60.2
5.02617,45.76720,82.2
5.02601,45.76900,125.7
5.02552,45.77439,101.6
5.02535,45.77619,8.1
5.02519,45.77799,159.0
5.02502,45.77978,168.7
5.02486,45.78158,220.8
5.02470,45.78338,27.4
5.02453,45.78518,34.4
5.02437,45.78697,4.3
5.02956,45.75834,27.4
5.02939,45.76013,105.3
5.02907,45.76373,316.5
5.02890,45.76553,252.5
5.02874,45.76732,74.1
5.02857,45.76912,117.1
5.02841,45.77092,60.2
5.02825,45.77272,106.4
5.02808,45.77451,298.2
5.02792,45.77631,230.0
5.02775,45.77811,188.6
5.02759,45.77990,80.1
5.02742,45.78170,78.4
5.02726,45.78350,154.7
5.03228,45.75666,15.6
5.03114,45.76924,10.2
5.03097,45.77104,112.6
5.03081,45.77284,5.1
5.03048,45.77643,183.6
5.03032,45.77823,47.2
5.03015,45.78002,10.3
5.02999,45.78182,209.0
5.02982,45.78362,215.5
5.02966,45.78542,37.1
5.02933,45.78901,1.6
5.02917,45.79081,4.3
5.03436,45.76217,37.1
5.03386,45.76756,191.3
5.03354,45.77116,36.2
5.03337,45.77296,50.9
5.03321,45.77475,74.5
5.03304,45.77655,9.2
5.03272,45.78014,153.5
5.03190,45.78913,63.9
5.03173,45.79093,9.9
5.03725,45.75870,1.6
5.03708,45.76049,80.1
5.03643,45.76768,567.4
5.03626,45.76948,81.0
5.03610,45.77128,275.9
5.03594,45.77308,471.1
5.03577,45.77487,52.0
5.03561,45.77667,47.2
5.03544,45.77847,409.2
5.03479,45.78566,1.0
5.03462,45.78745,9.9
5.03430,45.79105,25.6
5.03413,45.79285,1.0
5.03397,45.79464,1.0
5.03866,45.77140,31.4
5.03817,45.77679,23.6
5.03801,45.77859,308.7
5.03784,45.78038,23.6
5.03735,45.78578,1.0
5.03686,45.79117,12.0
5.03670,45.79297,3.1
5.04041,45.78050,1.0
5.03992,45.78590,20.9
5.03975,45.78769,1.0
5.03910,45.79488,2.1
5.04215,45.78961,1.0
5.04199,45.79141,1.0
5.04166,45.79500,3.1
5.04150,45.79680,2.1
5.04488,45.78793,1.0
5.04423,45.79512,2.1
5.04406,45.79692,12.3
5.04390,45.79872,2.7
5.04761,45.78626,1.0
5.04744,45.78805,2.7
5.04728,45.78985,1.0
5.04695,45.79345,2.7
5.04679,45.79524,39.0
5.04663,45.79704,136.7
5.04646,45.79884,8.9
5.04952,45.79357,1.0
5.04919,45.79716,78.3
5.04903,45.79896,2.7
5.04886,45.80075,3.8
5.04870,45.80255,1.0
5.05176,45.79728,2.1
5.05159,45.79908,6.2
5.05127,45.80267,1.0
5.05432,45.79740,2.7
5.05416,45.79920,1.0
5.05367,45.80459,1.0
5.05803,45.78494,6.2
5.05689,45.79752,2.7
5.05640,45.80291,2.7
5.05929,45.79944,1.0
5.05912,45.80123,3.8
