lon,lat,pop
4.76820,45.55799,6
4.76803,45.55979,3
4.77059,45.55991,2
4.77569,45.56017,2
4.77535,45.56376,3
4.78556,45.56426,8
4.77518,45.56556,2
4.79305,45.56644,3
4.78267,45.56773,5
4.79288,45.56824,9
4.79543,45.56836,31
4.79799,45.56849,214.5
4.77994,45.56940,4
4.78505,45.56966,5
4.79016,45.56991,4
4.79271,45.57003,72
4.79526,45.57016,305
4.76190,45.57032,5
4.76445,45.57044,25
4.76700,45.57057,3
4.76956,45.57070,2
4.77211,45.57082,5
4.78488,45.57145,7
4.78999,45.57170,2
4.79254,45.57183,76
4.79509,45.57196,17
4.77960,45.57300,10
4.78981,45.57350,185.5
4.79237,45.57363,165
4.79492,45.57375,21
4.76155,45.57391,3
4.76411,45.57404,2
4.77177,45.57442,13
4.77432,45.57454,9
4.77687,45.57467,21.5
4.78709,45.57517,22
4.78964,45.57530,122
4.79220,45.57542,25
4.71797,45.57355,4
4.76138,45.57571,4
4.76393,45.57583,7
4.76649,45.57596,2
4.77415,45.57634,20
4.77670,45.57647,89
4.78181,45.57672,15
4.78436,45.57684,21
4.78692,45.57697,136
4.78947,45.57710,11
4.71524,45.57522,4
4.71779,45.57534,4
4.73822,45.57636,1
4.74078,45.57649,4
4.74844,45.57687,7
4.75099,45.57700,41
4.75355,45.57712,41
4.76121,45.57750,7.5
4.76887,45.57788,4
4.77398,45.57814,3
4.77653,45.57826,85.5
4.77909,45.57839,5
4.78164,45.57852,26
4.78419,45.57864,32
4.78675,45.57877,5.5
4.72273,45.57740,2
4.75082,45.57879,50.5
4.75337,45.57892,78.5
4.75593,45.57905,33
4.75848,45.57917,2
4.76359,45.57943,5
4.76614,45.57955,3
4.77125,45.57981,8
4.77381,45.57993,17
4.77636,45.58006,141
4.77891,45.58019,95
4.78147,45.58031,46
4.71234,45.57868,3
4.72256,45.57919,17
4.72511,45.57932,35
4.72766,45.57945,4
4.73277,45.57970,2
4.73532,45.57983,8
4.74043,45.58008,4
4.74299,45.58021,28
4.74554,45.58034,30
4.74809,45.58046,6
4.75065,45.58059,23
4.75320,45.58072,52
4.75576,45.58085,38
4.75831,45.58097,17
4.76086,45.58110,1
4.76342,45.58122,8
4.76597,45.58135,11
4.76853,45.58148,8
4.77108,45.58160,202
4.77363,45.58173,620
4.77619,45.58186,550.5
4.77874,45.58198,64
4.71472,45.58061,11
4.72238,45.58099,1
4.72494,45.58112,30
4.72749,45.58124,31
4.73515,45.58163,10
4.73771,45.58175,29
4.74026,45.58188,6
4.74537,45.58213,6
4.74792,45.58226,19
4.75048,45.58239,29
4.75303,45.58252,82.5
4.75558,45.58264,88.5
4.75814,45.58277,107
4.76069,45.58290,9
4.76580,45.58315,7
4.76835,45.58327,84
4.77091,45.58340,487.5
4.77346,45.58353,369.5
4.77602,45.58365,78
4.71455,45.58240,3
4.72221,45.58279,8
4.72476,45.58291,8
4.72732,45.58304,4
4.73243,45.58330,4
4.73753,45.58355,5
4.74009,45.58368,9
4.74264,45.58380,8
4.74520,45.58393,11
4.75541,45.58444,40
4.75797,45.58457,150
4.76052,45.58469,113.5
4.76307,45.58482,126.5
4.76563,45.58495,28
4.76818,45.58507,169
4.77074,45.58520,447
4.77329,45.58532,420.5
4.77585,45.58545,66.5
4.71948,45.58446,5
4.72714,45.58484,4
4.72970,45.58497,7
4.73991,45.58547,9
4.74247,45.58560,2.5
4.74502,45.58573,24
4.74758,45.58586,11
4.75013,45.58598,22
4.75269,45.58611,4
4.75524,45.58624,6
4.77057,45.58700,270
4.77312,45.58712,222
4.77567,45.58725,18
4.71675,45.58612,8
4.71931,45.58625,1
4.72186,45.58638,4
4.72697,45.58664,10
4.72953,45.58676,3
4.73208,45.58689,1
4.73463,45.58702,4
4.73974,45.58727,4
4.74230,45.58740,88
4.74485,45.58753,63
4.74740,45.58765,77
4.74996,45.58778,15
4.75251,45.58791,29
4.75507,45.58803,113
4.75762,45.58816,134
4.76018,45.58829,96
4.76273,45.58841,159
4.76529,45.58854,204.5
4.76784,45.58867,238.5
4.77039,45.58879,166
4.77295,45.58892,457
4.77550,45.58905,412
4.71913,45.58805,4
4.73191,45.58869,7
4.73701,45.58894,5
4.74212,45.58920,35
4.74468,45.58932,94.5
4.74723,45.58945,85.5
4.74979,45.58958,122.5
4.75234,45.58970,46
4.75490,45.58983,60
4.75745,45.58996,54
4.76000,45.59008,140
4.76256,45.59021,246
4.76511,45.59034,144
4.76767,45.59046,60
4.77022,45.59059,57
4.77278,45.59072,47
4.77533,45.59084,3
4.73684,45.59074,2
4.74195,45.59099,21
4.74451,45.59112,44.5
4.74706,45.59125,97.5
4.74961,45.59137,173
4.75217,45.59150,89
4.75472,45.59163,33
4.75728,45.59175,16
4.75983,45.59188,66
4.76239,45.59201,154.5
4.76494,45.59213,373.5
4.76750,45.59226,323
4.77005,45.59239,241
4.77260,45.59251,27.5
4.75200,45.59330,2
4.75455,45.59342,4
4.75711,45.59355,6
4.75966,45.59368,37
4.76221,45.59380,75
4.76477,45.59393,283
4.76732,45.59406,423
4.76988,45.59418,265.5
4.77243,45.59431,84.5
4.78010,45.59469,1
4.75182,45.59509,23
4.75949,45.59547,25
4.76204,45.59560,27
4.76460,45.59573,180
4.76715,45.59585,260.5
4.76971,45.59598,84
4.77226,45.59611,13
4.77482,45.59623,4
4.77737,45.59636,1
4.78248,45.59661,26
4.75421,45.59702,29.5
4.75676,45.59714,2
4.76187,45.59740,5
4.76443,45.59752,32
4.76698,45.59765,345
4.76954,45.59778,280
4.77209,45.59790,61.5
4.77464,45.59803,50.5
4.77720,45.59816,14.5
4.77975,45.59828,20
4.78231,45.59841,487
4.78486,45.59853,86
4.75659,45.59894,2
4.76170,45.59919,10
4.76425,45.59932,57
4.76681,45.59945,94
4.76936,45.59957,92
4.77192,45.59970,1
4.77447,45.59983,28
4.77703,45.59995,21.5
4.77958,45.60008,155.5
4.78214,45.60021,47
4.78469,45.60033,40
4.78725,45.60046,30
4.78980,45.60058,109
4.75897,45.60087,41
4.76153,45.60099,67
4.76408,45.60112,117
4.76664,45.60125,107
4.76919,45.60137,34
4.77175,45.60150,4
4.77430,45.60162,28
4.77686,45.60175,178
4.77941,45.60188,234.5
4.78197,45.60200,16
4.78708,45.60225,5
4.78963,45.60238,25
4.75880,45.60266,73.5
4.76135,45.60279,36
4.76391,45.60292,535
4.76646,45.60304,242.5
4.76902,45.60317,16
4.77157,45.60329,4
4.77413,45.60342,2
4.77669,45.60355,52
4.77924,45.60367,197.5
4.78180,45.60380,95.5
4.79202,45.60430,18
4.75863,45.60446,62
4.76118,45.60459,420.5
4.76374,45.60471,543
4.76629,45.60484,143
4.76885,45.60497,38
4.77140,45.60509,8
4.77651,45.60534,24
4.77907,45.60547,333
4.78162,45.60560,191
4.78418,45.60572,166.5
4.78673,45.60585,34
4.78929,45.60597,68
4.79184,45.60610,69
4.79440,45.60623,144
4.76101,45.60638,217
4.76357,45.60651,744
4.76612,45.60664,407.5
4.76868,45.60676,16.5
4.77123,45.60689,14
4.77379,45.60702,3
4.77634,45.60714,55
4.77890,45.60727,260.5
4.78145,45.60739,331.5
4.78401,45.60752,82
4.78656,45.60765,321.5
4.78912,45.60777,132.5
4.79167,45.60790,194.5
4.79423,45.60802,127
4.79678,45.60815,13
4.76595,45.60843,19
4.76850,45.60856,2
4.77106,45.60869,96
4.77361,45.60881,97
4.77617,45.60894,276.5
4.77873,45.60906,146
4.78128,45.60919,209
4.78384,45.60932,73
4.78639,45.60944,305
4.78895,45.60957,71
4.79150,45.60969,425
4.79406,45.60982,277.5
4.79661,45.60995,64
4.79917,45.61007,1
4.76833,45.61036,1
4.77600,45.61074,89
4.77855,45.61086,119.5
4.78111,45.61099,120.5
4.78366,45.61111,215.5
4.78622,45.61124,284.5
4.78878,45.61137,50.5
4.79133,45.61149,176
4.79389,45.61162,90.5
4.79644,45.61174,178.5
4.79900,45.61187,65
4.77583,45.61253,147
4.77838,45.61266,133
4.78094,45.61278,109
4.78349,45.61291,89
4.78605,45.61304,71.5
4.78860,45.61316,43
4.79116,45.61329,67.5
4.79372,45.61341,135
4.79627,45.61354,157.5
4.79883,45.61367,33
4.80138,45.61379,3
4.77821,45.61446,42.5
4.78077,45.61458,2
4.78332,45.61471,4
4.79610,45.61534,71
4.79866,45.61546,140
4.80121,45.61559,121
4.79849,45.61726,62
4.80104,45.61739,56
4.80087,45.61918,2
4.80070,45.62098,4
4.83563,45.63172,21
4.83819,45.63184,9
4.82780,45.63314,1
4.83035,45.63327,13
4.83547,45.63352,3
4.83802,45.63364,18
4.84313,45.63389,5
4.84569,45.63401,22
4.84825,45.63414,69
4.85080,45.63426,68
4.82251,45.63469,29
4.83530,45.63531,81.5
4.83785,45.63544,37
4.84041,45.63556,93
4.84297,45.63569,78
4.84552,45.63581,42
4.84808,45.63594,11.5
4.85064,45.63606,21
4.80189,45.63548,7
4.80445,45.63561,34
4.80700,45.63573,17
4.83001,45.63686,57.5
4.83257,45.63699,138
4.83513,45.63711,136
4.83768,45.63723,87
4.84024,45.63736,80
4.84280,45.63748,91.5
4.84535,45.63761,56
4.79149,45.63678,3
4.79405,45.63690,17
4.79660,45.63703,49.5
4.79916,45.63715,85
4.80172,45.63728,25
4.80427,45.63740,81.5
4.80683,45.63753,19
4.82984,45.63866,20.5
4.83240,45.63878,14
4.83496,45.63891,129
4.83751,45.63903,144
4.84007,45.63916,131
4.84263,45.63928,139.5
4.84518,45.63941,111
4.84774,45.63953,20
4.85030,45.63966,16
4.85285,45.63978,3
4.85541,45.63990,97.5
4.78365,45.63820,33
4.78621,45.63832,52
4.78876,45.63845,49.5
4.79132,45.63857,4
4.79388,45.63870,28
4.79643,45.63882,59
4.79899,45.63895,66
4.80155,45.63908,93
4.80410,45.63920,125.5
4.80666,45.63933,34
4.80922,45.63945,18
4.82967,45.64045,2
4.83223,45.64058,10
4.83479,45.64070,29
4.83734,45.64083,56
4.83990,45.64095,83
4.84246,45.64108,19
4.84501,45.64120,17
4.84757,45.64133,14
4.85013,45.64145,5
4.89360,45.64356,2
4.78092,45.63987,25
4.78348,45.63999,37
4.78603,45.64012,4
4.78859,45.64024,3
4.79115,45.64037,5
4.79371,45.64050,18
4.79626,45.64062,71
4.79882,45.64075,98.5
4.80138,45.64087,62
4.80393,45.64100,32
4.80649,45.64112,27
4.80905,45.64125,28
4.83462,45.64250,50
4.83717,45.64263,137
4.83973,45.64275,83
4.84229,45.64288,2
4.84484,45.64300,2
4.84740,45.64312,4
4.84996,45.64325,7
4.85252,45.64337,2
4.85507,45.64350,15
4.89343,45.64536,11
4.77819,45.64154,4
4.78075,45.64166,12
4.78331,45.64179,30
4.78842,45.64204,37
4.79098,45.64217,56
4.79353,45.64229,82.5
4.79609,45.64242,80
4.79865,45.64254,52
4.80120,45.64267,50
4.80376,45.64280,65
4.80632,45.64292,79.5
4.80888,45.64305,81
4.81143,45.64317,4
4.83445,45.64430,8
4.83700,45.64442,61.5
4.83956,45.64455,51.5
4.84212,45.64467,13
4.84467,45.64480,5
4.85235,45.64517,6
4.85490,45.64530,19.5
4.78569,45.64371,2
4.78825,45.64384,15
4.79081,45.64396,77
4.79336,45.64409,136.5
4.79592,45.64422,66.5
4.79848,45.64434,110.5
4.80103,45.64447,198
4.80359,45.64459,85.5
4.80615,45.64472,78.5
4.80871,45.64484,6.5
4.81126,45.64497,111
4.81382,45.64509,18
4.83939,45.64635,2
4.84195,45.64647,73.5
4.84450,45.64659,57.5
4.84706,45.64672,6
4.94936,45.65165,4
4.95192,45.65177,31
4.95447,45.65190,72.5
4.95703,45.65202,6
4.78552,45.64551,13
4.78808,45.64564,35
4.79063,45.64576,69
4.79319,45.64589,106
4.79575,45.64601,58
4.79831,45.64614,42
4.80086,45.64626,50
4.80342,45.64639,100.5
4.80598,45.64652,130
4.80853,45.64664,44.5
4.81109,45.64677,152
4.81365,45.64689,261.5
4.84178,45.64827,54
4.84434,45.64839,66
4.84689,45.64852,54
4.84945,45.64864,21
4.90316,45.65124,3
4.94919,45.65345,175.5
4.95175,45.65357,91.5
4.95431,45.65369,111.5
4.95687,45.65381,19
4.77768,45.64693,2
4.78023,45.64705,7
4.78279,45.64718,3
4.78535,45.64731,42
4.78791,45.64743,52
4.79046,45.64756,101.5
4.79302,45.64768,50
4.79558,45.64781,68.5
4.79813,45.64794,40
4.80069,45.64806,71.5
4.80325,45.64819,87
4.80581,45.64831,60.5
4.80836,45.64844,45
4.81092,45.64856,63
4.81348,45.64869,253.5
4.81604,45.64881,32
4.84672,45.65031,11
4.89532,45.65267,2
4.89787,45.65279,1
4.94647,45.65512,184
4.94903,45.65525,122
4.95158,45.65537,136
4.95414,45.65549,128.5
4.95670,45.65561,10
4.77495,45.64860,15
4.77751,45.64872,4
4.78006,45.64885,36.5
4.78262,45.64898,102.5
4.78518,45.64910,52
4.78773,45.64923,84
4.79029,45.64935,47
4.79285,45.64948,108.5
4.79541,45.64961,120
4.79796,45.64973,67
4.80052,45.64986,84
4.80308,45.64998,109
4.80564,45.65011,39
4.80819,45.65023,38
4.81075,45.65036,52
4.81331,45.65049,271.5
4.81586,45.65061,226.5
4.81842,45.65074,4
4.84655,45.65211,17
4.84911,45.65223,1
4.92840,45.65606,4
4.94375,45.65680,52
4.94630,45.65692,51
4.94886,45.65704,71.5
4.95142,45.65717,164
4.95398,45.65729,112
4.95653,45.65741,44
4.95909,45.65753,43
4.76966,45.65014,12
4.77222,45.65027,19
4.77478,45.65040,40
4.77733,45.65052,6
4.77989,45.65065,2
4.78245,45.65077,9
4.78501,45.65090,25
4.78756,45.65103,26
4.79012,45.65115,86
4.79268,45.65128,73
4.79524,45.65140,69
4.79779,45.65153,80
4.80035,45.65166,9
4.80291,45.65178,9
4.81058,45.65216,14
4.81314,45.65228,374.5
4.81569,45.65241,709
4.81825,45.65253,16
4.84894,45.65403,8
4.89754,45.65639,40
4.90010,45.65651,45.5
4.90265,45.65663,70
4.90521,45.65676,24
4.94102,45.65847,20
4.94358,45.65860,134.5
4.94614,45.65872,45
4.94869,45.65884,81.5
4.95125,45.65896,80
4.95381,45.65908,86.5
4.95637,45.65921,7
4.95893,45.65933,93
4.96148,45.65945,10
4.96916,45.65982,8
4.77972,45.65244,3
4.78228,45.65257,4
4.78739,45.65282,5
4.78995,45.65295,50
4.79251,45.65307,95
4.79506,45.65320,99.5
4.79762,45.65333,60
4.80018,45.65345,6
4.80274,45.65358,17
4.80529,45.65370,9
4.81041,45.65395,8
4.81297,45.65408,62
4.81552,45.65421,40
4.81808,45.65433,6
4.84877,45.65583,8
4.85133,45.65595,2
4.89737,45.65818,60.5
4.89993,45.65831,60
4.90249,45.65843,176
4.90504,45.65855,173.5
4.90760,45.65868,80
4.91527,45.65905,4
4.93830,45.66015,3
4.94085,45.66027,66.5
4.94341,45.66039,129.5
4.94597,45.66052,117
4.94853,45.66064,106.5
4.95109,45.66076,177.5
4.95364,45.66088,66
4.95620,45.66100,19
4.95876,45.66113,176.5
4.96132,45.66125,49
4.96388,45.66137,1
4.96899,45.66161,2
4.77955,45.65424,8
4.78211,45.65437,6
4.78466,45.65449,23
4.78722,45.65462,114.5
4.78978,45.65475,46.5
4.79234,45.65487,69
4.79489,45.65500,87
4.79745,45.65512,115
4.80001,45.65525,45
4.80257,45.65537,22
4.80768,45.65563,3
4.81280,45.65588,11
4.81535,45.65600,10
4.81791,45.65613,10
4.84860,45.65763,9
4.85116,45.65775,6
4.85628,45.65800,2
4.89720,45.65998,58
4.89976,45.66010,115
4.90232,45.66023,230.5
4.90488,45.66035,88
4.90743,45.66047,86
4.93813,45.66195,73
4.94069,45.66207,157.5
4.94325,45.66219,138
4.94580,45.66231,76
4.94836,45.66244,100
4.95092,45.66256,126
4.95348,45.66268,265.5
4.95604,45.66280,439
4.95859,45.66292,377.5
4.96115,45.66304,33
4.78449,45.65629,13.5
4.79216,45.65667,27
4.79472,45.65679,85
4.79728,45.65692,86
4.79984,45.65705,43.5
4.80239,45.65717,2
4.81774,45.65792,19
4.82030,45.65805,9
4.84588,45.65930,2
4.85099,45.65955,5
4.85611,45.65980,17
4.89448,45.66165,31.5
4.89703,45.66178,121.5
4.89959,45.66190,78
4.90215,45.66202,92.5
4.90471,45.66215,103.5
4.90727,45.66227,98
4.90982,45.66239,19
4.91238,45.66252,4
4.93796,45.66374,115
4.94052,45.66387,203.5
4.94308,45.66399,119
4.94564,45.66411,101.5
4.94820,45.66423,125
4.95075,45.66435,149.5
4.95331,45.66448,467
4.95587,45.66460,143
4.95843,45.66472,154.5
4.96099,45.66484,83.5
4.96355,45.66496,51
4.96610,45.66509,5
4.78944,45.65834,5
4.79199,45.65847,52
4.79455,45.65859,107
4.79711,45.65872,135
4.79967,45.65884,46
4.80222,45.65897,4
4.81757,45.65972,346
4.82013,45.65985,9
4.84571,45.66110,3
4.84826,45.66122,12
4.85338,45.66147,120
4.85594,45.66159,166.5
4.89175,45.66333,219.5
4.89431,45.66345,321.5
4.89687,45.66358,643.5
4.89942,45.66370,97.5
4.90198,45.66382,366
4.90454,45.66394,106.5
4.90710,45.66407,114
4.90966,45.66419,312
4.91221,45.66431,86.5
4.93524,45.66542,2
4.93780,45.66554,82
4.94036,45.66566,118.5
4.94291,45.66579,223
4.94547,45.66591,90
4.94803,45.66603,424
4.95059,45.66615,162.5
4.95315,45.66627,223.5
4.95570,45.66640,278.5
4.95826,45.66652,138.5
4.96082,45.66664,68
4.96338,45.66676,114
4.96594,45.66688,60
4.79182,45.66026,26
4.79438,45.66039,53.5
4.79694,45.66051,20
4.80205,45.66077,15
4.81740,45.66152,26
4.81996,45.66164,49
4.82252,45.66177,2
4.82507,45.66189,16
4.82763,45.66202,2
4.84554,45.66289,33
4.84809,45.66302,94.5
4.85065,45.66314,49
4.85321,45.66327,279.5
4.85577,45.66339,356.5
4.85833,45.66351,175.5
4.86088,45.66364,423.5
4.88902,45.66500,191
4.89158,45.66513,227
4.89414,45.66525,893
4.89926,45.66550,86.5
4.90181,45.66562,87
4.90437,45.66574,124
4.90693,45.66587,133
4.90949,45.66599,97
4.91461,45.66623,4
4.93507,45.66722,17
4.93763,45.66734,13
4.94275,45.66758,92.5
4.94531,45.66770,180
4.94786,45.66783,109.5
4.95042,45.66795,207
4.95298,45.66807,234.5
4.95554,45.66819,117.5
4.95810,45.66831,184.5
4.96066,45.66844,111
4.96321,45.66856,86
4.96577,45.66868,91
4.96833,45.66880,90.5
4.97089,45.66892,4
4.79165,45.66206,7
4.79421,45.66219,63
4.80188,45.66256,6
4.81211,45.66306,8
4.81723,45.66332,5
4.81979,45.66344,30
4.82234,45.66357,13
4.82490,45.66369,14
4.82746,45.66382,27.5
4.84537,45.66469,9
4.84792,45.66481,145.5
4.85048,45.66494,138
4.85304,45.66506,337.5
4.85560,45.66519,78
4.85816,45.66531,153
4.86072,45.66544,92
4.86327,45.66556,306
4.86583,45.66568,85
4.88886,45.66680,26
4.89141,45.66692,105
4.89397,45.66705,150
4.89653,45.66717,163
4.89909,45.66729,171
4.90165,45.66742,166
4.90420,45.66754,138
4.90676,45.66766,124
4.90932,45.66779,110.5
4.93746,45.66914,2
4.94514,45.66950,49.5
4.94770,45.66962,93
4.95026,45.66975,62.5
4.95281,45.66987,85.5
4.95537,45.66999,105
4.95793,45.67011,97
4.96049,45.67023,28.5
4.96305,45.67036,40
4.96561,45.67048,31
4.96817,45.67060,24
4.79404,45.66398,15
4.80683,45.66461,2
4.81706,45.66511,1
4.81962,45.66524,264.5
4.82217,45.66536,10
4.82473,45.66549,3
4.82729,45.66561,83
4.82985,45.66574,17.5
4.83241,45.66586,9
4.84520,45.66649,9
4.84776,45.66661,211
4.85031,45.66674,184
4.85287,45.66686,114
4.85543,45.66698,59
4.85799,45.66711,78
4.86055,45.66723,117.5
4.86310,45.66736,134
4.86566,45.66748,79
4.86822,45.66761,53
4.87078,45.66773,11
4.89125,45.66872,48
4.89380,45.66884,123
4.89636,45.66897,66
4.89892,45.66909,116.5
4.90148,45.66921,181
4.90404,45.66934,267
4.90660,45.66946,93.5
4.90915,45.66958,62.5
4.94497,45.67130,27
4.94753,45.67142,124
4.95009,45.67154,101
4.95265,45.67167,82
4.95521,45.67179,110.5
4.95777,45.67191,80
4.96032,45.67203,41
4.97056,45.67252,1
4.78619,45.66540,1
4.79131,45.66565,3
4.79387,45.66578,8.5
4.79642,45.66591,1
4.80921,45.66653,6
4.81177,45.66666,56
4.81433,45.66678,119
4.81689,45.66691,327.5
4.81945,45.66703,66.5
4.82200,45.66716,12
4.82456,45.66729,3
4.82712,45.66741,42
4.82968,45.66754,13
4.84759,45.66841,14
4.85014,45.66853,329.5
4.85270,45.66866,81.5
4.85526,45.66878,12
4.85782,45.66891,85
4.86038,45.66903,66.5
4.86294,45.66915,67
4.86549,45.66928,3
4.86805,45.66940,6
4.87061,45.66953,7
4.89364,45.67064,1
4.89619,45.67076,78.5
4.89875,45.67089,152
4.90131,45.67101,101.5
4.90387,45.67113,107.5
4.90643,45.67126,137.5
4.90899,45.67138,116
4.94736,45.67322,14
4.94992,45.67334,47
4.95760,45.67371,75.5
4.96016,45.67383,98
4.97039,45.67432,16
4.78602,45.66720,3
4.78858,45.66732,13.5
4.79369,45.66758,10
4.81160,45.66846,65
4.81416,45.66858,113
4.81672,45.66871,74.5
4.81928,45.66883,165
4.82183,45.66896,34
4.82439,45.66908,286.5
4.82695,45.66921,48.5
4.84742,45.67021,2
4.84997,45.67033,330.5
4.85253,45.67045,1
4.85509,45.67058,14.5
4.85765,45.67070,136
4.86021,45.67083,114
4.86277,45.67095,9
4.89603,45.67256,2
4.89858,45.67268,69
4.90114,45.67281,241.5
4.90370,45.67293,110
4.90626,45.67305,48
4.90882,45.67318,7
4.91138,45.67330,4
4.91649,45.67355,1
4.94976,45.67514,30
4.95232,45.67526,3
4.95487,45.67538,11
4.95743,45.67550,36
4.95999,45.67563,18
4.78841,45.66912,19
4.79096,45.66925,16.5
4.79864,45.66962,2
4.81143,45.67025,2
4.81399,45.67038,57
4.81655,45.67050,77
4.81910,45.67063,45
4.82166,45.67075,169.5
4.82422,45.67088,206
4.82678,45.67100,72.5
4.82934,45.67113,29
4.84981,45.67213,5
4.85236,45.67225,37
4.85748,45.67250,57
4.86004,45.67262,108
4.86260,45.67275,2
4.89586,45.67436,5
4.89842,45.67448,108.5
4.90098,45.67460,134.5
4.90353,45.67473,55
4.91377,45.67522,16
4.91633,45.67534,4
4.93936,45.67645,2
4.94191,45.67657,11
4.94447,45.67669,20.5
4.94703,45.67681,53
4.94959,45.67694,92.5
4.95215,45.67706,31.5
4.95471,45.67718,9
4.95727,45.67730,10
4.95983,45.67742,4
4.96239,45.67754,1
4.78823,45.67092,10
4.79079,45.67104,5
4.79335,45.67117,18
4.80870,45.67192,13
4.81126,45.67205,15
4.81382,45.67218,64.5
4.81638,45.67230,80
4.81893,45.67243,239
4.82149,45.67255,366
4.82405,45.67268,213
4.82661,45.67280,90
4.82917,45.67293,46.5
4.83173,45.67305,1
4.85475,45.67417,1
4.85731,45.67430,130
4.85987,45.67442,696
4.86243,45.67455,120
4.86499,45.67467,64.5
4.86755,45.67479,82
4.87010,45.67492,116
4.87266,45.67504,10
4.89313,45.67603,20
4.89569,45.67616,71
4.89825,45.67628,45
4.91360,45.67702,8
4.91616,45.67714,3
4.91872,45.67726,9
4.93663,45.67812,11
4.93919,45.67824,175
4.94175,45.67837,238
4.94431,45.67849,114.5
4.94687,45.67861,116
4.94942,45.67873,145
4.95198,45.67885,143
4.95454,45.67898,69
4.95710,45.67910,22.5
4.78806,45.67272,27
4.79062,45.67284,29
4.79318,45.67297,6
4.81109,45.67385,13
4.81365,45.67397,99
4.81621,45.67410,73.5
4.81876,45.67422,110
4.82132,45.67435,165.5
4.82388,45.67447,120
4.82644,45.67460,2
4.82900,45.67472,29
4.83156,45.67485,15
4.85714,45.67609,136
4.85970,45.67622,185.5
4.86226,45.67634,316.5
4.86482,45.67647,155.5
4.86738,45.67659,141.5
4.86994,45.67672,150
4.87249,45.67684,33
4.89296,45.67783,2
4.89552,45.67795,196.5
4.89808,45.67808,22
4.90064,45.67820,9
4.91855,45.67906,1
4.93646,45.67992,22
4.93902,45.68004,46
4.94158,45.68016,295.5
4.94414,45.68029,132
4.94670,45.68041,80.5
4.94926,45.68053,109
4.95182,45.68065,39
4.95438,45.68077,5
4.95694,45.68090,7
4.78533,45.67439,37
4.78789,45.67451,131
4.79045,45.67464,66
4.80068,45.67514,6
4.81348,45.67577,54.5
4.81603,45.67589,93
4.81859,45.67602,115
4.82115,45.67615,189
4.82371,45.67627,92.5
4.82627,45.67640,16
4.82883,45.67652,7
4.85697,45.67789,35
4.85953,45.67802,104
4.86209,45.67814,84.5
4.86465,45.67826,98
4.86721,45.67839,110
4.86977,45.67851,159
4.87232,45.67864,20
4.89280,45.67963,4
4.89535,45.67975,12
4.89791,45.67987,4
4.91327,45.68061,1
4.91583,45.68073,4
4.92350,45.68110,1
4.92606,45.68123,8
4.93630,45.68172,24
4.93886,45.68184,52
4.94142,45.68196,201
4.94397,45.68208,53
4.94653,45.68220,25
4.94909,45.68233,58
4.95165,45.68245,42.5
4.95421,45.68257,53
4.95677,45.68269,36
4.98236,45.68391,9
4.98492,45.68403,54.5
4.98748,45.68415,5
4.78004,45.67593,20
4.78260,45.67606,80
4.78516,45.67618,94
4.78772,45.67631,72.5
4.79028,45.67644,29.5
4.79284,45.67656,5
4.80819,45.67732,4
4.81075,45.67744,8
4.81331,45.67757,77
4.81586,45.67769,53
4.81842,45.67782,81.5
4.82098,45.67794,103
4.82354,45.67807,83
4.82610,45.67819,31
4.82866,45.67832,5
4.83122,45.67844,32
4.85680,45.67969,47
4.85936,45.67981,106
4.86192,45.67994,76
4.86448,45.68006,164
4.86704,45.68019,157.5
4.86960,45.68031,69
4.87216,45.68043,4
4.89519,45.68155,7
4.92078,45.68278,1
4.92589,45.68302,22
4.92845,45.68315,20.5
4.93101,45.68327,7
4.93357,45.68339,44
4.93613,45.68351,1
4.94125,45.68376,6
4.94893,45.68412,109
4.95149,45.68425,68
4.95404,45.68437,22
4.95660,45.68449,36
4.96428,45.68486,1
4.96684,45.68498,21
4.96940,45.68510,22
4.97196,45.68522,35
4.97452,45.68534,22
4.97708,45.68546,57
4.97964,45.68559,60
4.98220,45.68571,64
4.98476,45.68583,100.5
4.98731,45.68595,3
4.77987,45.67773,84
4.78243,45.67785,169
4.78499,45.67798,109.5
4.78755,45.67811,100.5
4.79267,45.67836,5
4.79522,45.67848,7
4.79778,45.67861,7
4.80034,45.67874,5
4.80546,45.67899,3
4.81058,45.67924,33
4.81313,45.67936,8
4.81569,45.67949,40
4.81825,45.67961,83
4.82081,45.67974,86
4.82337,45.67986,251
4.82593,45.67999,52.5
4.82849,45.68011,19
4.83105,45.68024,30.5
4.85408,45.68136,11.5
4.85663,45.68149,23
4.85919,45.68161,53
4.86175,45.68173,119
4.86431,45.68186,94
4.86687,45.68198,121
4.86943,45.68211,13
4.89502,45.68334,6
4.89758,45.68347,1.5
4.90525,45.68384,3
4.90781,45.68396,2
4.92829,45.68494,15
4.93085,45.68507,89
4.93340,45.68519,154
4.94108,45.68555,333
4.94364,45.68568,219.5
4.94620,45.68580,75
4.94876,45.68592,66
4.95644,45.68629,2
4.96923,45.68690,2
4.97435,45.68714,2
4.97691,45.68726,43.5
4.97947,45.68738,89.5
4.98203,45.68750,87
4.98459,45.68762,111
4.98715,45.68775,15
4.77970,45.67953,71
4.78226,45.67965,135
4.78482,45.67978,526
4.78738,45.67990,609
4.78994,45.68003,62
4.80017,45.68053,4
4.80273,45.68066,12
4.81296,45.68116,4
4.81552,45.68129,57
4.81808,45.68141,36
4.82064,45.68154,2
4.82320,45.68166,10
4.82576,45.68179,188
4.85646,45.68328,76
4.85902,45.68341,109
4.86158,45.68353,70.5
4.86414,45.68366,30
4.86670,45.68378,43
4.86926,45.68390,25
4.88973,45.68489,43
4.89229,45.68502,38
4.89485,45.68514,1
4.89741,45.68526,3
4.93068,45.68686,271
4.93324,45.68699,24
4.93580,45.68711,568
4.93836,45.68723,302.5
4.94092,45.68735,664.5
4.94347,45.68747,216.5
4.94603,45.68760,985.5
4.95627,45.68808,205.5
4.97163,45.68882,4
4.97675,45.68906,6
4.97931,45.68918,2
4.98187,45.68930,33
4.98442,45.68942,70.5
4.98698,45.68954,30
4.78209,45.68145,129
4.78976,45.68183,19
4.79232,45.68195,74
4.79488,45.68208,94
4.79744,45.68220,102
4.80000,45.68233,4
4.80768,45.68271,1
4.81023,45.68283,5
4.81279,45.68296,2
4.81535,45.68308,60
4.81791,45.68321,57
4.82047,45.68333,12
4.82303,45.68346,77
4.82559,45.68358,99
4.85374,45.68496,8
4.85630,45.68508,21
4.85885,45.68520,10
4.86141,45.68533,2
4.88956,45.68669,72
4.89212,45.68681,126
4.89468,45.68694,19
4.89724,45.68706,4
4.93051,45.68866,3
4.93307,45.68878,474.5
4.93563,45.68890,213
4.93819,45.68903,205
4.94075,45.68915,424
4.94331,45.68927,251.5
4.94587,45.68939,9
4.94843,45.68952,1249
4.95355,45.68976,2006.5
4.95611,45.68988,249
4.95866,45.69000,100
4.96122,45.69013,12
4.97914,45.69098,10
4.98170,45.69110,6
4.98426,45.69122,57
4.77936,45.68312,7
4.78703,45.68350,3
4.78959,45.68362,33
4.79215,45.68375,91
4.79471,45.68387,150
4.79727,45.68400,111
4.79983,45.68413,275
4.80239,45.68425,108
4.80495,45.68438,45.5
4.80750,45.68450,24
4.81006,45.68463,20
4.81774,45.68500,3
4.82030,45.68513,21
4.82286,45.68526,97
4.82542,45.68538,159
4.85357,45.68675,2
4.85613,45.68688,46.5
4.85869,45.68700,39.5
4.88684,45.68836,7
4.88940,45.68849,47
4.89195,45.68861,79
4.89451,45.68874,64
4.89707,45.68886,15
4.93290,45.69058,459
4.93546,45.69070,536
4.93802,45.69082,334.5
4.94058,45.69095,259
4.94314,45.69107,3
4.94826,45.69131,214
4.95338,45.69156,384.5
4.95594,45.69168,335.5
4.95850,45.69180,89
4.96106,45.69192,41
4.96618,45.69217,3
4.98153,45.69290,8
4.77663,45.68479,5
4.78174,45.68504,18
4.78430,45.68517,141.5
4.78686,45.68529,225.5
4.78942,45.68542,98
4.79198,45.68555,64
4.79454,45.68567,83
4.79710,45.68580,231.5
4.79966,45.68592,45
4.80222,45.68605,119.5
4.80477,45.68617,192.5
4.80733,45.68630,51
4.80989,45.68643,31
4.81245,45.68655,30
4.81501,45.68668,47
4.81757,45.68680,264
4.82013,45.68693,23
4.82269,45.68705,181
4.82525,45.68718,159
4.85340,45.68855,7
4.85596,45.68867,130
4.85852,45.68880,6
4.86107,45.68892,137
4.86363,45.68905,2
4.86875,45.68929,6
4.87131,45.68942,737.5
4.87387,45.68954,3
4.88155,45.68991,4
4.88411,45.69004,1
4.88667,45.69016,35
4.88923,45.69029,159
4.89179,45.69041,135
4.89435,45.69053,126.5
4.89690,45.69066,129.5
4.90202,45.69090,18.5
4.90970,45.69127,2
4.91226,45.69139,1
4.91482,45.69152,6
4.92250,45.69189,3
4.93274,45.69238,515.5
4.93530,45.69250,329
4.93786,45.69262,464
4.94042,45.69274,357.5
4.94298,45.69287,18.5
4.94553,45.69299,365.5
4.94809,45.69311,1511
4.95065,45.69323,213.5
4.95321,45.69335,2
4.95577,45.69348,320
4.95833,45.69360,9
4.96601,45.69396,3
4.77645,45.68659,2
4.78157,45.68684,7
4.78413,45.68696,116
4.78669,45.68709,194.5
4.78925,45.68722,68
4.79181,45.68734,73
4.79437,45.68747,109.5
4.79693,45.68759,73
4.79949,45.68772,115
4.80204,45.68785,90.5
4.80460,45.68797,145.5
4.80716,45.68810,238.5
4.80972,45.68822,80
4.81484,45.68847,19
4.81740,45.68860,75
4.81996,45.68872,120.5
4.82252,45.68885,70
4.82508,45.68897,316.5
4.82764,45.68910,12
4.85323,45.69035,110
4.85579,45.69047,386
4.85835,45.69060,669.5
4.86091,45.69072,32
4.86347,45.69084,142
4.86602,45.69097,44
4.87114,45.69122,181.5
4.87370,45.69134,3846.5
4.87626,45.69146,883
4.87882,45.69159,2
4.88138,45.69171,33
4.88906,45.69208,49
4.89162,45.69221,207
4.89418,45.69233,229
4.89674,45.69245,666
4.91209,45.69319,9
4.91977,45.69356,6
4.92233,45.69368,10
4.92489,45.69381,6
4.92745,45.69393,2
4.93001,45.69405,184.5
4.93257,45.69417,130
4.93513,45.69430,1010
4.93769,45.69442,328.5
4.94025,45.69454,745
4.94281,45.69466,516.5
4.94537,45.69479,116.5
4.94793,45.69491,368
4.95049,45.69503,769
4.95561,45.69527,130
4.95817,45.69540,48
4.96073,45.69552,93
4.96329,45.69564,33
4.98376,45.69661,7
4.98632,45.69673,6
4.98888,45.69685,19
4.78140,45.68864,48
4.78396,45.68876,53
4.78652,45.68889,34
4.78908,45.68901,28
4.79164,45.68914,21.5
4.79420,45.68927,140
4.79676,45.68939,218
4.79931,45.68952,128
4.80187,45.68964,78
4.80443,45.68977,972.5
4.80699,45.68989,303
4.80955,45.69002,58
4.81211,45.69015,25
4.81467,45.69027,24
4.81723,45.69040,38.5
4.81979,45.69052,108.5
4.82235,45.69065,23
4.82491,45.69077,100
4.82747,45.69090,17
4.85562,45.69227,120.5
4.85818,45.69239,174
4.86074,45.69252,177
4.86330,45.69264,884
4.86586,45.69277,1006.5
4.87097,45.69301,3
4.87353,45.69314,532
4.87609,45.69326,446.5
4.87865,45.69338,182
4.88121,45.69351,24
4.88377,45.69363,44.5
4.88633,45.69376,39.5
4.88889,45.69388,72
4.89145,45.69400,264
4.89401,45.69413,417
4.89657,45.69425,230
4.89913,45.69437,88.5
4.90169,45.69450,1
4.90425,45.69462,34
4.91449,45.69511,4
4.91961,45.69536,1
4.92472,45.69560,2
4.92728,45.69573,281
4.92984,45.69585,147.5
4.93240,45.69597,41
4.93496,45.69609,546
4.93752,45.69622,417.5
4.94008,45.69634,36
4.94264,45.69646,234.5
4.94520,45.69658,125.5
4.94776,45.69670,251
4.95032,45.69683,437.5
4.95288,45.69695,59
4.95544,45.69707,2307
4.95800,45.69719,96.5
4.96056,45.69731,112.5
4.96312,45.69744,7
4.98104,45.69829,16
4.98360,45.69841,31
4.98616,45.69853,68.5
4.98872,45.69865,86
4.77611,45.69018,12
4.77867,45.69031,4
4.78123,45.69043,32
4.78379,45.69056,33
4.78891,45.69081,7
4.79147,45.69094,3
4.79402,45.69106,159
4.79658,45.69119,154.5
4.79914,45.69131,194
4.80170,45.69144,94
4.80426,45.69157,100.5
4.80682,45.69169,341.5
4.80938,45.69182,8
4.81194,45.69194,27
4.81450,45.69207,4
4.81706,45.69219,50
4.81962,45.69232,72
4.82218,45.69244,53.5
4.85545,45.69407,284.5
4.85801,45.69419,76
4.86057,45.69431,156
4.86313,45.69444,60.5
4.86825,45.69469,1
4.87081,45.69481,740
4.87336,45.69493,424.5
4.87592,45.69506,688
4.87848,45.69518,343.5
4.88104,45.69531,436
4.88360,45.69543,802
4.88616,45.69555,42
4.88872,45.69568,412
4.89128,45.69580,207
4.89384,45.69592,43.5
4.89640,45.69605,95
4.89896,45.69617,141.5
4.90152,45.69629,214
4.90408,45.69642,101
4.91688,45.69703,3
4.91944,45.69715,3
4.92456,45.69740,208
4.92712,45.69752,634
4.92968,45.69765,1363.5
4.93224,45.69777,256.5
4.93480,45.69789,410.5
4.93736,45.69801,444
4.93992,45.69814,369.5
4.94248,45.69826,410
4.94504,45.69838,371
4.94760,45.69850,323
4.95015,45.69862,137
4.95271,45.69875,145.5
4.95527,45.69887,74
4.95783,45.69899,77
4.96039,45.69911,93.5
4.96295,45.69923,18
4.97319,45.69972,1
4.97575,45.69984,14
4.97831,45.69996,45.5
4.98087,45.70008,89.5
4.98343,45.70021,76
4.98599,45.70033,43.5
4.98855,45.70045,31
4.77338,45.69185,20
4.77594,45.69198,4
4.77850,45.69210,1
4.78106,45.69223,19
4.78362,45.69236,55
4.78618,45.69248,6
4.78873,45.69261,58.5
4.79129,45.69273,272.5
4.79385,45.69286,251.5
4.79641,45.69299,119.5
4.79897,45.69311,230
4.80153,45.69324,82.5
4.80409,45.69336,33
4.80665,45.69349,1232
4.81433,45.69386,5
4.81689,45.69399,28.5
4.81945,45.69412,28
4.82201,45.69424,8
4.85528,45.69586,913.5
4.85784,45.69599,9
4.86040,45.69611,169.5
4.86296,45.69624,259.5
4.86808,45.69648,589
4.87064,45.69661,444.5
4.87320,45.69673,851
4.87832,45.69698,347
4.88087,45.69710,50
4.88343,45.69723,119.5
4.88599,45.69735,181
4.88855,45.69747,122.5
4.89111,45.69760,122
4.89367,45.69772,340.5
4.89623,45.69784,220.5
4.89879,45.69797,1157.5
4.91927,45.69895,2
4.92183,45.69907,261
4.92439,45.69920,117
4.92695,45.69932,90
4.92951,45.69944,493
4.93207,45.69957,490
4.93463,45.69969,189
4.93719,45.69981,200.5
4.93975,45.69993,115
4.94231,45.70006,213.5
4.94487,45.70018,97
4.94743,45.70030,68.5
4.94999,45.70042,126
4.95255,45.70054,179
4.95767,45.70079,67
4.96023,45.70091,76
4.96279,45.70103,2
4.97303,45.70152,169.5
4.97559,45.70164,59
4.97815,45.70176,158
4.98071,45.70188,154
4.98327,45.70200,52
4.77065,45.69352,2
4.77321,45.69365,25.5
4.77577,45.69377,11
4.77833,45.69390,3
4.78344,45.69415,32
4.78600,45.69428,100
4.78856,45.69440,64
4.79112,45.69453,373.5
4.79368,45.69466,311.5
4.79624,45.69478,235
4.79880,45.69491,104
4.80136,45.69503,33
4.80392,45.69516,243
4.80648,45.69529,100.5
4.81416,45.69566,2
4.81672,45.69579,9
4.81928,45.69591,17
4.85511,45.69766,147.5
4.85767,45.69778,126.5
4.86023,45.69791,170
4.86791,45.69828,1169
4.87047,45.69840,745
4.87303,45.69853,654.5
4.87559,45.69865,595
4.87815,45.69878,105.5
4.88071,45.69890,205
4.88327,45.69902,462
4.88583,45.69915,562
4.88839,45.69927,789.5
4.89095,45.69939,90
4.89350,45.69952,194
4.89606,45.69964,127
4.89862,45.69976,409.5
4.91910,45.70075,25
4.92166,45.70087,100.5
4.92422,45.70099,131
4.92678,45.70112,142
4.92934,45.70124,332.5
4.93190,45.70136,202
4.93446,45.70149,237
4.93702,45.70161,451.5
4.93958,45.70173,108.5
4.94214,45.70185,408
4.94470,45.70197,61
4.94726,45.70210,149
4.94982,45.70222,125.5
4.95238,45.70234,115
4.97286,45.70332,4
4.97542,45.70344,79
4.97798,45.70356,109.5
4.98054,45.70368,75
4.98310,45.70380,52
4.98566,45.70392,6
4.77048,45.69532,5
4.77304,45.69544,2
4.77559,45.69557,5
4.77815,45.69570,8
4.78071,45.69582,9
4.78327,45.69595,62
4.78583,45.69608,75
4.78839,45.69620,135
4.79095,45.69633,210
4.79351,45.69645,282.5
4.79607,45.69658,117
4.79863,45.69671,180
4.80119,45.69683,4
4.80375,45.69696,24
4.80631,45.69708,60
4.80887,45.69721,91.5
4.81399,45.69746,29
4.81655,45.69758,88
4.85494,45.69946,1
4.85750,45.69958,79.5
4.86006,45.69970,83
4.86262,45.69983,548
4.86518,45.69995,478.5
4.86774,45.70008,969.5
4.87030,45.70020,281.5
4.87286,45.70033,983
4.87542,45.70045,67
4.87798,45.70057,112
4.88054,45.70070,765
4.88310,45.70082,439.5
4.88566,45.70094,615.5
4.88822,45.70107,724
4.89078,45.70119,183.5
4.89334,45.70132,163.5
4.89590,45.70144,78
4.89846,45.70156,70.5
4.91638,45.70242,6
4.91894,45.70255,131
4.92150,45.70267,151
4.92406,45.70279,125
4.92662,45.70291,97
4.92918,45.70304,108
4.93174,45.70316,637
4.93430,45.70328,416.5
4.93686,45.70340,83
4.93942,45.70353,160
4.94198,45.70365,148
4.94454,45.70377,737
4.94710,45.70389,111
4.94966,45.70402,143.5
4.95222,45.70414,52
4.97014,45.70499,5
4.97526,45.70523,59
4.97782,45.70536,93
4.98038,45.70548,60
4.98550,45.70572,3
4.76774,45.69699,12
4.77030,45.69712,10
4.77286,45.69724,13
4.77542,45.69737,6
4.77798,45.69749,3
4.78054,45.69762,14
4.78310,45.69775,7
4.78566,45.69787,44.5
4.78822,45.69800,159
4.79078,45.69812,286.5
4.79334,45.69825,360
4.79590,45.69838,199
4.79846,45.69850,67
4.80102,45.69863,51
4.80614,45.69888,2
4.85477,45.70125,15
4.85733,45.70138,124
4.85989,45.70150,187
4.86245,45.70163,351
4.86501,45.70175,187.5
4.86757,45.70187,479
4.87013,45.70200,62
4.87269,45.70212,68
4.87525,45.70225,157
4.87781,45.70237,128.5
4.88037,45.70249,382
4.88293,45.70262,347.5
4.88549,45.70274,251
4.88805,45.70287,9
4.89061,45.70299,1
4.89317,45.70311,88
4.89829,45.70336,235.5
4.90085,45.70348,652.5
4.90341,45.70361,83.5
4.91621,45.70422,36
4.91877,45.70434,228
4.92133,45.70447,20
4.92389,45.70459,5
4.92645,45.70471,40.5
4.92901,45.70483,72.5
4.93157,45.70496,101
4.93413,45.70508,60
4.93669,45.70520,93
4.93925,45.70532,209
4.94181,45.70545,203
4.94437,45.70557,123
4.94693,45.70569,96
4.94949,45.70581,53
4.95205,45.70594,57.5
4.97253,45.70691,7
4.97509,45.70703,61
4.97765,45.70715,65
4.98021,45.70727,53
4.98277,45.70740,15
4.98533,45.70752,10
4.77013,45.69891,5.5
4.77525,45.69916,2
4.78293,45.69954,7
4.78549,45.69967,23
4.78805,45.69980,126
4.79061,45.69992,80
4.79317,45.70005,519.5
4.79573,45.70017,223.5
4.79829,45.70030,104
4.80085,45.70042,62
4.85460,45.70305,15.5
4.85716,45.70317,169
4.85972,45.70330,112
4.86228,45.70342,128.5
4.86484,45.70355,85
4.86740,45.70367,183
4.86996,45.70380,395.5
4.87252,45.70392,27
4.87508,45.70404,224
4.87764,45.70417,1167.5
4.88020,45.70429,51
4.88276,45.70441,76.5
4.88532,45.70454,314.5
4.89556,45.70503,34
4.89812,45.70516,99
4.90068,45.70528,164.5
4.90324,45.70540,203.5
4.91348,45.70589,4
4.91860,45.70614,232
4.92116,45.70626,267
4.92372,45.70639,200.5
4.92628,45.70651,1
4.92884,45.70663,24
4.93140,45.70675,63
4.93396,45.70688,81
4.93652,45.70700,153
4.93908,45.70712,159.5
4.94164,45.70724,48
4.94420,45.70737,97
4.94676,45.70749,82.5
4.94932,45.70761,13
4.97237,45.70871,52.5
4.97493,45.70883,135
4.97749,45.70895,91.5
4.98005,45.70907,15
4.98261,45.70919,8
4.76740,45.70058,4
4.77252,45.70084,8
4.77508,45.70096,2
4.77764,45.70109,3
4.78532,45.70147,17
4.78788,45.70159,76.5
4.79044,45.70172,68.5
4.79300,45.70184,435.5
4.79556,45.70197,241.5
4.80067,45.70222,11
4.80323,45.70235,9
4.80579,45.70247,6
4.85443,45.70485,396
4.85699,45.70497,574
4.85955,45.70510,186.5
4.86211,45.70522,28
4.86467,45.70534,457.5
4.86723,45.70547,325
4.86979,45.70559,408.5
4.87747,45.70596,3
4.88003,45.70609,5
4.88259,45.70621,202.5
4.88515,45.70634,278.5
4.88771,45.70646,43
4.89795,45.70695,84
4.90051,45.70708,318.5
4.90307,45.70720,301.5
4.90563,45.70732,81
4.91075,45.70757,4
4.91843,45.70794,46
4.92099,45.70806,368
4.92355,45.70818,43.5
4.93379,45.70867,10
4.93636,45.70880,28.5
4.94148,45.70904,2
4.94404,45.70916,12
4.94660,45.70929,9
4.97220,45.71050,8
4.97476,45.71063,7
4.97732,45.71075,24
4.97988,45.71087,2
4.77235,45.70263,2
4.77491,45.70276,6
4.77747,45.70288,12
4.78259,45.70314,6
4.78515,45.70326,48
4.78770,45.70339,77
4.79026,45.70352,52
4.79282,45.70364,191
4.79538,45.70377,116
4.79794,45.70389,2
4.80306,45.70414,33
4.80562,45.70427,139
4.85170,45.70652,57
4.85426,45.70664,463
4.85682,45.70677,515
4.85938,45.70689,631.5
4.86194,45.70702,709
4.86450,45.70714,229.5
4.86706,45.70727,20
4.86962,45.70739,4
4.88242,45.70801,47
4.88498,45.70813,202.5
4.88754,45.70826,253
4.90034,45.70887,60.5
4.90290,45.70900,206
4.90546,45.70912,26.5
4.90802,45.70924,4
4.92083,45.70986,91
4.92339,45.70998,13
4.92595,45.71010,2
4.97203,45.71230,5
4.97716,45.71254,58
4.97972,45.71267,23
4.77217,45.70443,4.5
4.77473,45.70456,4
4.77729,45.70468,16
4.77985,45.70481,27
4.78241,45.70493,12
4.78497,45.70506,52
4.78753,45.70519,70
4.79009,45.70531,55
4.79265,45.70544,84
4.79521,45.70556,121
4.79777,45.70569,56
4.80033,45.70582,43
4.80289,45.70594,83
4.80545,45.70607,93
4.80801,45.70619,1858
4.81057,45.70632,77
4.85153,45.70832,47
4.85409,45.70844,376
4.85665,45.70857,546.5
4.85921,45.70869,477
4.86177,45.70881,459.5
4.86433,45.70894,213.5
4.86689,45.70906,11
4.88225,45.70981,53
4.88481,45.70993,268.5
4.88737,45.71005,477.5
4.88994,45.71018,3
4.92066,45.71166,9
4.92322,45.71178,19
4.97443,45.71422,22
4.77712,45.70648,4
4.77968,45.70660,9
4.78224,45.70673,6
4.78480,45.70686,61
4.78736,45.70698,73.5
4.78992,45.70711,131.5
4.79248,45.70724,54
4.79504,45.70736,53
4.79760,45.70749,62
4.80016,45.70761,153.5
4.80272,45.70774,163.5
4.80528,45.70786,40.5
4.81040,45.70811,157.5
4.81296,45.70824,632
4.81552,45.70837,255.5
4.81808,45.70849,57
4.85136,45.71011,73
4.85392,45.71024,283
4.85648,45.71036,620
4.85904,45.71049,420
4.86160,45.71061,235
4.86416,45.71074,1054.5
4.87184,45.71111,6
4.87440,45.71123,7
4.87953,45.71148,1
4.88209,45.71160,39
4.88465,45.71173,796.5
4.88721,45.71185,322
4.88977,45.71197,156.5
4.89233,45.71210,3
4.91793,45.71333,10
4.76927,45.70790,6
4.77183,45.70802,3
4.77439,45.70815,7
4.77951,45.70840,22
4.78463,45.70865,41
4.78719,45.70878,53
4.78975,45.70891,100.5
4.79231,45.70903,101
4.79487,45.70916,66
4.79743,45.70928,106
4.79999,45.70941,125
4.80255,45.70954,296
4.80511,45.70966,30.5
4.81023,45.70991,84.5
4.81279,45.71004,356.5
4.81535,45.71016,154
4.81791,45.71029,9
4.82047,45.71041,24
4.85119,45.71191,85
4.85375,45.71204,722
4.85631,45.71216,473
4.85887,45.71228,1003
4.86143,45.71241,880
4.86399,45.71253,524.5
4.87424,45.71303,7
4.87680,45.71315,2
4.87936,45.71328,1
4.88448,45.71352,14
4.88704,45.71365,231.5
4.88960,45.71377,215
4.89216,45.71389,4
4.91264,45.71488,13.5
4.91520,45.71500,23.5
4.77422,45.70995,13.5
4.78190,45.71032,4
4.78446,45.71045,23
4.78702,45.71058,69
4.78958,45.71070,28
4.79214,45.71083,40
4.79470,45.71095,45
4.79726,45.71108,171.5
4.79982,45.71121,138.5
4.80238,45.71133,391.5
4.80494,45.71146,23
4.80750,45.71158,69
4.81006,45.71171,133
4.81262,45.71183,278.5
4.81518,45.71196,147.5
4.81774,45.71208,1
4.84078,45.71321,2
4.84846,45.71358,3
4.85358,45.71383,18.5
4.86383,45.71433,4
4.88687,45.71544,1061.5
4.88943,45.71557,137
4.90735,45.71643,10
4.90991,45.71655,6
4.91247,45.71668,19.5
4.91504,45.71680,4
4.93808,45.71790,4
4.95089,45.71852,9
4.78173,45.71212,30
4.78429,45.71225,57
4.78685,45.71237,82.5
4.78941,45.71250,37
4.79197,45.71263,8
4.79453,45.71275,84
4.79709,45.71288,347
4.79965,45.71300,240.5
4.80221,45.71313,349
4.80477,45.71325,676
4.80733,45.71338,473.5
4.80989,45.71351,294
4.81245,45.71363,217.5
4.81501,45.71376,287.5
4.82013,45.71401,9
4.85597,45.71575,19
4.86110,45.71600,2
4.88158,45.71699,100.5
4.88414,45.71712,582.5
4.88670,45.71724,10
4.88926,45.71737,164.5
4.89182,45.71749,79.5
4.89950,45.71786,28
4.90719,45.71823,20
4.90975,45.71835,91.5
4.91231,45.71847,309
4.91487,45.71860,142.5
4.91743,45.71872,19
4.95328,45.72044,3
4.96096,45.72080,3
4.97121,45.72129,1
4.77387,45.71354,3
4.77643,45.71367,11
4.77899,45.71379,31
4.78155,45.71392,72
4.78411,45.71404,49
4.78667,45.71417,49.5
4.78923,45.71430,53
4.79179,45.71442,19.5
4.79436,45.71455,593.5
4.79692,45.71467,275
4.79948,45.71480,395.5
4.80204,45.71493,519.5
4.80460,45.71505,657.5
4.80716,45.71518,466.5
4.80972,45.71530,505.5
4.81228,45.71543,388.5
4.81484,45.71555,8
4.81740,45.71568,361
4.81996,45.71580,243
4.85837,45.71768,282
4.86093,45.71780,32
4.86349,45.71792,129
4.86605,45.71805,5
4.87117,45.71830,137
4.88653,45.71904,19
4.88909,45.71916,414
4.89165,45.71929,365.5
4.89421,45.71941,2
4.91214,45.72027,51.5
4.91470,45.72040,363
4.91982,45.72064,2
4.77626,45.71546,11
4.77882,45.71559,24
4.78138,45.71572,58
4.78394,45.71584,11
4.78650,45.71597,311.5
4.78906,45.71609,150.5
4.79162,45.71622,15
4.79418,45.71635,392
4.79674,45.71647,198
4.79930,45.71660,149
4.80186,45.71672,140
4.80443,45.71685,431.5
4.80699,45.71697,565.5
4.80955,45.71710,516.5
4.81211,45.71722,493
4.81467,45.71735,136
4.81723,45.71748,433
4.81979,45.71760,49
4.85051,45.71910,88
4.85307,45.71922,16.5
4.85564,45.71935,88
4.85820,45.71947,84
4.86076,45.71960,58
4.86332,45.71972,55
4.86588,45.71985,50
4.86844,45.71997,421
4.87100,45.72009,70
4.87868,45.72046,11
4.88892,45.72096,498
4.89149,45.72108,245
4.89405,45.72121,231.5
4.90941,45.72195,1
4.91709,45.72232,17
4.94014,45.72342,3
4.77865,45.71739,15
4.78121,45.71751,9.5
4.78377,45.71764,417.5
4.78633,45.71776,193
4.78889,45.71789,180.5
4.79145,45.71802,219
4.79401,45.71814,147
4.79657,45.71827,180.5
4.79913,45.71839,277.5
4.80169,45.71852,256
4.80425,45.71865,628.5
4.80681,45.71877,119.5
4.80938,45.71890,21
4.81194,45.71902,659.5
4.81450,45.71915,2
4.81706,45.71927,117.5
4.82218,45.71952,4
4.85547,45.72115,338
4.85803,45.72127,209.5
4.86571,45.72164,135.5
4.86827,45.72177,323.5
4.87339,45.72201,27
4.87595,45.72214,167
4.87851,45.72226,116
4.88107,45.72239,362
4.88363,45.72251,555.5
4.88620,45.72263,198
4.88876,45.72276,24
4.89132,45.72288,261.5
4.89388,45.72300,365.5
4.90668,45.72362,2
4.91693,45.72411,6
4.91949,45.72424,2
4.93998,45.72522,3
4.96559,45.72644,1
4.97071,45.72668,4
4.78104,45.71931,533.5
4.78360,45.71944,64
4.78616,45.71956,78
4.78872,45.71969,17
4.79128,45.71981,983.5
4.79384,45.71994,45.5
4.79640,45.72007,90
4.79896,45.72019,377
4.80152,45.72032,245
4.80408,45.72044,300.5
4.80664,45.72057,3
4.80920,45.72069,49
4.81176,45.72082,82.5
4.81433,45.72094,3.5
4.85530,45.72294,431
4.85786,45.72307,201
4.86042,45.72319,395.5
4.86298,45.72332,400.5
4.86554,45.72344,242
4.86810,45.72356,514.5
4.87066,45.72369,993
4.87322,45.72381,468.5
4.87578,45.72394,335.5
4.87834,45.72406,347
4.88090,45.72418,77
4.88347,45.72431,172.5
4.88603,45.72443,490
4.88859,45.72455,280.5
4.89115,45.72468,198
4.89627,45.72492,4
4.89883,45.72505,19
4.90395,45.72529,16
4.90651,45.72542,9
4.90908,45.72554,8.5
4.91164,45.72566,337.5
4.92444,45.72628,31.5
4.97054,45.72848,1
4.78087,45.72111,118
4.78343,45.72123,15
4.78599,45.72136,3
4.78855,45.72148,28
4.79111,45.72161,5
4.79367,45.72174,17
4.79623,45.72186,126
4.79879,45.72199,129
4.80135,45.72211,71
4.80391,45.72224,293.5
4.80647,45.72236,122.5
4.80903,45.72249,34.5
4.81159,45.72262,162
4.81415,45.72274,9
4.82952,45.72349,5
4.85513,45.72474,442
4.85769,45.72486,429.5
4.86025,45.72499,441
4.86281,45.72511,286.5
4.86537,45.72524,934
4.86793,45.72536,384.5
4.87049,45.72548,589
4.87305,45.72561,872
4.87561,45.72573,259.5
4.87818,45.72586,480.5
4.88074,45.72598,244
4.88330,45.72610,109
4.88586,45.72623,256
4.88842,45.72635,115
4.89098,45.72647,191.5
4.89354,45.72660,5
4.89866,45.72684,42
4.90122,45.72697,36
4.90635,45.72721,6
4.90891,45.72734,1715.5
4.91147,45.72746,528.5
4.91403,45.72758,70
4.91659,45.72771,557
4.91915,45.72783,140.5
4.92171,45.72795,354.5
4.92427,45.72807,60.5
4.96782,45.73015,8.5
4.78069,45.72290,92.5
4.78325,45.72303,52
4.78582,45.72316,88.5
4.78838,45.72328,69.5
4.79094,45.72341,5
4.79350,45.72353,70
4.79606,45.72366,86
4.79862,45.72378,68
4.80118,45.72391,65.5
4.80374,45.72404,477
4.80630,45.72416,226
4.80886,45.72429,69
4.81142,45.72441,162.5
4.81398,45.72454,111
4.81654,45.72466,201
4.82679,45.72516,117
4.82935,45.72529,3
4.84215,45.72591,3
4.85496,45.72654,1118
4.85752,45.72666,376.5
4.86008,45.72678,508
4.86264,45.72691,33
4.86520,45.72703,56
4.86776,45.72716,1408
4.87032,45.72728,1341
4.87288,45.72741,10
4.87545,45.72753,264.5
4.87801,45.72765,395.5
4.88057,45.72778,459
4.88313,45.72790,139.5
4.88569,45.72802,631.5
4.88825,45.72815,150
4.89081,45.72827,223
4.90106,45.72877,138
4.90362,45.72889,583
4.90618,45.72901,265.5
4.90874,45.72913,107
4.91130,45.72926,169.5
4.91386,45.72938,148.5
4.91642,45.72950,512.5
4.91898,45.72963,602
4.92155,45.72975,63.5
4.97277,45.73219,57
4.97790,45.73244,2
4.77796,45.72457,138.5
4.78052,45.72470,241.5
4.78308,45.72483,67.5
4.78564,45.72495,47
4.78820,45.72508,29.5
4.79076,45.72520,17.5
4.79589,45.72546,33.5
4.79845,45.72558,55
4.80101,45.72571,54
4.80357,45.72583,32
4.80613,45.72596,7
4.80869,45.72608,716
4.81125,45.72621,44
4.81381,45.72634,189.5
4.81637,45.72646,265.5
4.82662,45.72696,2
4.83686,45.72746,56.5
4.84454,45.72784,4
4.84967,45.72808,1516
4.85223,45.72821,455.5
4.85479,45.72833,313
4.85735,45.72846,640.5
4.85991,45.72858,529
4.86247,45.72871,164.5
4.86503,45.72883,1457.5
4.86759,45.72895,248.5
4.87015,45.72908,366
4.87528,45.72933,1600
4.87784,45.72945,310
4.88040,45.72957,428.5
4.88296,45.72970,971
4.88552,45.72982,363
4.88808,45.72995,66.5
4.89064,45.73007,2
4.89320,45.73019,468.5
4.89577,45.73032,24
4.89833,45.73044,197
4.90089,45.73056,2
4.90345,45.73069,299.5
4.90601,45.73081,218.5
4.90857,45.73093,125
4.91113,45.73105,373
4.91369,45.73118,522
4.91626,45.73130,688.5
4.91882,45.73142,172.5
4.92650,45.73179,16
4.96492,45.73362,4
4.96748,45.73375,2
4.97005,45.73387,60.5
4.97261,45.73399,34.5
4.97517,45.73411,61
4.97773,45.73423,108
4.77523,45.72624,56
4.77779,45.72637,151
4.78035,45.72650,15.5
4.78291,45.72662,30
4.78547,45.72675,29
4.78803,45.72688,86
4.79059,45.72700,42
4.79315,45.72713,11
4.79571,45.72725,42
4.79828,45.72738,57
4.80084,45.72750,6
4.80340,45.72763,22
4.80596,45.72776,73.5
4.80852,45.72788,26
4.81108,45.72801,736
4.81364,45.72813,186
4.82132,45.72851,17
4.82901,45.72888,324
4.83157,45.72901,294.5
4.83413,45.72913,491
4.83669,45.72926,555.5
4.83925,45.72938,200.5
4.84181,45.72951,2
4.84950,45.72988,315.5
4.85206,45.73001,690.5
4.85462,45.73013,742.5
4.85718,45.73025,324.5
4.85974,45.73038,264
4.86230,45.73050,987.5
4.86486,45.73063,327
4.86742,45.73075,109
4.86999,45.73088,194.5
4.87255,45.73100,484
4.87511,45.73112,542
4.87767,45.73125,301
4.88023,45.73137,180
4.88279,45.73149,216.5
4.88535,45.73162,596
4.88791,45.73174,193
4.89047,45.73187,373
4.89560,45.73211,15
4.89816,45.73224,248.5
4.90072,45.73236,167.5
4.90328,45.73248,413.5
4.90584,45.73261,204
4.90840,45.73273,195.5
4.91097,45.73285,523.5
4.91353,45.73297,341.5
4.91609,45.73310,339.5
4.91865,45.73322,338.5
4.95707,45.73506,27
4.96219,45.73530,20
4.96476,45.73542,125.5
4.96732,45.73554,228
4.96988,45.73567,68
4.97244,45.73579,101.5
4.97500,45.73591,151
4.97756,45.73603,118
4.98013,45.73615,87
4.73664,45.72614,35
4.75969,45.72728,1
4.76225,45.72741,6
4.76481,45.72754,6
4.77250,45.72791,12
4.77506,45.72804,96
4.77762,45.72817,84
4.78018,45.72829,311
4.78530,45.72855,64
4.78786,45.72867,62
4.79042,45.72880,79
4.79298,45.72892,41
4.79554,45.72905,99
4.79810,45.72918,89
4.80067,45.72930,46.5
4.80323,45.72943,22
4.80579,45.72955,20
4.80835,45.72968,367.5
4.81091,45.72980,515.5
4.81347,45.72993,539
4.82628,45.73056,6
4.82884,45.73068,727
4.83140,45.73081,269.5
4.83396,45.73093,682
4.83652,45.73105,777.5
4.83908,45.73118,246
4.84933,45.73168,498
4.85189,45.73180,620
4.85445,45.73193,648
4.85701,45.73205,124.5
4.85957,45.73218,479.5
4.86213,45.73230,350
4.86469,45.73242,1143.5
4.86725,45.73255,665
4.86982,45.73267,78
4.87238,45.73280,689
4.87494,45.73292,882
4.87750,45.73304,31
4.88006,45.73317,392
4.88262,45.73329,713.5
4.88518,45.73342,566.5
4.88775,45.73354,30
4.89031,45.73366,140.5
4.89287,45.73379,511
4.89543,45.73391,157
4.89799,45.73403,110.5
4.90055,45.73416,5
4.90311,45.73428,312.5
4.90567,45.73440,400.5
4.90824,45.73453,219.5
4.91080,45.73465,85.5
4.91336,45.73477,122.5
4.91592,45.73490,333.5
4.91848,45.73502,446.5
4.92104,45.73514,71
4.92361,45.73526,72
4.95947,45.73698,54
4.96203,45.73710,139
4.96459,45.73722,228
4.96715,45.73734,390.5
4.96971,45.73746,358.5
4.97228,45.73758,236
4.97484,45.73771,53
4.97740,45.73783,121
4.97996,45.73795,101
4.98252,45.73807,53.5
4.73647,45.72794,15
4.73903,45.72806,39.5
4.74159,45.72819,67
4.74415,45.72832,64.5
4.74671,45.72844,40
4.74927,45.72857,10
4.75952,45.72908,16
4.76208,45.72921,4
4.76464,45.72933,9
4.76720,45.72946,48.5
4.77232,45.72971,3
4.77488,45.72984,21
4.77744,45.72996,67.5
4.78001,45.73009,385
4.78257,45.73022,51.5
4.78513,45.73034,11
4.78769,45.73047,69
4.79025,45.73059,57
4.79281,45.73072,66.5
4.79537,45.73085,181
4.79793,45.73097,43
4.80049,45.73110,86
4.80306,45.73122,273
4.80562,45.73135,4
4.80818,45.73147,525
4.81074,45.73160,181.5
4.81330,45.73173,9.5
4.82611,45.73235,554
4.82867,45.73248,624.5
4.83123,45.73260,280
4.83379,45.73273,298.5
4.83635,45.73285,765.5
4.83891,45.73298,643.5
4.84147,45.73310,103.5
4.85172,45.73360,615.5
4.85428,45.73372,577.5
4.85684,45.73385,797.5
4.85940,45.73397,224.5
4.86196,45.73410,2
4.86452,45.73422,569.5
4.86709,45.73435,418
4.86965,45.73447,120
4.87221,45.73459,406
4.87477,45.73472,344
4.87733,45.73484,236
4.87989,45.73497,538
4.88245,45.73509,141
4.88502,45.73521,166
4.88758,45.73534,71
4.89014,45.73546,68
4.89270,45.73558,153
4.89526,45.73571,112
4.89782,45.73583,348
4.90295,45.73608,9
4.90551,45.73620,347.5
4.90807,45.73632,252
4.91063,45.73645,228.5
4.91319,45.73657,164
4.91575,45.73669,255
4.91831,45.73682,589.5
4.92088,45.73694,10
4.92344,45.73706,343
4.92600,45.73718,1
4.95674,45.73865,17.5
4.95930,45.73877,59
4.96186,45.73889,142.5
4.96442,45.73902,111
4.96699,45.73914,126.5
4.96955,45.73926,221.5
4.97211,45.73938,27
4.97467,45.73950,3
4.97723,45.73962,73
4.97979,45.73975,79.5
4.98236,45.73987,20
4.73630,45.72973,18
4.73886,45.72986,3
4.74142,45.72999,92
4.74398,45.73011,65
4.74654,45.73024,72.5
4.74910,45.73037,75
4.75166,45.73050,26.5
4.75935,45.73088,3
4.76191,45.73100,27
4.76447,45.73113,19
4.76703,45.73126,76
4.76959,45.73138,8
4.77727,45.73176,11
4.77983,45.73189,142.5
4.78239,45.73201,310.5
4.78496,45.73214,66
4.78752,45.73227,20
4.79008,45.73239,29
4.79264,45.73252,19
4.79520,45.73264,96.5
4.79776,45.73277,31
4.80032,45.73290,68
4.80288,45.73302,139.5
4.80544,45.73315,54.5
4.80801,45.73327,146.5
4.81057,45.73340,319
4.81313,45.73352,3
4.82337,45.73402,447.5
4.82593,45.73415,1058.5
4.82850,45.73427,1452
4.83106,45.73440,250
4.83362,45.73452,303
4.83618,45.73465,519.5
4.83874,45.73477,721.5
4.84130,45.73490,324.5
4.84386,45.73502,5
4.85155,45.73540,1044.5
4.85411,45.73552,379.5
4.85667,45.73565,219.5
4.85923,45.73577,52
4.86179,45.73589,27
4.86435,45.73602,404
4.86692,45.73614,549
4.86948,45.73627,583.5
4.87204,45.73639,479.5
4.87460,45.73651,940.5
4.87716,45.73664,116
4.87972,45.73676,128
4.88228,45.73689,616.5
4.88485,45.73701,391
4.88741,45.73713,574.5
4.89253,45.73738,369.5
4.89509,45.73750,89
4.89765,45.73763,129
4.90534,45.73800,84.5
4.90790,45.73812,221.5
4.91046,45.73824,224
4.91302,45.73837,388
4.91559,45.73849,497
4.91815,45.73861,107
4.92071,45.73873,507.5
4.92327,45.73886,159
4.92583,45.73898,123
4.92839,45.73910,37
4.93096,45.73923,74.5
4.93352,45.73935,43
4.95145,45.74020,2
4.95657,45.74045,15
4.95913,45.74057,61
4.96170,45.74069,79
4.96426,45.74081,101.5
4.96682,45.74094,165
4.96938,45.74106,214.5
4.97194,45.74118,61
4.97451,45.74130,149.5
4.97707,45.74142,481
4.97963,45.74154,223.5
4.73356,45.73140,30
4.73612,45.73153,72
4.73868,45.73166,4
4.74125,45.73178,68
4.74381,45.73191,74
4.74637,45.73204,97
4.74893,45.73217,60.5
4.75149,45.73229,104
4.76173,45.73280,52
4.76429,45.73293,9
4.76686,45.73305,12
4.76942,45.73318,11
4.77966,45.73368,1199.5
4.78222,45.73381,28
4.78478,45.73394,92
4.78735,45.73406,23
4.78991,45.73419,12
4.79247,45.73431,86.5
4.79503,45.73444,83
4.79759,45.73457,45
4.80015,45.73469,138.5
4.80271,45.73482,222.5
4.80527,45.73494,193.5
4.80783,45.73507,131
4.81040,45.73519,34
4.81296,45.73532,55
4.82320,45.73582,110
4.82576,45.73595,634
4.82833,45.73607,586
4.83089,45.73620,939
4.83345,45.73632,1385
4.83601,45.73645,223.5
4.83857,45.73657,1369.5
4.84113,45.73670,112
4.84882,45.73707,142
4.85138,45.73719,456.5
4.85394,45.73732,378
4.85906,45.73757,230
4.86162,45.73769,328.5
4.86419,45.73782,1554.5
4.86675,45.73794,659.5
4.86931,45.73806,943
4.87187,45.73819,85
4.87443,45.73831,817.5
4.87699,45.73844,354.5
4.87955,45.73856,696.5
4.88212,45.73868,569.5
4.88468,45.73881,559.5
4.88724,45.73893,83
4.88980,45.73905,2.5
4.89236,45.73918,2
4.90517,45.73979,6
4.90773,45.73992,75
4.91029,45.74004,194
4.91286,45.74016,226.5
4.91542,45.74029,162
4.91798,45.74041,275.5
4.92054,45.74053,477.5
4.92310,45.74065,236
4.92566,45.74078,255
4.92823,45.74090,45
4.93079,45.74102,155
4.93335,45.74115,93
4.94872,45.74188,89.5
4.95128,45.74200,47
4.95384,45.74212,3
4.95641,45.74225,423.5
4.95897,45.74237,83
4.96153,45.74249,154.5
4.96409,45.74261,115
4.96665,45.74273,134.5
4.96922,45.74285,103
4.97178,45.74298,53.5
4.97434,45.74310,86
4.97690,45.74322,199
4.97946,45.74334,126
4.98203,45.74346,99
4.72827,45.73294,6
4.73083,45.73307,6
4.73339,45.73320,17
4.73595,45.73333,103
4.73851,45.73345,109
4.74107,45.73358,21
4.74363,45.73371,42
4.74619,45.73384,80.5
4.74876,45.73396,92
4.75132,45.73409,54
4.75388,45.73422,40.5
4.75900,45.73447,41
4.76156,45.73460,62
4.76412,45.73472,13
4.76668,45.73485,1
4.76924,45.73498,4
4.77181,45.73510,17
4.77437,45.73523,77
4.77693,45.73535,5
4.77949,45.73548,101
4.78461,45.73573,389.5
4.78717,45.73586,94
4.78973,45.73599,72.5
4.79230,45.73611,91
4.79486,45.73624,132.5
4.79742,45.73636,132
4.79998,45.73649,57
4.80254,45.73661,252
4.80510,45.73674,316.5
4.80766,45.73687,62
4.81023,45.73699,35
4.81279,45.73712,2
4.82559,45.73774,1136
4.82815,45.73787,707
4.83072,45.73799,683
4.83328,45.73812,58
4.83584,45.73824,495
4.83840,45.73837,451
4.84096,45.73849,584.5
4.84352,45.73862,6
4.85121,45.73899,496
4.85377,45.73912,42
4.85633,45.73924,2
4.85889,45.73936,321
4.86145,45.73949,1272
4.86402,45.73961,1094.5
4.86658,45.73974,823
4.86914,45.73986,174.5
4.87170,45.73998,40
4.87426,45.74011,673
4.87682,45.74023,393.5
4.87939,45.74036,260
4.88195,45.74048,417
4.88451,45.74060,126.5
4.88707,45.74073,364.5
4.88963,45.74085,47
4.90756,45.74171,6
4.91013,45.74184,230.5
4.91269,45.74196,364.5
4.91525,45.74208,286.5
4.91781,45.74221,469
4.92037,45.74233,206
4.92294,45.74245,645.5
4.92550,45.74257,239.5
4.92806,45.74270,121.5
4.93062,45.74282,119.5
4.93318,45.74294,8
4.94599,45.74355,24
4.94855,45.74368,6
4.95112,45.74380,16
4.95368,45.74392,20
4.95624,45.74404,56
4.95880,45.74416,28.5
4.96136,45.74429,85.5
4.96393,45.74441,64
4.96649,45.74453,119.5
4.96905,45.74465,156
4.97161,45.74477,54
4.97417,45.74489,309.5
4.97674,45.74502,210.5
4.97930,45.74514,111
4.98186,45.74526,140
4.98442,45.74538,18
4.73065,45.73487,2
4.73322,45.73500,1
4.73578,45.73512,32
4.73834,45.73525,27
4.74090,45.73538,3
4.74346,45.73550,50
4.74602,45.73563,64
4.74858,45.73576,73
4.75114,45.73589,72.5
4.75370,45.73601,78
4.75627,45.73614,154.5
4.75883,45.73627,196.5
4.76139,45.73639,157
4.76395,45.73652,409.5
4.76651,45.73665,117
4.76907,45.73677,116.5
4.77163,45.73690,240
4.77419,45.73703,140.5
4.77676,45.73715,610.5
4.77932,45.73728,49
4.78188,45.73740,12
4.78444,45.73753,8
4.78700,45.73766,53.5
4.78956,45.73778,48.5
4.79212,45.73791,97
4.79469,45.73803,110.5
4.79725,45.73816,395.5
4.79981,45.73829,210.5
4.80237,45.73841,127.5
4.80493,45.73854,128.5
4.80749,45.73866,41
4.81005,45.73879,28
4.81774,45.73916,123.5
4.82030,45.73929,107.5
4.82542,45.73954,150.5
4.82798,45.73966,470
4.83055,45.73979,43
4.83311,45.73991,203
4.83567,45.74004,723
4.83823,45.74016,368.5
4.84079,45.74029,329.5
4.84335,45.74041,24
4.84592,45.74054,7
4.84848,45.74066,45
4.85104,45.74079,458.5
4.85360,45.74091,881.5
4.85616,45.74104,557
4.85872,45.74116,1205
4.86129,45.74129,1183.5
4.86385,45.74141,741
4.86641,45.74153,925.5
4.86897,45.74166,647.5
4.87153,45.74178,562
4.87409,45.74191,458.5
4.87666,45.74203,475
4.87922,45.74215,4
4.88178,45.74228,85.5
4.88690,45.74252,169
4.88946,45.74265,108.5
4.89203,45.74277,152
4.89459,45.74290,68
4.90227,45.74327,74.5
4.90740,45.74351,34.5
4.90996,45.74363,418.5
4.91252,45.74376,66
4.91508,45.74388,85
4.91764,45.74400,819.5
4.92021,45.74413,274
4.92277,45.74425,84.5
4.92533,45.74437,237.5
4.92789,45.74449,887
4.93045,45.74462,241
4.93302,45.74474,36.5
4.93558,45.74486,24
4.94583,45.74535,38.5
4.94839,45.74547,15
4.95607,45.74584,51
4.95864,45.74596,248
4.96120,45.74608,77
4.96376,45.74621,58
4.96632,45.74633,49.5
4.96888,45.74645,237.5
4.97145,45.74657,100
4.97401,45.74669,92.5
4.97657,45.74681,80
4.97913,45.74693,66
4.98169,45.74706,106
4.98426,45.74718,12
4.72024,45.73616,5
4.74073,45.73717,5
4.74329,45.73730,56
4.74585,45.73743,89
4.74841,45.73756,99.5
4.75097,45.73768,96
4.75353,45.73781,102
4.75609,45.73794,95
4.75865,45.73806,45.5
4.76122,45.73819,253
4.76378,45.73832,213
4.76634,45.73844,45
4.76890,45.73857,23
4.77146,45.73870,764
4.77402,45.73882,290
4.77658,45.73895,102
4.77915,45.73907,52
4.78171,45.73920,58.5
4.78427,45.73933,10
4.78939,45.73958,61
4.79195,45.73971,192
4.79451,45.73983,108
4.79708,45.73996,390
4.79964,45.74008,53
4.80220,45.74021,100
4.80476,45.74033,133.5
4.80732,45.74046,40
4.80988,45.74059,17
4.82013,45.74109,127
4.82269,45.74121,364
4.83294,45.74171,362.5
4.83806,45.74196,252.5
4.84062,45.74209,918.5
4.84318,45.74221,16
4.84831,45.74246,348.5
4.85087,45.74258,965.5
4.85343,45.74271,78
4.86112,45.74308,942
4.86368,45.74321,1070.5
4.86624,45.74333,684.5
4.86880,45.74345,623.5
4.87136,45.74358,1108
4.87392,45.74370,971
4.87649,45.74383,292
4.87905,45.74395,295
4.88673,45.74432,298
4.88930,45.74445,73.5
4.89186,45.74457,531
4.89442,45.74469,92.5
4.90979,45.74543,70
4.91235,45.74555,153.5
4.91491,45.74568,370
4.91748,45.74580,1048
4.92004,45.74592,425
4.92260,45.74605,171
4.92516,45.74617,371.5
4.92772,45.74629,23
4.93285,45.74654,3
4.93541,45.74666,53.5
4.95847,45.74776,22
4.96103,45.74788,58
4.96359,45.74800,86
4.96616,45.74812,98.5
4.96872,45.74825,123
4.97128,45.74837,118.5
4.97384,45.74849,96.5
4.97640,45.74861,50
4.97897,45.74873,85
4.98153,45.74885,27.5
4.71238,45.73757,19
4.71494,45.73770,58
4.71750,45.73782,79.5
4.72006,45.73795,115
4.72262,45.73808,27
4.74567,45.73923,58
4.74824,45.73935,43
4.75080,45.73948,60
4.75336,45.73961,8
4.75592,45.73973,76
4.75848,45.73986,66
4.76104,45.73999,46
4.76360,45.74011,43
4.76617,45.74024,24.5
4.76873,45.74037,67
4.77129,45.74049,180.5
4.77385,45.74062,225
4.77641,45.74075,52
4.77897,45.74087,4
4.78153,45.74100,28
4.78410,45.74112,75
4.78666,45.74125,27.5
4.78922,45.74138,78.5
4.79178,45.74150,272.5
4.79434,45.74163,85
4.79690,45.74175,34
4.79947,45.74188,86
4.80203,45.74201,46
4.80715,45.74226,135.5
4.80971,45.74238,10
4.81227,45.74251,19
4.81740,45.74276,982.5
4.81996,45.74288,637.5
4.82252,45.74301,806
4.82508,45.74313,578.5
4.83277,45.74351,359.5
4.83533,45.74363,993.5
4.83789,45.74376,800
4.84045,45.74388,6
4.84558,45.74413,699.5
4.84814,45.74426,1269.5
4.85070,45.74438,1633
4.85582,45.74463,37
4.85838,45.74475,509.5
4.86095,45.74488,819.5
4.86351,45.74500,1044.5
4.86607,45.74513,732
4.86863,45.74525,244.5
4.87119,45.74538,235
4.87376,45.74550,852.5
4.87632,45.74562,150
4.87888,45.74575,667.5
4.88144,45.74587,332.5
4.88400,45.74599,361.5
4.88656,45.74612,317
4.88913,45.74624,192.5
4.89169,45.74637,188.5
4.89425,45.74649,86.5
4.89681,45.74661,116
4.90962,45.74723,19
4.91218,45.74735,179
4.91475,45.74747,491.5
4.91731,45.74760,398
4.91987,45.74772,971
4.92243,45.74784,229
4.92500,45.74797,1109.5
4.92756,45.74809,116
4.93524,45.74846,4
4.93781,45.74858,4
4.94549,45.74895,8
4.96599,45.74992,20
4.96855,45.75004,41
4.97111,45.75016,57
4.97368,45.75029,37.5
4.97624,45.75041,6
4.71220,45.73937,49
4.71476,45.73949,157
4.71733,45.73962,116.5
4.71989,45.73975,101
4.72245,45.73988,79.5
4.72501,45.74000,53
4.72757,45.74013,46.5
4.73013,45.74026,31
4.73782,45.74064,5.5
4.74550,45.74102,69
4.74806,45.74115,23
4.75575,45.74153,10
4.75831,45.74166,2
4.76087,45.74178,16
4.76343,45.74191,19
4.76599,45.74204,13.5
4.76855,45.74216,45
4.77112,45.74229,246.5
4.77368,45.74242,388.5
4.77624,45.74254,305
4.77880,45.74267,68
4.78136,45.74279,160.5
4.78392,45.74292,57
4.78649,45.74305,147.5
4.78905,45.74317,74
4.79161,45.74330,238.5
4.79417,45.74342,74.5
4.79673,45.74355,24
4.79929,45.74368,662.5
4.80442,45.74393,122.5
4.80698,45.74405,628.5
4.80954,45.74418,18
4.81210,45.74430,8
4.81723,45.74456,452.5
4.81979,45.74468,599.5
4.82235,45.74481,433
4.82491,45.74493,948
4.82747,45.74506,198
4.83260,45.74531,468.5
4.83516,45.74543,42
4.83772,45.74556,201.5
4.84028,45.74568,429.5
4.84284,45.74580,739
4.84541,45.74593,972.5
4.84797,45.74605,797.5
4.85053,45.74618,593.5
4.85309,45.74630,3
4.85565,45.74643,535.5
4.85821,45.74655,438
4.86078,45.74668,657.5
4.86334,45.74680,530.5
4.86590,45.74692,481
4.86846,45.74705,451
4.87102,45.74717,375.5
4.87359,45.74730,688.5
4.87615,45.74742,73.5
4.87871,45.74754,285
4.88127,45.74767,538
4.88383,45.74779,569.5
4.88640,45.74792,258.5
4.88896,45.74804,357.5
4.89152,45.74816,132
4.89408,45.74829,12
4.89664,45.74841,61
4.89921,45.74853,3
4.90177,45.74866,79
4.90433,45.74878,543.5
4.90689,45.74890,23.5
4.90945,45.74903,308.5
4.91202,45.74915,479.5
4.91458,45.74927,238
4.91714,45.74939,221
4.91970,45.74952,193.5
4.92483,45.74976,180
4.92739,45.74989,434
4.93764,45.75038,25
4.94020,45.75050,67.5
4.94533,45.75074,67
4.94789,45.75087,21
4.96582,45.75172,2
4.70947,45.74103,9
4.71203,45.74116,115.5
4.71459,45.74129,189.5
4.71715,45.74142,104
4.71971,45.74155,77
4.72227,45.74167,141.5
4.72484,45.74180,58.5
4.72740,45.74193,104.5
4.72996,45.74206,33
4.73252,45.74218,6
4.73764,45.74244,19
4.74020,45.74256,4
4.74533,45.74282,10
4.75045,45.74307,58
4.75301,45.74320,32
4.75557,45.74333,4
4.76582,45.74383,27
4.76838,45.74396,57
4.77094,45.74409,491
4.77351,45.74421,27
4.77607,45.74434,98
4.77863,45.74447,243.5
4.78119,45.74459,239
4.78375,45.74472,103
4.78631,45.74484,78
4.78888,45.74497,14
4.79144,45.74510,121
4.79400,45.74522,59.5
4.79656,45.74535,554.5
4.79912,45.74547,222
4.80168,45.74560,245
4.80425,45.74572,250
4.80681,45.74585,2
4.80937,45.74598,56
4.81193,45.74610,94.5
4.81449,45.74623,62
4.81962,45.74648,885
4.82218,45.74660,745
4.82474,45.74673,450
4.82730,45.74685,290.5
4.82986,45.74698,52.5
4.83243,45.74710,180
4.83499,45.74723,672
4.83755,45.74735,773
4.84011,45.74748,1374.5
4.84267,45.74760,1055
4.84524,45.74773,987.5
4.84780,45.74785,1093.5
4.85036,45.74798,960
4.85292,45.74810,511.5
4.85548,45.74822,1132
4.85805,45.74835,977.5
4.86061,45.74847,125
4.86317,45.74860,269
4.86573,45.74872,929.5
4.86829,45.74885,1035
4.87086,45.74897,820.5
4.87342,45.74909,823.5
4.87598,45.74922,406.5
4.87854,45.74934,275
4.88110,45.74947,481
4.88367,45.74959,544.5
4.88623,45.74971,498.5
4.88879,45.74984,341
4.89135,45.74996,548
4.89391,45.75008,119
4.89648,45.75021,113
4.89904,45.75033,287
4.90160,45.75045,153
4.90416,45.75058,156.5
4.90672,45.75070,3
4.90929,45.75082,157.5
4.91185,45.75095,311.5
4.91441,45.75107,415
4.91697,45.75119,215
4.91954,45.75131,14
4.92210,45.75144,292.5
4.92466,45.75156,259.5
4.92722,45.75168,162
4.92978,45.75181,58
4.93747,45.75217,9
4.94260,45.75242,10
4.94516,45.75254,97
4.94772,45.75266,34
4.99641,45.75497,5.5
4.99897,45.75509,43
5.00153,45.75521,90
5.00410,45.75533,11
5.00666,45.75546,2
5.01691,45.75594,53.5
5.01947,45.75606,63
5.02203,45.75618,34
5.03741,45.75690,1
4.70929,45.74283,5
4.71185,45.74296,75.5
4.71442,45.74309,138
4.71698,45.74321,119.5
4.71954,45.74334,107
4.72210,45.74347,238
4.72466,45.74360,64.5
4.72722,45.74373,65
4.72979,45.74385,153.5
4.73235,45.74398,61
4.73491,45.74411,84.5
4.73747,45.74423,70
4.74003,45.74436,24
4.74259,45.74449,31
4.74515,45.74462,22
4.74772,45.74474,6
4.75028,45.74487,54
4.75284,45.74500,96
4.75796,45.74525,302
4.76052,45.74538,138
4.76309,45.74550,65
4.76565,45.74563,35.5
4.76821,45.74576,47
4.77077,45.74588,211.5
4.77333,45.74601,73
4.77589,45.74614,70
4.77846,45.74626,52
4.78102,45.74639,112
4.78358,45.74651,136
4.78614,45.74664,290.5
4.78870,45.74677,338
4.79127,45.74689,315
4.79383,45.74702,77.5
4.79639,45.74714,319
4.79895,45.74727,61
4.80151,45.74740,235.5
4.80407,45.74752,343.5
4.80664,45.74765,319
4.80920,45.74777,193.5
4.81176,45.74790,263
4.81432,45.74802,110
4.81688,45.74815,5
4.81945,45.74827,64
4.82201,45.74840,345
4.82457,45.74852,8
4.82713,45.74865,30
4.82969,45.74877,209
4.83482,45.74902,467.5
4.83738,45.74915,497.5
4.83994,45.74927,689.5
4.84250,45.74940,928
4.84507,45.74952,1045.5
4.84763,45.74965,925
4.85019,45.74977,928
4.85275,45.74990,954
4.85531,45.75002,1120
4.85788,45.75015,1157
4.86044,45.75027,326
4.86300,45.75039,596.5
4.86556,45.75052,621.5
4.86812,45.75064,789.5
4.87069,45.75077,544.5
4.87325,45.75089,652.5
4.87581,45.75101,1181
4.87837,45.75114,384.5
4.88093,45.75126,381.5
4.88350,45.75139,355
4.88606,45.75151,341
4.88862,45.75163,505.5
4.89118,45.75176,470
4.89375,45.75188,359.5
4.89631,45.75200,334
4.89887,45.75213,89
4.90143,45.75225,123
4.90399,45.75237,383
4.90656,45.75250,171
4.90912,45.75262,448
4.91168,45.75274,211
4.91424,45.75287,248
4.91681,45.75299,366
4.91937,45.75311,677
4.92193,45.75323,414
4.92449,45.75336,63
4.92706,45.75348,78
4.92962,45.75360,570
4.93218,45.75373,65
4.93474,45.75385,2
4.93730,45.75397,7
4.93987,45.75409,13
4.94243,45.75421,12
4.94499,45.75434,77.5
4.94755,45.75446,199.5
4.95012,45.75458,6
4.99112,45.75653,2
4.99368,45.75665,38
4.99624,45.75677,139
4.99881,45.75689,158.5
5.00137,45.75701,79
5.00393,45.75713,22
5.00649,45.75725,11
5.01418,45.75761,177.5
5.01674,45.75774,29
5.01931,45.75786,43
5.02187,45.75798,14
5.02443,45.75810,1
5.02699,45.75822,3
4.71168,45.74476,84
4.71424,45.74488,109
4.71680,45.74501,291.5
4.71936,45.74514,315.5
4.72193,45.74527,424.5
4.72449,45.74539,240
4.72705,45.74552,92.5
4.72961,45.74565,257.5
4.73217,45.74578,180
4.73473,45.74590,106.5
4.73730,45.74603,115
4.73986,45.74616,169.5
4.74242,45.74629,51
4.74498,45.74641,114.5
4.74754,45.74654,83.5
4.75010,45.74667,313
4.75267,45.74679,514
4.75523,45.74692,265.5
4.75779,45.74705,479
4.76035,45.74717,84
4.76291,45.74730,38
4.76548,45.74743,18
4.76804,45.74755,81
4.77060,45.74768,261.5
4.77316,45.74781,113.5
4.77572,45.74793,104
4.77828,45.74806,96.5
4.78085,45.74819,125
4.78341,45.74831,144.5
4.78597,45.74844,299
4.78853,45.74856,177
4.79109,45.74869,656
4.79366,45.74882,158
4.79622,45.74894,16
4.79878,45.74907,1745.5
4.80134,45.74919,9
4.80390,45.74932,66.5
4.80646,45.74944,187.5
4.80903,45.74957,595
4.81159,45.74970,298
4.81415,45.74982,56
4.81671,45.74995,158
4.81927,45.75007,130
4.82184,45.75020,174
4.82440,45.75032,203.5
4.82696,45.75045,227.5
4.82952,45.75057,766.5
4.83208,45.75070,441.5
4.83721,45.75095,138
4.83977,45.75107,283.5
4.84233,45.75120,647.5
4.84490,45.75132,1020
4.84746,45.75145,789.5
4.85002,45.75157,962
4.85258,45.75169,1000
4.85514,45.75182,1057
4.85771,45.75194,781.5
4.86027,45.75207,1
4.86539,45.75232,1039
4.86795,45.75244,806.5
4.87052,45.75256,948.5
4.87308,45.75269,598.5
4.87564,45.75281,246
4.87820,45.75294,295
4.88077,45.75306,225
4.88333,45.75318,488
4.88589,45.75331,618.5
4.88845,45.75343,642.5
4.89101,45.75355,772
4.89358,45.75368,987.5
4.89614,45.75380,173
4.89870,45.75392,146
4.90126,45.75405,54
4.90383,45.75417,280
4.90639,45.75429,222.5
4.90895,45.75442,62
4.91151,45.75454,667.5
4.91408,45.75466,58
4.91664,45.75479,549.5
4.91920,45.75491,226.5
4.92176,45.75503,103
4.92433,45.75515,39
4.92689,45.75528,368.5
4.92945,45.75540,87.5
4.93201,45.75552,56.5
4.93714,45.75577,14
4.93970,45.75589,8
4.94226,45.75601,32
4.94483,45.75613,166.5
4.94739,45.75626,184
4.96789,45.75723,10
4.97045,45.75735,50
4.97301,45.75748,18.5
4.99095,45.75832,58
4.99351,45.75845,99
4.99608,45.75857,116
4.99864,45.75869,79
5.00120,45.75881,81
5.00377,45.75893,55
5.00633,45.75905,39
5.00889,45.75917,94
5.01145,45.75929,121
5.01658,45.75953,300.5
5.01914,45.75965,5
5.02427,45.75989,7
4.71151,45.74655,130
4.71407,45.74668,90
4.71663,45.74681,554
4.71919,45.74694,327
4.72175,45.74706,564.5
4.72431,45.74719,462.5
4.72688,45.74732,374
4.72944,45.74745,177
4.73200,45.74757,100.5
4.73456,45.74770,291.5
4.73712,45.74783,66
4.73968,45.74796,16
4.74225,45.74808,45
4.74481,45.74821,61.5
4.74737,45.74834,24
4.74993,45.74846,128.5
4.75249,45.74859,1
4.75506,45.74872,55
4.75762,45.74884,169
4.76018,45.74897,71
4.76274,45.74910,13
4.76530,45.74922,193
4.76786,45.74935,40
4.77043,45.74948,4
4.77299,45.74960,25
4.77555,45.74973,86.5
4.77811,45.74986,106.5
4.78067,45.74998,49
4.78324,45.75011,359.5
4.78580,45.75023,380
4.78836,45.75036,164.5
4.79092,45.75049,80
4.79348,45.75061,163
4.79605,45.75074,100
4.79861,45.75086,428
4.80117,45.75099,736
4.80373,45.75112,112.5
4.80629,45.75124,265.5
4.80886,45.75137,350
4.81142,45.75149,167
4.81398,45.75162,97
4.81654,45.75174,294
4.81910,45.75187,54
4.82167,45.75199,114.5
4.82423,45.75212,398
4.82679,45.75224,751
4.82935,45.75237,1187
4.83191,45.75249,1041.5
4.83448,45.75262,29
4.83704,45.75274,62
4.83960,45.75287,981
4.84216,45.75299,1110
4.84473,45.75312,1365
4.84729,45.75324,951
4.84985,45.75337,1157
4.85241,45.75349,957
4.85497,45.75362,1550
4.85754,45.75374,1158
4.86522,45.75411,1096
4.86779,45.75424,1092
4.87035,45.75436,738
4.87291,45.75448,1173.5
4.87547,45.75461,644.5
4.87803,45.75473,656.5
4.88060,45.75486,873.5
4.88316,45.75498,1442
4.88572,45.75510,815
4.88828,45.75523,1326
4.89085,45.75535,1173
4.89341,45.75547,63
4.89597,45.75560,72
4.90110,45.75584,36.5
4.90366,45.75597,174
4.90622,45.75609,36
4.90878,45.75621,7
4.91135,45.75634,1563.5
4.91391,45.75646,251.5
4.91903,45.75671,25
4.92160,45.75683,119
4.92416,45.75695,106
4.92672,45.75707,72.5
4.92928,45.75720,132
4.93185,45.75732,74
4.93697,45.75756,19
4.93953,45.75769,4
4.94466,45.75793,94
4.94722,45.75805,129.5
4.94978,45.75818,2
4.96260,45.75879,15
4.96516,45.75891,30
4.96772,45.75903,11
4.97028,45.75915,81.5
4.97285,45.75927,97.5
4.97541,45.75939,12
4.97797,45.75952,11
4.99591,45.76036,146
4.99848,45.76048,64
5.00104,45.76061,100
5.00360,45.76073,112
5.00616,45.76085,206.5
5.01129,45.76109,31
5.01385,45.76121,28
5.01642,45.76133,260
5.01898,45.76145,18
5.02154,45.76157,3
5.03436,45.76217,1
4.71133,45.74835,124
4.71389,45.74848,149
4.71645,45.74860,185
4.71902,45.74873,125
4.72158,45.74886,117
4.72414,45.74899,242
4.72670,45.74912,307
4.72926,45.74924,207
4.73183,45.74937,89.5
4.73439,45.74950,39
4.73695,45.74962,69
4.73951,45.74975,45
4.74463,45.75001,27
4.74720,45.75013,47
4.74976,45.75026,184
4.75232,45.75039,3
4.75488,45.75051,6
4.75744,45.75064,70
4.76001,45.75077,31
4.76257,45.75089,5
4.76513,45.75102,42
4.76769,45.75115,405.5
4.77025,45.75127,176
4.77282,45.75140,253
4.77538,45.75153,361.5
4.77794,45.75165,18
4.78050,45.75178,8
4.78306,45.75191,344.5
4.78563,45.75203,169.5
4.78819,45.75216,523.5
4.79075,45.75228,127.5
4.79331,45.75241,50.5
4.79587,45.75254,136
4.79844,45.75266,229
4.80100,45.75279,344
4.80356,45.75291,406
4.80612,45.75304,216.5
4.80868,45.75316,378.5
4.81125,45.75329,197
4.81381,45.75341,40.5
4.81637,45.75354,265.5
4.81893,45.75366,124
4.82150,45.75379,171
4.82406,45.75392,211.5
4.82662,45.75404,753.5
4.82918,45.75417,961
4.83174,45.75429,657
4.83431,45.75442,131
4.83943,45.75467,490.5
4.84199,45.75479,1004.5
4.84456,45.75491,1079
4.84712,45.75504,1016
4.84968,45.75516,575.5
4.85224,45.75529,1054.5
4.85480,45.75541,993
4.85737,45.75554,1155
4.85993,45.75566,25
4.86249,45.75579,388.5
4.86505,45.75591,1122.5
4.86762,45.75603,865
4.87018,45.75616,823.5
4.87274,45.75628,940.5
4.87530,45.75641,422
4.87787,45.75653,642.5
4.88043,45.75665,811
4.88299,45.75678,420
4.88555,45.75690,800
4.88812,45.75702,878
4.89068,45.75715,759
4.89324,45.75727,278
4.89580,45.75740,3
4.90093,45.75764,4
4.90349,45.75776,32
4.90862,45.75801,10
4.91887,45.75850,6
4.92143,45.75863,313
4.92399,45.75875,111
4.92655,45.75887,92
4.92912,45.75899,16
4.93168,45.75912,270.5
4.93680,45.75936,17
4.93937,45.75948,11
4.94193,45.75961,30
4.94449,45.75973,90
4.94705,45.75985,128.5
4.94962,45.75997,13
4.95218,45.76010,20
4.95474,45.76022,71.5
4.95731,45.76034,90.5
4.95987,45.76046,149.5
4.96243,45.76058,196
4.96499,45.76070,124.5
4.96756,45.76083,349
4.97012,45.76095,102.5
4.97268,45.76107,93
4.97524,45.76119,40.5
4.97781,45.76131,15
4.98037,45.76143,2
4.99062,45.76192,310.5
4.99318,45.76204,1309.5
4.99575,45.76216,296
4.99831,45.76228,86
5.00087,45.76240,74
5.00344,45.76252,177
5.00600,45.76264,166
5.00856,45.76277,1783
5.01112,45.76289,108
5.01369,45.76301,432
5.01625,45.76313,42.5
5.01881,45.76325,70
5.02650,45.76361,3
5.02907,45.76373,1
4.71116,45.75015,69
4.71372,45.75027,68.5
4.71628,45.75040,58
4.71884,45.75053,37
4.72140,45.75066,118
4.72397,45.75078,61
4.72653,45.75091,50
4.72909,45.75104,38
4.73165,45.75117,204
4.73421,45.75129,136
4.73678,45.75142,27
4.73934,45.75155,8
4.74190,45.75168,5
4.74446,45.75180,19
4.74702,45.75193,68.5
4.74959,45.75206,39
4.75215,45.75218,9
4.75471,45.75231,149.5
4.75727,45.75244,10
4.76240,45.75269,7
4.76496,45.75282,62
4.76752,45.75294,370.5
4.77008,45.75307,78
4.77264,45.75320,312.5
4.77521,45.75332,357.5
4.77777,45.75345,1016.5
4.78033,45.75358,530.5
4.78289,45.75370,168.5
4.78545,45.75383,238.5
4.78802,45.75395,361
4.79058,45.75408,503.5
4.79314,45.75421,300.5
4.79570,45.75433,270.5
4.79826,45.75446,421.5
4.80083,45.75458,356
4.80339,45.75471,476.5
4.80595,45.75483,362.5
4.80851,45.75496,83.5
4.81108,45.75509,93.5
4.81364,45.75521,200.5
4.81620,45.75534,341
4.81876,45.75546,443.5
4.82132,45.75559,72
4.82389,45.75571,262
4.82645,45.75584,601
4.82901,45.75596,497
4.83157,45.75609,790
4.83414,45.75621,170.5
4.83670,45.75634,93
4.84182,45.75659,698
4.84438,45.75671,948.5
4.84695,45.75684,998
4.84951,45.75696,1528.5
4.85207,45.75709,599
4.85463,45.75721,329.5
4.85720,45.75733,1424.5
4.86232,45.75758,322
4.86488,45.75771,718
4.86745,45.75783,1108.5
4.87001,45.75795,674.5
4.87257,45.75808,1283.5
4.87513,45.75820,1090
4.87770,45.75833,1042.5
4.88026,45.75845,551
4.88282,45.75857,878.5
4.88538,45.75870,752
4.88795,45.75882,366
4.89051,45.75895,750.5
4.89307,45.75907,786.5
4.89563,45.75919,419.5
4.89820,45.75932,1057
4.90076,45.75944,887
4.90332,45.75956,686
4.90588,45.75969,272.5
4.90845,45.75981,2
4.91357,45.76005,1
4.91613,45.76018,284.5
4.91870,45.76030,269.5
4.92126,45.76042,95
4.92382,45.76055,1369
4.92639,45.76067,89
4.92895,45.76079,224
4.93151,45.76091,109
4.93407,45.76104,2
4.93664,45.76116,14
4.93920,45.76128,7
4.94176,45.76140,62
4.94432,45.76153,122
4.94689,45.76165,149.5
4.95201,45.76189,4
4.95458,45.76201,35
4.95714,45.76214,151.5
4.95970,45.76226,252
4.96226,45.76238,529
4.96483,45.76250,212.5
4.96739,45.76262,136.5
4.96995,45.76275,107
4.97252,45.76287,130.5
4.97508,45.76299,54
4.98020,45.76323,4
4.99046,45.76372,248
4.99302,45.76384,322.5
4.99558,45.76396,173
4.99814,45.76408,100
5.00071,45.76420,165.5
5.00327,45.76432,121
5.00583,45.76444,265
5.00840,45.76456,98.5
5.01096,45.76468,6
5.01609,45.76492,3
5.02634,45.76541,2
5.02890,45.76553,2
5.04684,45.76637,5
4.71354,45.75207,54
4.71611,45.75220,76.5
4.71867,45.75233,42
4.72123,45.75245,84.5
4.72379,45.75258,29
4.72635,45.75271,12
4.73148,45.75296,28
4.73404,45.75309,52
4.73660,45.75322,4
4.73916,45.75335,7
4.74429,45.75360,8
4.74685,45.75373,60
4.74941,45.75385,40
4.75454,45.75411,57
4.75710,45.75423,39.5
4.76222,45.75449,35.5
4.76478,45.75461,156.5
4.76735,45.75474,154.5
4.76991,45.75487,351
4.77247,45.75499,164.5
4.77503,45.75512,754.5
4.77760,45.75525,290.5
4.78016,45.75537,820
4.78272,45.75550,586.5
4.78528,45.75562,61
4.78784,45.75575,274.5
4.79041,45.75588,215
4.79297,45.75600,262
4.79553,45.75613,206
4.79809,45.75625,355
4.80065,45.75638,340.5
4.80322,45.75651,305
4.80578,45.75663,72
4.80834,45.75676,477.5
4.81090,45.75688,298.5
4.81347,45.75701,454.5
4.81603,45.75713,393
4.81859,45.75726,219.5
4.82115,45.75738,104.5
4.82372,45.75751,497
4.82628,45.75763,239
4.82884,45.75776,625.5
4.83140,45.75788,87
4.83397,45.75801,319.5
4.83653,45.75813,110.5
4.84165,45.75838,865
4.84421,45.75851,515
4.84678,45.75863,524
4.84934,45.75876,1424.5
4.85190,45.75888,508
4.85446,45.75901,429.5
4.85959,45.75926,1
4.86215,45.75938,224.5
4.86471,45.75950,666
4.86728,45.75963,1055.5
4.86984,45.75975,613.5
4.87240,45.75988,953
4.87496,45.76000,920
4.87753,45.76012,361.5
4.88009,45.76025,733
4.88265,45.76037,943
4.88522,45.76049,664.5
4.88778,45.76062,746.5
4.89034,45.76074,317
4.89290,45.76087,268.5
4.89547,45.76099,385
4.89803,45.76111,1135.5
4.90059,45.76124,208.5
4.90315,45.76136,442.5
4.90572,45.76148,377.5
4.90828,45.76161,56
4.91084,45.76173,1
4.91597,45.76197,95
4.91853,45.76210,447.5
4.92109,45.76222,7
4.92878,45.76259,113
4.93134,45.76271,566.5
4.93391,45.76283,81.5
4.93903,45.76308,39
4.94160,45.76320,58
4.94416,45.76332,90
4.94672,45.76345,120.5
4.94928,45.76357,62.5
4.95185,45.76369,14
4.95441,45.76381,415
4.95697,45.76393,203.5
4.95954,45.76406,290.5
4.96210,45.76418,232
4.96466,45.76430,151
4.96722,45.76442,99
4.96979,45.76454,155.5
4.97235,45.76466,176.5
4.97491,45.76479,43
4.99029,45.76551,91
4.99285,45.76563,191
4.99542,45.76576,521
4.99798,45.76588,519
5.00054,45.76600,387.5
5.00311,45.76612,634
5.00567,45.76624,150
5.00823,45.76636,50
5.01592,45.76672,5
5.02361,45.76708,2
5.02617,45.76720,6
4.71593,45.75399,26
4.71849,45.75412,39
4.72106,45.75425,79.5
4.72362,45.75438,105
4.72618,45.75451,115.5
4.72874,45.75463,65.5
4.73130,45.75476,17
4.73387,45.75489,14
4.73643,45.75502,43
4.73899,45.75514,33.5
4.74155,45.75527,9
4.74668,45.75552,4
4.74924,45.75565,91
4.75180,45.75578,155
4.75436,45.75590,31
4.75693,45.75603,11
4.75949,45.75616,21
4.76205,45.75628,216
4.76461,45.75641,57
4.76717,45.75654,45
4.76974,45.75666,25
4.77230,45.75679,479
4.77486,45.75692,645
4.77742,45.75704,317
4.77998,45.75717,174.5
4.78255,45.75730,196
4.78511,45.75742,926.5
4.79023,45.75767,353.5
4.79280,45.75780,433
4.79536,45.75793,214.5
4.79792,45.75805,303
4.80048,45.75818,25
4.80305,45.75830,16
4.80561,45.75843,96.5
4.80817,45.75855,505.5
4.81073,45.75868,339.5
4.81330,45.75880,472
4.81586,45.75893,41.5
4.82354,45.75931,262
4.82611,45.75943,834
4.82867,45.75956,43
4.83123,45.75968,586.5
4.83379,45.75981,746
4.83636,45.75993,287
4.84148,45.76018,493.5
4.84404,45.76031,638.5
4.84661,45.76043,538
4.84917,45.76055,368.5
4.85173,45.76068,386
4.85686,45.76093,3
4.85942,45.76105,196
4.86198,45.76118,169.5
4.86455,45.76130,560.5
4.86711,45.76142,798.5
4.86967,45.76155,966
4.87223,45.76167,617
4.87480,45.76180,1017
4.87736,45.76192,576.5
4.87992,45.76204,1396.5
4.88248,45.76217,1710.5
4.88505,45.76229,906
4.88761,45.76242,824
4.89017,45.76254,1525
4.89273,45.76266,312.5
4.89530,45.76279,662.5
4.89786,45.76291,1216.5
4.90042,45.76303,318
4.90299,45.76316,729
4.90555,45.76328,407
4.90811,45.76340,242.5
4.91067,45.76353,780.5
4.91324,45.76365,5
4.91580,45.76377,657.5
4.91836,45.76389,518.5
4.92093,45.76402,5
4.93118,45.76451,2
4.93630,45.76475,12
4.94143,45.76500,5
4.95168,45.76549,2
4.95424,45.76561,23.5
4.95681,45.76573,307
4.95937,45.76585,367
4.96193,45.76597,242.5
4.96449,45.76610,8
4.96706,45.76622,73
4.96962,45.76634,81
4.97218,45.76646,751.5
4.97475,45.76658,42
4.97731,45.76670,36
4.98500,45.76707,2
4.98756,45.76719,4
4.99013,45.76731,19
4.99269,45.76743,127
4.99525,45.76755,205.5
4.99781,45.76767,152
5.00038,45.76779,681.5
5.00294,45.76792,574.5
5.00550,45.76804,353
5.00807,45.76816,327.5
5.01063,45.76828,306.5
5.02088,45.76876,2
4.71832,45.75592,156
4.72088,45.75605,43
4.72344,45.75617,72.5
4.72601,45.75630,201
4.72857,45.75643,75.5
4.73113,45.75656,89
4.73369,45.75668,106.5
4.73625,45.75681,61
4.73882,45.75694,104.5
4.74138,45.75707,49
4.74394,45.75719,18.5
4.74650,45.75732,32
4.74907,45.75745,58.5
4.75163,45.75757,43
4.75419,45.75770,2
4.75675,45.75783,6
4.75931,45.75795,32
4.76188,45.75808,67.5
4.76444,45.75821,131
4.76700,45.75833,67
4.76956,45.75846,113
4.77213,45.75859,473
4.77469,45.75871,346.5
4.77725,45.75884,462
4.77981,45.75897,520.5
4.78238,45.75909,406.5
4.78494,45.75922,248
4.78750,45.75934,276.5
4.79006,45.75947,158.5
4.79262,45.75960,128.5
4.79519,45.75972,413
4.79775,45.75985,240.5
4.80031,45.75997,104
4.80287,45.76010,34
4.80544,45.76023,58.5
4.80800,45.76035,109.5
4.81056,45.76048,207
4.81312,45.76060,18.5
4.81569,45.76073,206.5
4.81825,45.76085,295.5
4.82081,45.76098,52
4.82594,45.76123,319
4.82850,45.76135,116.5
4.83106,45.76148,292.5
4.83362,45.76160,906
4.83619,45.76173,548.5
4.83875,45.76185,224
4.84131,45.76198,277.5
4.84387,45.76210,802.5
4.84644,45.76223,1054
4.84900,45.76235,926
4.85156,45.76248,379
4.85413,45.76260,246.5
4.85669,45.76272,267
4.85925,45.76285,56.5
4.86181,45.76297,349.5
4.86438,45.76310,864
4.86694,45.76322,1362.5
4.86950,45.76335,992.5
4.87206,45.76347,966.5
4.87463,45.76359,1228
4.87719,45.76372,576.5
4.87975,45.76384,771
4.88231,45.76397,535
4.88488,45.76409,359
4.88744,45.76421,59.5
4.89000,45.76434,351.5
4.89257,45.76446,346
4.89513,45.76458,482
4.89769,45.76471,311
4.90025,45.76483,562.5
4.90282,45.76495,395
4.90538,45.76508,229
4.90794,45.76520,129
4.91051,45.76532,331.5
4.91563,45.76557,4
4.91819,45.76569,84
4.92845,45.76618,63.5
4.93101,45.76631,21
4.93357,45.76643,80
4.93614,45.76655,4
4.93870,45.76667,76
4.94126,45.76679,33
4.94382,45.76692,67
4.94639,45.76704,197
4.94895,45.76716,9
4.95151,45.76728,48
4.95408,45.76741,293
4.95664,45.76753,125
4.95920,45.76765,522.5
4.96177,45.76777,91
4.96433,45.76789,147
4.96689,45.76801,81.5
4.96945,45.76814,150
4.97202,45.76826,66.5
4.97714,45.76850,13
4.98483,45.76887,4
4.98740,45.76899,31
4.98996,45.76911,91
4.99252,45.76923,217.5
4.99509,45.76935,101
4.99765,45.76947,205
5.00021,45.76959,252
5.00278,45.76971,601.5
5.00534,45.76983,232.5
5.00790,45.76995,101.5
5.01047,45.77007,77.5
5.01303,45.77020,57
5.01559,45.77032,1
4.71815,45.75772,105.5
4.72071,45.75784,128.5
4.72327,45.75797,72
4.72583,45.75810,445
4.72839,45.75823,130.5
4.73096,45.75835,117.5
4.73352,45.75848,136
4.73608,45.75861,64.5
4.73864,45.75874,22
4.74121,45.75886,15
4.74377,45.75899,37
4.74633,45.75912,75
4.74889,45.75924,87.5
4.75145,45.75937,33
4.75402,45.75950,1
4.75658,45.75962,41
4.75914,45.75975,9
4.76170,45.75988,48
4.76427,45.76000,93
4.76683,45.76013,284
4.76939,45.76026,207
4.77195,45.76038,228.5
4.77452,45.76051,221
4.77708,45.76064,205.5
4.77964,45.76076,255
4.78220,45.76089,121.5
4.78477,45.76102,318
4.78733,45.76114,522
4.78989,45.76127,507
4.79245,45.76139,675.5
4.79502,45.76152,112.5
4.80014,45.76177,1009
4.80270,45.76190,420
4.80527,45.76202,66.5
4.80783,45.76215,320
4.81039,45.76227,15
4.81295,45.76240,4
4.81552,45.76252,368
4.82320,45.76290,4
4.82577,45.76303,383
4.82833,45.76315,789
4.83089,45.76328,2
4.83345,45.76340,947.5
4.83602,45.76352,245.5
4.83858,45.76365,110.5
4.84114,45.76377,225
4.84370,45.76390,1184.5
4.84627,45.76402,908.5
4.84883,45.76415,731
4.85139,45.76427,757
4.85396,45.76440,385.5
4.85652,45.76452,1234.5
4.85908,45.76465,873.5
4.86164,45.76477,264.5
4.86421,45.76489,901
4.86677,45.76502,910
4.86933,45.76514,981.5
4.87189,45.76527,439
4.87446,45.76539,613.5
4.87702,45.76551,999
4.87958,45.76564,1064.5
4.88215,45.76576,1718.5
4.88471,45.76589,1004
4.88727,45.76601,6.5
4.88983,45.76613,596
4.89240,45.76626,761
4.89496,45.76638,668
4.89752,45.76650,598.5
4.90009,45.76663,237.5
4.90265,45.76675,475.5
4.90521,45.76687,155
4.90777,45.76700,1
4.91803,45.76749,6
4.92572,45.76786,17
4.92828,45.76798,200
4.93084,45.76810,491
4.93340,45.76822,67
4.93597,45.76835,257
4.93853,45.76847,316.5
4.94109,45.76859,109.5
4.94366,45.76871,376
4.94622,45.76884,374
4.94878,45.76896,542
4.95135,45.76908,493
4.95391,45.76920,139.5
4.95647,45.76932,370.5
4.95904,45.76945,410.5
4.96160,45.76957,124.5
4.96416,45.76969,398
4.96673,45.76981,83
4.96929,45.76993,388.5
4.97185,45.77006,37
4.97442,45.77018,963
4.98723,45.77078,45
4.98979,45.77090,227.5
4.99236,45.77103,172
4.99492,45.77115,24
4.99748,45.77127,29
5.00005,45.77139,286
5.00261,45.77151,423.5
5.00517,45.77163,149
5.00774,45.77175,134.5
5.01030,45.77187,126
5.01286,45.77199,147
5.01543,45.77211,107
5.01799,45.77223,4
5.02825,45.77272,1
4.71285,45.75926,18
4.71541,45.75939,27
4.71797,45.75951,112.5
4.72053,45.75964,88
4.72310,45.75977,119
4.72566,45.75990,100
4.72822,45.76002,125
4.73078,45.76015,116
4.73334,45.76028,66
4.73591,45.76041,143.5
4.74359,45.76079,20
4.74616,45.76091,57
4.74872,45.76104,6
4.75384,45.76129,16
4.75641,45.76142,42.5
4.75897,45.76155,31.5
4.76153,45.76167,88
4.76409,45.76180,85
4.76666,45.76193,219.5
4.76922,45.76205,109
4.77178,45.76218,261
4.77434,45.76231,159
4.77691,45.76243,330
4.77947,45.76256,712
4.78203,45.76269,418
4.78459,45.76281,25
4.78716,45.76294,91
4.78972,45.76306,462.5
4.79228,45.76319,320
4.79484,45.76332,581.5
4.79741,45.76344,291
4.80509,45.76382,1203
4.80766,45.76394,281.5
4.81022,45.76407,4
4.81278,45.76420,3
4.81534,45.76432,7
4.81791,45.76445,5
4.82047,45.76457,43
4.82303,45.76470,9
4.82560,45.76482,100.5
4.82816,45.76495,766.5
4.83072,45.76507,224.5
4.83328,45.76520,771
4.83585,45.76532,645.5
4.83841,45.76545,121.5
4.84097,45.76557,291.5
4.84353,45.76570,1177
4.84610,45.76582,488.5
4.84866,45.76595,1262.5
4.85122,45.76607,1312
4.85379,45.76619,1100.5
4.85635,45.76632,931
4.85891,45.76644,456.5
4.86147,45.76657,6
4.86404,45.76669,533
4.86660,45.76682,1061
4.86916,45.76694,838
4.87173,45.76706,345.5
4.87429,45.76719,789
4.87685,45.76731,904
4.87941,45.76744,1521
4.88198,45.76756,1164.5
4.88454,45.76768,885.5
4.88710,45.76781,493.5
4.88967,45.76793,693.5
4.89223,45.76805,626.5
4.89479,45.76818,571
4.89735,45.76830,117.5
4.89992,45.76842,113
4.90248,45.76855,98
4.90761,45.76879,5
4.91017,45.76892,26
4.91273,45.76904,27
4.91530,45.76916,2
4.92811,45.76978,4
4.93067,45.76990,2
4.93324,45.77002,57.5
4.93580,45.77014,131.5
4.93836,45.77027,273
4.94093,45.77039,100
4.94349,45.77051,168
4.94605,45.77063,164.5
4.94862,45.77076,139.5
4.95118,45.77088,398
4.95374,45.77100,146
4.95631,45.77112,757
4.95887,45.77124,494
4.96143,45.77137,490.5
4.96400,45.77149,480
4.96656,45.77161,373.5
4.96912,45.77173,202.5
4.97169,45.77185,287.5
4.97425,45.77197,1015.5
4.97681,45.77210,22
4.97938,45.77222,11
4.98194,45.77234,22
4.98707,45.77258,133
4.98963,45.77270,116
4.99219,45.77282,163
4.99476,45.77294,21
4.99732,45.77307,186.5
4.99988,45.77319,221
5.00245,45.77331,98.5
5.00501,45.77343,140
5.00757,45.77355,102
5.01014,45.77367,120.5
5.01270,45.77379,159.5
5.01526,45.77391,183.5
5.01783,45.77403,98
4.70755,45.76080,8
4.71011,45.76093,1
4.71267,45.76105,6
4.71523,45.76118,51
4.71780,45.76131,49
4.72036,45.76144,46
4.72292,45.76156,59
4.72548,45.76169,95.5
4.72805,45.76182,68
4.73061,45.76195,101
4.73317,45.76207,116.5
4.73573,45.76220,75
4.73830,45.76233,4
4.74342,45.76258,39
4.74598,45.76271,40
4.75111,45.76296,5
4.75367,45.76309,34
4.75623,45.76322,73
4.75880,45.76335,67
4.76136,45.76347,92
4.76392,45.76360,122
4.76648,45.76372,52
4.76905,45.76385,113.5
4.77161,45.76398,88
4.77417,45.76410,193.5
4.77673,45.76423,406
4.77930,45.76436,316.5
4.78186,45.76448,243
4.78442,45.76461,302.5
4.78698,45.76474,187
4.78955,45.76486,506.5
4.79211,45.76499,414.5
4.79467,45.76511,108
4.80236,45.76549,2
4.80492,45.76562,214.5
4.80749,45.76574,86
4.81005,45.76587,285.5
4.81261,45.76599,224
4.81517,45.76612,67
4.81774,45.76624,253.5
4.82030,45.76637,272
4.82286,45.76649,362.5
4.82542,45.76662,189
4.82799,45.76674,403
4.83055,45.76687,803
4.83311,45.76699,466.5
4.83568,45.76712,481.5
4.83824,45.76724,380.5
4.84080,45.76737,302
4.84336,45.76749,1104.5
4.84593,45.76762,1179.5
4.84849,45.76774,793
4.85105,45.76787,1351
4.85362,45.76799,879.5
4.85618,45.76812,1342
4.85874,45.76824,803.5
4.86130,45.76836,246.5
4.86387,45.76849,823.5
4.86643,45.76861,827
4.86899,45.76874,754
4.87156,45.76886,301
4.87412,45.76898,1170.5
4.87668,45.76911,1032.5
4.87925,45.76923,1175.5
4.88181,45.76936,669.5
4.88437,45.76948,894
4.88693,45.76960,774.5
4.88950,45.76973,541.5
4.89206,45.76985,312
4.89462,45.76997,246
4.89719,45.77010,150
4.89975,45.77022,185
4.90231,45.77034,101
4.90488,45.77047,32
4.90744,45.77059,38
4.91000,45.77071,99
4.91257,45.77084,137
4.91513,45.77096,359.5
4.91769,45.77108,183.5
4.92025,45.77121,163
4.92282,45.77133,77
4.92538,45.77145,80
4.92794,45.77157,76.5
4.93051,45.77170,18
4.93820,45.77206,18
4.94076,45.77219,13.5
4.94332,45.77231,87
4.94589,45.77243,128
4.94845,45.77255,101
4.95101,45.77268,142.5
4.95358,45.77280,120
4.95614,45.77292,94
4.95870,45.77304,352.5
4.96127,45.77316,129
4.96383,45.77328,558.5
4.96639,45.77341,402.5
4.96896,45.77353,75
4.97152,45.77365,785
4.97408,45.77377,63.5
4.97665,45.77389,72
4.97921,45.77401,35
4.98177,45.77414,32
4.98434,45.77426,18
4.98690,45.77438,152
4.98946,45.77450,164.5
4.99203,45.77462,495.5
4.99459,45.77474,13.5
4.99715,45.77486,359
4.99972,45.77498,84
5.00228,45.77510,80
5.00484,45.77523,113.5
5.00741,45.77535,165.5
5.00997,45.77547,118
5.01254,45.77559,168
5.01510,45.77571,236.5
5.01766,45.77583,291.5
5.02023,45.77595,13
5.04586,45.77715,22
4.71506,45.76298,21
4.72019,45.76323,17
4.72275,45.76336,67.5
4.72531,45.76349,182
4.72787,45.76362,2
4.73043,45.76374,2
4.73300,45.76387,183
4.73556,45.76400,231
4.73812,45.76413,38.5
4.74068,45.76425,6
4.74325,45.76438,32
4.74581,45.76451,18
4.74837,45.76463,14
4.75350,45.76489,35
4.75606,45.76502,44
4.75862,45.76514,92.5
4.76119,45.76527,67.5
4.76375,45.76540,169
4.76631,45.76552,145.5
4.76887,45.76565,22
4.77400,45.76590,60
4.77656,45.76603,85
4.77912,45.76615,122.5
4.78169,45.76628,330.5
4.78425,45.76641,223
4.78681,45.76653,90
4.78937,45.76666,142.5
4.79194,45.76678,494
4.79450,45.76691,322.5
4.79706,45.76704,161.5
4.79963,45.76716,667
4.80219,45.76729,384
4.80475,45.76741,297.5
4.80731,45.76754,209.5
4.80988,45.76766,124
4.81244,45.76779,310
4.81500,45.76791,163.5
4.81757,45.76804,80
4.82013,45.76817,134
4.82269,45.76829,241.5
4.82525,45.76842,413
4.82782,45.76854,1090.5
4.83038,45.76867,920
4.83294,45.76879,1408
4.83551,45.76892,1626.5
4.83807,45.76904,125.5
4.84063,45.76917,176.5
4.84319,45.76929,719.5
4.84576,45.76941,821
4.84832,45.76954,1126.5
4.85088,45.76966,1093.5
4.85345,45.76979,1296.5
4.85601,45.76991,888.5
4.85857,45.77004,666
4.86113,45.77016,598
4.86370,45.77029,713.5
4.86626,45.77041,1263.5
4.86882,45.77053,1078.5
4.87139,45.77066,1479
4.87395,45.77078,1139
4.87651,45.77091,456.5
4.87908,45.77103,274
4.88164,45.77115,393
4.88420,45.77128,1078
4.88677,45.77140,808.5
4.88933,45.77152,247
4.89189,45.77165,240
4.89445,45.77177,234.5
4.89702,45.77189,264
4.89958,45.77202,207.5
4.90214,45.77214,9
4.90471,45.77226,91
4.90727,45.77239,15
4.90983,45.77251,115
4.91240,45.77263,47
4.91496,45.77276,206.5
4.91752,45.77288,96.5
4.92009,45.77300,268
4.92265,45.77313,296.5
4.92778,45.77337,21
4.93034,45.77349,126
4.93290,45.77362,7
4.94316,45.77411,47
4.94572,45.77423,10
4.95085,45.77447,5
4.95341,45.77459,23
4.95597,45.77472,41
4.95854,45.77484,42
4.96110,45.77496,28
4.96366,45.77508,563
4.96623,45.77520,332
4.96879,45.77533,240.5
4.97135,45.77545,512
4.97392,45.77557,17
4.97648,45.77569,84.5
4.97904,45.77581,8
4.98161,45.77593,20
4.98417,45.77605,15
4.98673,45.77618,478
4.98930,45.77630,89
4.99186,45.77642,118
4.99443,45.77654,105
4.99699,45.77666,79.5
4.99955,45.77678,137
5.00212,45.77690,324
5.00468,45.77702,155.5
5.00724,45.77714,69
5.00981,45.77726,129
5.01237,45.77738,106
5.01493,45.77751,198
5.01750,45.77763,158.5
5.02006,45.77775,319.5
5.02263,45.77787,2
5.02519,45.77799,2
5.04570,45.77895,16
5.04826,45.77907,8
5.05083,45.77919,5
4.72001,45.76503,8
4.72257,45.76516,2
4.72770,45.76541,4
4.73026,45.76554,2
4.73282,45.76567,36.5
4.73539,45.76580,59
4.73795,45.76592,31
4.74051,45.76605,12
4.74307,45.76618,93
4.74564,45.76630,42.5
4.74820,45.76643,34
4.75332,45.76668,36
4.75589,45.76681,55
4.75845,45.76694,129.5
4.76101,45.76707,121
4.76358,45.76719,99
4.76614,45.76732,151.5
4.76870,45.76745,225
4.77126,45.76757,4
4.77383,45.76770,9.5
4.77639,45.76782,93
4.77895,45.76795,52
4.78151,45.76808,15
4.78408,45.76820,99
4.78664,45.76833,95
4.78920,45.76845,369.5
4.79177,45.76858,482.5
4.79433,45.76871,4
4.79689,45.76883,192.5
4.79945,45.76896,231.5
4.80202,45.76908,284
4.80458,45.76921,353.5
4.80714,45.76934,171.5
4.80971,45.76946,511.5
4.81227,45.76959,105
4.81483,45.76971,31
4.81739,45.76984,620.5
4.81996,45.76996,131.5
4.82252,45.77009,98
4.82508,45.77021,502.5
4.82765,45.77034,846
4.83021,45.77046,463.5
4.83277,45.77059,1446
4.83533,45.77071,1537.5
4.83790,45.77084,524.5
4.84046,45.77096,238
4.84302,45.77109,1269.5
4.84559,45.77121,907
4.84815,45.77134,1049
4.85071,45.77146,963
4.85328,45.77159,1167
4.85584,45.77171,866.5
4.85840,45.77183,37
4.86097,45.77196,680
4.86353,45.77208,1300.5
4.86609,45.77221,1116
4.86865,45.77233,1095
4.87122,45.77245,988
4.87378,45.77258,1056.5
4.87634,45.77270,275
4.87891,45.77283,791
4.88147,45.77295,708
4.88403,45.77307,666
4.88660,45.77320,169.5
4.88916,45.77332,188.5
4.89172,45.77344,463.5
4.89429,45.77357,306.5
4.89685,45.77369,221.5
4.89941,45.77382,73.5
4.90198,45.77394,49
4.90454,45.77406,178
4.90710,45.77418,87
4.90967,45.77431,114
4.91223,45.77443,128
4.91479,45.77455,310.5
4.91736,45.77468,151.5
4.91992,45.77480,469
4.92248,45.77492,103
4.92505,45.77505,1182
4.92761,45.77517,373.5
4.93017,45.77529,137.5
4.93274,45.77541,3
4.94299,45.77590,11
4.94555,45.77603,9
4.94812,45.77615,22.5
4.95068,45.77627,11
4.96093,45.77676,15
4.96350,45.77688,43.5
4.96606,45.77700,64.5
4.96862,45.77712,9
4.97119,45.77724,36
4.97632,45.77749,3
4.97888,45.77761,8
4.98401,45.77785,5
4.98657,45.77797,87
4.98913,45.77809,123
4.99170,45.77821,131.5
4.99426,45.77834,370.5
4.99682,45.77846,169
4.99939,45.77858,103.5
5.00195,45.77870,159
5.00451,45.77882,130.5
5.00708,45.77894,102
5.00964,45.77906,96
5.01221,45.77918,137
5.01477,45.77930,104
5.01733,45.77942,65.5
5.01990,45.77954,113
5.02246,45.77966,39.5
5.04041,45.78050,2
4.73521,45.76759,48
4.74034,45.76785,24
4.74290,45.76797,62
4.74546,45.76810,18
4.75315,45.76848,17
4.75571,45.76861,81.5
4.75828,45.76874,148.5
4.76084,45.76886,85
4.76340,45.76899,99
4.76596,45.76912,85
4.76853,45.76924,41
4.77109,45.76937,84
4.77365,45.76949,46
4.77622,45.76962,48
4.77878,45.76975,47
4.78134,45.76987,50
4.78390,45.77000,71
4.78647,45.77013,39
4.78903,45.77025,207
4.79159,45.77038,137.5
4.79416,45.77050,200
4.79672,45.77063,23
4.79928,45.77076,60
4.80185,45.77088,335.5
4.80441,45.77101,410
4.80697,45.77113,828.5
4.80953,45.77126,93
4.81210,45.77138,252
4.81466,45.77151,2
4.81722,45.77163,501
4.81979,45.77176,267.5
4.82235,45.77188,627
4.82491,45.77201,733.5
4.82747,45.77213,730
4.83004,45.77226,748.5
4.83260,45.77238,982.5
4.83516,45.77251,1003.5
4.83773,45.77263,383.5
4.84029,45.77276,58
4.84285,45.77288,977.5
4.84542,45.77301,904
4.84798,45.77313,1266.5
4.85054,45.77326,589.5
4.85311,45.77338,137.5
4.86080,45.77376,1257.5
4.86336,45.77388,543
4.86592,45.77400,1331.5
4.86849,45.77413,920.5
4.87105,45.77425,158
4.87361,45.77438,1583
4.87617,45.77450,172
4.87874,45.77462,127.5
4.88130,45.77475,601
4.88386,45.77487,562.5
4.88643,45.77499,270.5
4.88899,45.77512,188.5
4.89155,45.77524,1002.5
4.89412,45.77537,185
4.89668,45.77549,150.5
4.89924,45.77561,14
4.90181,45.77574,1272.5
4.90437,45.77586,61
4.90693,45.77598,7
4.90950,45.77611,89
4.91206,45.77623,88.5
4.91462,45.77635,474.5
4.91719,45.77647,432
4.91975,45.77660,225.5
4.92231,45.77672,738
4.92488,45.77684,844.5
4.92744,45.77697,322
4.93001,45.77709,487.5
4.94026,45.77758,3
4.94539,45.77782,15
4.94795,45.77794,33
4.95051,45.77807,20
4.95564,45.77831,2
4.96077,45.77855,9
4.98128,45.77953,6
4.98384,45.77965,4
4.98640,45.77977,47
4.98897,45.77989,85
4.99153,45.78001,134
4.99410,45.78013,83.5
4.99666,45.78025,83
4.99922,45.78038,186
5.00179,45.78050,116.5
5.00435,45.78062,180
5.00691,45.78074,109
5.00948,45.78086,144
5.01204,45.78098,132.5
5.01461,45.78110,104
5.01717,45.78122,321
5.01973,45.78134,76
5.02230,45.78146,61
5.02486,45.78158,12
5.04794,45.78266,4
4.72991,45.76913,1
4.73760,45.76952,12.5
4.74016,45.76964,50
4.74273,45.76977,79.5
4.74785,45.77002,3
4.75042,45.77015,20.5
4.75298,45.77028,45.5
4.75554,45.77041,62
4.75810,45.77053,101
4.76067,45.77066,54
4.76323,45.77079,29
4.76579,45.77091,38
4.76836,45.77104,37
4.77092,45.77117,34
4.77348,45.77129,23
4.77604,45.77142,72
4.77861,45.77154,113
4.78117,45.77167,428
4.78373,45.77180,11
4.78630,45.77192,253.5
4.79142,45.77217,15
4.79398,45.77230,264
4.79655,45.77243,32.5
4.79911,45.77255,589.5
4.80167,45.77268,1348.5
4.80424,45.77280,719
4.80680,45.77293,644.5
4.80936,45.77305,292
4.81193,45.77318,48
4.81449,45.77331,768.5
4.81705,45.77343,4
4.81961,45.77356,247
4.82218,45.77368,568.5
4.82474,45.77381,500.5
4.82730,45.77393,913
4.82987,45.77406,698
4.83243,45.77418,772.5
4.83499,45.77431,928.5
4.83756,45.77443,684.5
4.84012,45.77456,28.5
4.84268,45.77468,519
4.84525,45.77481,1437.5
4.84781,45.77493,430.5
4.85037,45.77505,113.5
4.86063,45.77555,913
4.86319,45.77568,800.5
4.86575,45.77580,877.5
4.86832,45.77592,266
4.87088,45.77605,572
4.87344,45.77617,775.5
4.87601,45.77630,354
4.87857,45.77642,3
4.88113,45.77654,530.5
4.88370,45.77667,801
4.88626,45.77679,521
4.88882,45.77692,304.5
4.89139,45.77704,413.5
4.89395,45.77716,590.5
4.89651,45.77729,8
4.89908,45.77741,107
4.90164,45.77753,59.5
4.90420,45.77766,184
4.90677,45.77778,10
4.90933,45.77790,8
4.91189,45.77803,9
4.91446,45.77815,423
4.91702,45.77827,458.5
4.91958,45.77839,343
4.92215,45.77852,2
4.92471,45.77864,2
4.92727,45.77876,854
4.92984,45.77888,285.5
4.93753,45.77925,1
4.94009,45.77937,2
4.94522,45.77962,7
4.94778,45.77974,10.5
4.95804,45.78023,9
4.96060,45.78035,14
4.96573,45.78060,4
4.98880,45.78169,72
4.99137,45.78181,115.5
4.99393,45.78193,187.5
4.99649,45.78205,192
4.99906,45.78217,167
5.00162,45.78229,109
5.00419,45.78241,89
5.00675,45.78253,167.5
5.00931,45.78266,120
5.01188,45.78278,124.5
5.01444,45.78290,86
5.01700,45.78302,82.5
5.01957,45.78314,23
5.02213,45.78326,261
5.02470,45.78338,104
5.03752,45.78398,1
5.04008,45.78410,14
5.04264,45.78422,11
5.05803,45.78494,4
4.72461,45.77068,3
4.72718,45.77080,5
4.72974,45.77093,6
4.73230,45.77106,19
4.73743,45.77131,17.5
4.73999,45.77144,55
4.74255,45.77157,37
4.74512,45.77169,8
4.74768,45.77182,7
4.75024,45.77195,48
4.75280,45.77208,55
4.75537,45.77220,2
4.76306,45.77258,2
4.76562,45.77271,357
4.76818,45.77284,26
4.77075,45.77296,26
4.77331,45.77309,337.5
4.77587,45.77321,258
4.77843,45.77334,234.5
4.78100,45.77347,138
4.78356,45.77359,284.5
4.78612,45.77372,3
4.78869,45.77385,6
4.79125,45.77397,17
4.79381,45.77410,324
4.79638,45.77422,495
4.79894,45.77435,126
4.80150,45.77447,598.5
4.80407,45.77460,559.5
4.80663,45.77473,697.5
4.80919,45.77485,163.5
4.81175,45.77498,251.5
4.81688,45.77523,4
4.81944,45.77535,612
4.82201,45.77548,1083.5
4.82457,45.77560,1010.5
4.82713,45.77573,1267
4.82970,45.77585,964.5
4.83226,45.77598,895.5
4.83482,45.77610,1547
4.83739,45.77623,857.5
4.83995,45.77635,282.5
4.84508,45.77660,475.5
4.84764,45.77673,48
4.86046,45.77735,450.5
4.86302,45.77747,836.5
4.86558,45.77760,949
4.86815,45.77772,527.5
4.87071,45.77785,376
4.87327,45.77797,567
4.87584,45.77809,445.5
4.87840,45.77822,798.5
4.88096,45.77834,781.5
4.88353,45.77847,615
4.88609,45.77859,323
4.88865,45.77871,278.5
4.89122,45.77884,443
4.89378,45.77896,792
4.89634,45.77908,13
4.89891,45.77921,334
4.90147,45.77933,12
4.90403,45.77945,109
4.90660,45.77958,96.5
4.91429,45.77995,349
4.91685,45.78007,325
4.91942,45.78019,346
4.92198,45.78031,167.5
4.92454,45.78044,140
4.92711,45.78056,305
4.92967,45.78068,9
4.94505,45.78142,9
4.94762,45.78154,1
4.95018,45.78166,5
4.95531,45.78190,23
4.95787,45.78203,13
4.96043,45.78215,10
4.96300,45.78227,4
4.96556,45.78239,6
4.96813,45.78251,5
4.98864,45.78349,2
4.99120,45.78361,43
4.99376,45.78373,135
4.99633,45.78385,144.5
4.99889,45.78397,191
5.00146,45.78409,227
5.00402,45.78421,95.5
5.00658,45.78433,61
5.00915,45.78445,15
5.01171,45.78457,122
5.01428,45.78469,92
5.01684,45.78481,77
5.01940,45.78494,26
5.02197,45.78506,162
5.02453,45.78518,46
5.03479,45.78566,16
5.03735,45.78578,76.5
5.03992,45.78590,86
5.04248,45.78602,53
5.04504,45.78614,29
5.04761,45.78626,23
4.72188,45.77235,1
4.73213,45.77286,5
4.73469,45.77298,7
4.73725,45.77311,51
4.73982,45.77324,61.5
4.74238,45.77336,54
4.74494,45.77349,22
4.74751,45.77362,16
4.75007,45.77375,53.5
4.75263,45.77387,77
4.75519,45.77400,9
4.76032,45.77425,3
4.76288,45.77438,15
4.76545,45.77451,58.5
4.76801,45.77463,24.5
4.77057,45.77476,28
4.77314,45.77489,377
4.77570,45.77501,123
4.77826,45.77514,238
4.78083,45.77526,325.5
4.78595,45.77552,23
4.78851,45.77564,23
4.79364,45.77589,95
4.79620,45.77602,106.5
4.79877,45.77615,98
4.80133,45.77627,637.5
4.80389,45.77640,490
4.80646,45.77652,509.5
4.81158,45.77677,480.5
4.81415,45.77690,280
4.81671,45.77702,274.5
4.81927,45.77715,422
4.82184,45.77728,424
4.82440,45.77740,605.5
4.82696,45.77753,738.5
4.82953,45.77765,956.5
4.83209,45.77778,967
4.83465,45.77790,1415.5
4.83722,45.77803,989
4.83978,45.77815,265.5
4.85260,45.77877,3.5
4.86029,45.77915,444
4.86285,45.77927,285
4.86541,45.77939,141.5
4.87054,45.77964,3
4.87310,45.77977,109.5
4.87567,45.77989,58
4.87823,45.78001,388.5
4.88079,45.78014,790
4.88336,45.78026,456.5
4.88592,45.78039,414
4.88848,45.78051,288.5
4.89105,45.78063,414.5
4.89618,45.78088,30
4.89874,45.78100,232
4.90130,45.78113,262.5
4.90387,45.78125,77
4.90643,45.78137,40
4.90899,45.78150,84
4.91156,45.78162,1541
4.91412,45.78174,303.5
4.91668,45.78187,1467.5
4.91925,45.78199,708.5
4.92181,45.78211,256.5
4.92438,45.78223,434
4.92694,45.78236,255.5
4.92950,45.78248,634.5
4.93207,45.78260,285
4.93463,45.78272,157
4.96283,45.78407,2
4.96540,45.78419,19
4.96796,45.78431,9.5
4.99104,45.78540,11
4.99360,45.78552,94
4.99616,45.78565,184
4.99873,45.78577,231.5
5.00129,45.78589,121.5
5.00386,45.78601,82.5
5.00642,45.78613,28
5.01155,45.78637,14
5.01411,45.78649,3
5.02950,45.78721,5
5.03462,45.78745,63
5.03719,45.78757,82.5
5.03975,45.78769,116
5.04232,45.78781,95
5.04488,45.78793,49
5.04744,45.78805,167.5
5.05001,45.78817,6
4.72170,45.77414,2
4.72939,45.77452,2
4.73195,45.77465,15
4.73452,45.77478,16
4.73708,45.77491,52.5
4.73964,45.77503,50.5
4.74221,45.77516,33
4.74477,45.77529,2
4.74733,45.77541,129
4.74990,45.77554,84
4.75246,45.77567,46
4.75758,45.77592,7
4.76015,45.77605,15
4.76271,45.77618,45
4.76527,45.77630,28
4.77040,45.77656,48
4.77296,45.77668,120
4.77553,45.77681,255.5
4.77809,45.77693,410.5
4.78065,45.77706,13
4.78322,45.77719,10.5
4.78578,45.77731,69.5
4.78834,45.77744,82
4.79091,45.77757,160
4.79347,45.77769,143.5
4.79603,45.77782,140
4.79860,45.77794,9
4.80116,45.77807,248
4.80372,45.77819,648
4.80629,45.77832,1426
4.80885,45.77845,283
4.81141,45.77857,279.5
4.81398,45.77870,302
4.81654,45.77882,219
4.81910,45.77895,681.5
4.82167,45.77907,261.5
4.82423,45.77920,477
4.82679,45.77932,848.5
4.82936,45.77945,618
4.83192,45.77957,614
4.83448,45.77970,1029
4.83705,45.77982,701
4.83961,45.77995,510
4.84217,45.78007,181.5
4.87037,45.78144,4
4.87806,45.78181,103.5
4.88063,45.78194,211.5
4.88319,45.78206,370.5
4.88575,45.78218,507
4.88832,45.78231,740
4.89088,45.78243,311
4.89601,45.78268,19.5
4.89857,45.78280,40
4.90113,45.78292,234
4.90370,45.78305,52.5
4.90626,45.78317,19
4.91395,45.78354,1224
4.91652,45.78366,277
4.91908,45.78379,498
4.92164,45.78391,88.5
4.92421,45.78403,210.5
4.92677,45.78415,319.5
4.92934,45.78428,543
4.93190,45.78440,972
4.93446,45.78452,60
4.93703,45.78464,40
4.93959,45.78477,8
4.96010,45.78574,106
4.96267,45.78586,96
4.96523,45.78599,13
4.96779,45.78611,21.5
4.97036,45.78623,5
4.99087,45.78720,122
4.99343,45.78732,95.5
4.99600,45.78744,176
4.99856,45.78756,205.5
5.00113,45.78768,31.5
5.00369,45.78781,7
5.00625,45.78793,12
5.02420,45.78877,4
5.02677,45.78889,4
5.02933,45.78901,24
5.03190,45.78913,28.5
5.03446,45.78925,93.5
5.03702,45.78937,69
5.03959,45.78949,75
5.04215,45.78961,85
5.04472,45.78973,184
5.04728,45.78985,86.5
5.04985,45.78997,87
4.73178,45.77645,46
4.73434,45.77658,32
4.73691,45.77670,48
4.73947,45.77683,53
4.74203,45.77696,19
4.74460,45.77708,54
4.74716,45.77721,29
4.74972,45.77734,289
4.75229,45.77747,40
4.75485,45.77759,10
4.75741,45.77772,11
4.75997,45.77785,45
4.76254,45.77797,64
4.76510,45.77810,45
4.76766,45.77823,241
4.77023,45.77835,7
4.77279,45.77848,222
4.77535,45.77861,185.5
4.77792,45.77873,24
4.78048,45.77886,8
4.78561,45.77911,732
4.78817,45.77924,179
4.79073,45.77936,89
4.79330,45.77949,521
4.79586,45.77961,6
4.79842,45.77974,119.5
4.80099,45.77987,141
4.80355,45.77999,106
4.80611,45.78012,1242
4.80868,45.78024,17
4.81124,45.78037,183
4.81380,45.78049,37.5
4.81637,45.78062,257
4.81893,45.78074,250
4.82149,45.78087,275
4.82406,45.78099,322
4.82662,45.78112,881.5
4.82918,45.78124,334
4.83175,45.78137,178.5
4.83431,45.78149,757.5
4.83688,45.78162,621.5
4.83944,45.78174,640.5
4.84200,45.78187,371.5
4.84457,45.78199,39
4.84969,45.78224,252
4.86251,45.78286,2
4.86764,45.78311,7.5
4.87020,45.78324,6
4.87277,45.78336,7
4.87789,45.78361,45
4.88046,45.78373,43
4.88302,45.78386,4
4.88558,45.78398,201.5
4.88815,45.78410,45.5
4.89071,45.78423,172
4.89840,45.78460,18
4.90097,45.78472,32
4.90353,45.78484,212.5
4.90609,45.78497,33
4.90866,45.78509,202
4.91122,45.78521,1
4.91379,45.78534,901
4.91635,45.78546,182
4.91891,45.78558,396.5
4.92148,45.78571,373.5
4.92404,45.78583,650
4.92660,45.78595,493
4.92917,45.78607,141.5
4.93173,45.78620,147
4.93430,45.78632,26
4.93686,45.78644,59
4.93942,45.78656,4
4.95994,45.78754,7
4.96250,45.78766,1
4.96506,45.78778,11
4.96763,45.78791,4
4.97019,45.78803,11
4.99327,45.78912,49
4.99583,45.78924,128
4.99840,45.78936,71
5.02660,45.79069,2
5.02917,45.79081,62
5.03173,45.79093,17
5.03430,45.79105,172
5.03686,45.79117,103.5
5.03942,45.79129,65
5.04199,45.79141,38
5.04455,45.79153,84
5.04712,45.79165,51
5.04968,45.79177,45
4.70341,45.77684,50
4.70598,45.77697,10
4.72904,45.77812,52
4.73161,45.77825,123
4.73417,45.77837,111
4.73673,45.77850,58
4.73930,45.77863,37
4.74186,45.77875,56.5
4.74442,45.77888,127.5
4.74699,45.77901,31
4.74955,45.77914,130
4.75211,45.77926,58
4.75468,45.77939,9
4.75724,45.77952,7.5
4.75980,45.77964,60.5
4.76236,45.77977,58.5
4.76493,45.77990,44
4.76749,45.78002,56
4.77005,45.78015,80
4.77262,45.78028,279
4.77518,45.78040,70
4.77774,45.78053,156
4.78543,45.78091,25.5
4.78800,45.78103,152
4.79056,45.78116,141
4.79313,45.78128,856.5
4.79569,45.78141,588.5
4.79825,45.78154,20
4.81107,45.78216,13
4.81363,45.78229,264
4.81620,45.78242,178
4.81876,45.78254,12
4.82132,45.78267,411
4.82389,45.78279,986
4.82645,45.78292,268.5
4.82901,45.78304,130
4.83158,45.78317,249.5
4.83414,45.78329,376
4.83670,45.78342,200
4.83927,45.78354,286.5
4.84183,45.78367,110.5
4.84440,45.78379,271.5
4.84952,45.78404,262
4.87260,45.78516,9
4.87516,45.78528,1.5
4.87772,45.78541,3
4.88285,45.78565,3
4.89311,45.78615,1
4.89567,45.78627,14
4.89823,45.78639,11
4.90080,45.78652,94.5
4.90336,45.78664,88
4.90593,45.78676,196
4.90849,45.78689,385.5
4.91105,45.78701,1254.5
4.91362,45.78713,915.5
4.91618,45.78726,60.5
4.91874,45.78738,49
4.92131,45.78750,105.5
4.92387,45.78762,222
4.92644,45.78775,47
4.92900,45.78787,76
4.93156,45.78799,288.5
4.93413,45.78812,74
4.93669,45.78824,3
4.93926,45.78836,11
4.96233,45.78946,6
4.96490,45.78958,3
4.96746,45.78970,12
4.97772,45.79019,5
4.99310,45.79092,99
4.99567,45.79104,4
4.99823,45.79116,2
5.02900,45.79261,12
5.03413,45.79285,153.5
5.03670,45.79297,79
5.03926,45.79309,69
5.04183,45.79321,76.5
5.04439,45.79333,81
5.04695,45.79345,76
5.04952,45.79357,80
5.05208,45.79368,4
5.05465,45.79380,4.5
4.69811,45.77838,21
4.70067,45.77851,78
4.70324,45.77864,41.5
4.70580,45.77876,118.5
4.70836,45.77889,2
4.72631,45.77979,2
4.72887,45.77991,134
4.73143,45.78004,99
4.73400,45.78017,70
4.73656,45.78030,24
4.73912,45.78042,68.5
4.74169,45.78055,76
4.74425,45.78068,68
4.74681,45.78081,11
4.75194,45.78106,123
4.75450,45.78119,32
4.75963,45.78144,22
4.76219,45.78157,46
4.76476,45.78169,49
4.76732,45.78182,12
4.76988,45.78195,120
4.77245,45.78207,261
4.77501,45.78220,77.5
4.77757,45.78232,203.5
4.78014,45.78245,56
4.78270,45.78258,2
4.78783,45.78283,26
4.79039,45.78296,184
4.79295,45.78308,114.5
4.79552,45.78321,347
4.79808,45.78333,426
4.80064,45.78346,25
4.80321,45.78358,30
4.80833,45.78384,359.5
4.81090,45.78396,972
4.81346,45.78409,17
4.81603,45.78421,26
4.81859,45.78434,230
4.82115,45.78446,184.5
4.82372,45.78459,202.5
4.82628,45.78471,294
4.82884,45.78484,597.5
4.83141,45.78496,504
4.83397,45.78509,395
4.83653,45.78521,295.5
4.83910,45.78534,995
4.84166,45.78546,462
4.84423,45.78559,62.5
4.84679,45.78571,219.5
4.84935,45.78584,331.5
4.88268,45.78745,4
4.90319,45.78844,59
4.90576,45.78856,529
4.90832,45.78868,22
4.91089,45.78881,316.5
4.91345,45.78893,593
4.91601,45.78905,693.5
4.91858,45.78918,100.5
4.92114,45.78930,411
4.92371,45.78942,115
4.92627,45.78954,263.5
4.92883,45.78967,6
4.93140,45.78979,133.5
4.93396,45.78991,50
4.96473,45.79138,6.5
4.96730,45.79150,11
4.99294,45.79271,109
5.03397,45.79464,33
5.03653,45.79476,12
5.03910,45.79488,78
5.04166,45.79500,101
5.04423,45.79512,87
5.04679,45.79524,109.5
5.04936,45.79536,27
5.05192,45.79548,59
5.05448,45.79560,36
4.69794,45.78018,10
4.70050,45.78031,35
4.70306,45.78043,30
4.70563,45.78056,201
4.70819,45.78069,39
4.71075,45.78082,10
4.71844,45.78120,10
4.72101,45.78133,39
4.72357,45.78146,46.5
4.72613,45.78158,60
4.72870,45.78171,47
4.73126,45.78184,51
4.73382,45.78197,20
4.73639,45.78209,218
4.73895,45.78222,116
4.74151,45.78235,34.5
4.74408,45.78247,16
4.74664,45.78260,20
4.74920,45.78273,48.5
4.75177,45.78286,66.5
4.75433,45.78298,5
4.75689,45.78311,1
4.75946,45.78324,20
4.76458,45.78349,11
4.76971,45.78374,26.5
4.77227,45.78387,42
4.77484,45.78400,61.5
4.77740,45.78412,65
4.77996,45.78425,47
4.78253,45.78437,121.5
4.78509,45.78450,9
4.78765,45.78463,10
4.79022,45.78475,162.5
4.79278,45.78488,164.5
4.79534,45.78500,513.5
4.79791,45.78513,27
4.80304,45.78538,373
4.80560,45.78551,400
4.80816,45.78563,55
4.81073,45.78576,606.5
4.81329,45.78588,14
4.81842,45.78613,181.5
4.82098,45.78626,56.5
4.82354,45.78638,12
4.82611,45.78651,271
4.82867,45.78663,231.5
4.83124,45.78676,280
4.83380,45.78688,236
4.83636,45.78701,274.5
4.83893,45.78713,177.5
4.84149,45.78726,647.5
4.84405,45.78738,224
4.84662,45.78751,13
4.84918,45.78763,100
4.85175,45.78776,388.5
4.85431,45.78788,54.5
4.88508,45.78937,2
4.90815,45.79048,6
4.91072,45.79060,169
4.91328,45.79073,77.5
4.91841,45.79097,184.5
4.92097,45.79110,403.5
4.92354,45.79122,180
4.92610,45.79134,157
4.92867,45.79146,193
4.93123,45.79159,37
4.93379,45.79171,7
4.96713,45.79330,2
4.96969,45.79342,4
4.97226,45.79354,4
4.97482,45.79366,1
5.03893,45.79668,31
5.04150,45.79680,96
5.04406,45.79692,103.5
5.04663,45.79704,86.5
5.04919,45.79716,108.5
5.05176,45.79728,28
5.05432,45.79740,229
5.05689,45.79752,68
4.69776,45.78197,34.5
4.70032,45.78210,83.5
4.70289,45.78223,68.5
4.70545,45.78236,167.5
4.70801,45.78249,137
4.71058,45.78261,24.5
4.71314,45.78274,9.5
4.71570,45.78287,46
4.71827,45.78300,63.5
4.72083,45.78313,60.5
4.72339,45.78325,87
4.72596,45.78338,35
4.72852,45.78351,16
4.73108,45.78364,10
4.73365,45.78376,32
4.73621,45.78389,329.5
4.73877,45.78402,119
4.74134,45.78414,57
4.74390,45.78427,36
4.74647,45.78440,48
4.74903,45.78453,51
4.75159,45.78465,68
4.75928,45.78503,25
4.76185,45.78516,16
4.76441,45.78529,4
4.76697,45.78541,24
4.76954,45.78554,9
4.77210,45.78567,17
4.77466,45.78579,16
4.77723,45.78592,7
4.77979,45.78604,31
4.78748,45.78642,182
4.79005,45.78655,533
4.79261,45.78668,289
4.79517,45.78680,687.5
4.80030,45.78705,765.5
4.80286,45.78718,290
4.80543,45.78730,403.5
4.80799,45.78743,618.5
4.81056,45.78755,6
4.81825,45.78793,129.5
4.82081,45.78806,279
4.82337,45.78818,198
4.82850,45.78843,96
4.83107,45.78856,450.5
4.83363,45.78868,134.5
4.83619,45.78881,240.5
4.83876,45.78893,418.5
4.84132,45.78906,301
4.84388,45.78918,59
4.84645,45.78931,149
4.84901,45.78943,114
4.85158,45.78955,33.5
4.85414,45.78968,580.5
4.85670,45.78980,533
4.85927,45.78993,494.5
4.92081,45.79289,81
4.92337,45.79302,211
4.92593,45.79314,52.5
4.96953,45.79522,8
4.97209,45.79534,6
4.98235,45.79582,3
5.04133,45.79860,49
5.04390,45.79872,110.5
5.04646,45.79884,101
5.04903,45.79896,94
5.05159,45.79908,107.5
5.05416,45.79920,129
5.05672,45.79932,70
5.05929,45.79944,64
4.69759,45.78377,38.5
4.70015,45.78390,40
4.70271,45.78403,62
4.70528,45.78415,153
4.70784,45.78428,198.5
4.71040,45.78441,8
4.71297,45.78454,26
4.71553,45.78467,138.5
4.71809,45.78479,39.5
4.72066,45.78492,30
4.72322,45.78505,10
4.73347,45.78556,23
4.73604,45.78569,176
4.73860,45.78581,36
4.74116,45.78594,36
4.74373,45.78607,47
4.74629,45.78620,43
4.74886,45.78632,59
4.75142,45.78645,71
4.75398,45.78658,5
4.75655,45.78670,2
4.75911,45.78683,16
4.76167,45.78696,19
4.76680,45.78721,16
4.76936,45.78734,100
4.77193,45.78746,57
4.77449,45.78759,27
4.77706,45.78772,3
4.77962,45.78784,248.5
4.78218,45.78797,44
4.78731,45.78822,126
4.78987,45.78835,718
4.79244,45.78847,424
4.79500,45.78860,722.5
4.80013,45.78885,128
4.80269,45.78898,933.5
4.80526,45.78910,21
4.80782,45.78923,253.5
4.81295,45.78948,32
4.81551,45.78960,308
4.81808,45.78973,120
4.82064,45.78985,207.5
4.82320,45.78998,304.5
4.82577,45.79010,227.5
4.82833,45.79023,198
4.83089,45.79035,245
4.83346,45.79048,412
4.83602,45.79060,133
4.83859,45.79073,450.5
4.84115,45.79085,512
4.84371,45.79098,123.5
4.84628,45.79110,24
4.84884,45.79123,23
4.85141,45.79135,15
4.85397,45.79148,202
4.85653,45.79160,260.5
4.85910,45.79172,391
4.86166,45.79185,22
4.86423,45.79197,196
4.86679,45.79210,145.5
4.86935,45.79222,13
5.04373,45.80051,19
5.04630,45.80063,43.5
5.04886,45.80075,122.5
5.05143,45.80087,111
5.05399,45.80099,86.5
5.05656,45.80111,109
5.05912,45.80123,79
4.69228,45.78531,2
4.69741,45.78557,27.5
4.69997,45.78570,1.5
4.70254,45.78582,50
4.70510,45.78595,194
4.70766,45.78608,147
4.71023,45.78621,24
4.73330,45.78736,8
4.73586,45.78748,14
4.73843,45.78761,13
4.74099,45.78774,25
4.74355,45.78787,62
4.74612,45.78799,40
4.74868,45.78812,49
4.75125,45.78825,45
4.75894,45.78863,3
4.76150,45.78875,42
4.76406,45.78888,28
4.76663,45.78901,71
4.76919,45.78913,136
4.77176,45.78926,64.5
4.77432,45.78939,30
4.77945,45.78964,263
4.78201,45.78976,403.5
4.78970,45.79014,169
4.79227,45.79027,591
4.79483,45.79039,337.5
4.79739,45.79052,305
4.79996,45.79065,402
4.80252,45.79077,46.5
4.80508,45.79090,19
4.80765,45.79102,28
4.81021,45.79115,340
4.81278,45.79127,16.5
4.81534,45.79140,362.5
4.81790,45.79152,136.5
4.82303,45.79178,139
4.82560,45.79190,182.5
4.82816,45.79203,246
4.83072,45.79215,193
4.83329,45.79228,132
4.83585,45.79240,138.5
4.83842,45.79253,95.5
4.84098,45.79265,47.5
4.84354,45.79277,176
4.84611,45.79290,502
4.84867,45.79302,1130.5
4.85124,45.79315,495.5
4.85380,45.79327,150.5
4.85636,45.79340,42.5
4.85893,45.79352,184
4.86149,45.79365,77
4.86406,45.79377,69
4.86662,45.79389,74
4.86919,45.79402,68
4.87175,45.79414,60
5.04614,45.80243,41.5
5.04870,45.80255,18.5
5.05127,45.80267,89
5.05383,45.80279,135
5.05640,45.80291,133.5
5.05896,45.80303,93
4.69467,45.78724,5
4.70236,45.78762,19
4.70493,45.78775,91
4.70749,45.78788,118.5
4.71005,45.78800,75
4.72031,45.78852,4
4.73313,45.78915,4
4.73569,45.78928,8
4.74082,45.78953,124.5
4.74338,45.78966,22
4.74594,45.78979,62
4.74851,45.78992,63
4.75107,45.79004,18
4.76389,45.79068,44
4.76645,45.79080,90.5
4.76902,45.79093,158
4.77158,45.79106,48
4.77415,45.79118,52
4.77671,45.79131,34
4.77927,45.79144,62
4.78184,45.79156,370.5
4.78440,45.79169,1510.5
4.78697,45.79181,74
4.78953,45.79194,78.5
4.79209,45.79207,135.5
4.79466,45.79219,155
4.79722,45.79232,21
4.79979,45.79244,40.5
4.80235,45.79257,29
4.80491,45.79269,44
4.80748,45.79282,109
4.81004,45.79295,27
4.81517,45.79320,24.5
4.82030,45.79345,102
4.82286,45.79357,51
4.82799,45.79382,336.5
4.83055,45.79395,52.5
4.83312,45.79407,348.5
4.83568,45.79420,152
4.83825,45.79432,632
4.84081,45.79445,565.5
4.84337,45.79457,218.5
4.84594,45.79470,321.5
4.84850,45.79482,170.5
4.85107,45.79495,1124.5
4.85363,45.79507,107
4.85619,45.79519,285
4.85876,45.79532,699
4.86132,45.79544,74.5
4.86389,45.79557,37.5
4.86645,45.79569,66.5
4.86902,45.79582,75
4.87158,45.79594,45.5
4.87414,45.79606,80
4.87671,45.79619,48
5.03571,45.80375,3
5.05367,45.80459,16
5.05623,45.80471,50
5.05880,45.80483,51.5
4.70475,45.78954,14
4.70732,45.78967,113.5
4.70988,45.78980,44.5
4.71244,45.78993,28
4.74321,45.79146,8
4.74577,45.79159,2
4.74833,45.79171,10
4.75090,45.79184,2
4.75346,45.79197,1
4.76115,45.79235,4
4.76372,45.79247,29
4.76628,45.79260,11
4.77141,45.79285,68
4.77397,45.79298,54
4.77654,45.79311,60.5
4.77910,45.79323,26
4.78167,45.79336,3
4.78423,45.79348,43
4.78679,45.79361,142.5
4.78936,45.79374,210
4.79192,45.79386,262.5
4.79449,45.79399,276
4.79705,45.79411,50
4.79961,45.79424,40
4.80218,45.79437,21
4.80474,45.79449,29.5
4.80731,45.79462,29
4.80987,45.79474,27.5
4.81243,45.79487,57
4.81500,45.79499,51
4.81756,45.79512,159
4.82013,45.79524,177
4.82269,45.79537,73
4.82525,45.79549,191.5
4.82782,45.79562,11
4.83038,45.79574,85
4.83295,45.79587,56
4.83551,45.79599,43
4.84064,45.79624,514.5
4.84320,45.79637,310
4.84577,45.79649,324.5
4.84833,45.79662,191.5
4.85090,45.79674,330
4.85346,45.79687,118.5
4.85602,45.79699,155
4.85859,45.79712,85
4.86115,45.79724,93
4.86372,45.79736,53
4.86628,45.79749,109.5
4.86885,45.79761,110
4.87141,45.79774,29
4.87397,45.79786,96.5
4.87654,45.79798,186
4.87910,45.79811,64.5
4.69689,45.79096,6
4.70458,45.79134,2
4.72765,45.79249,11
4.73021,45.79262,30
4.74303,45.79326,10
4.74560,45.79338,5
4.74816,45.79351,4
4.75329,45.79376,2
4.76355,45.79427,12
4.76867,45.79452,27
4.77124,45.79465,19
4.77380,45.79478,79
4.77637,45.79490,64
4.77893,45.79503,11
4.78149,45.79515,73.5
4.78406,45.79528,95.5
4.78662,45.79541,129
4.78919,45.79553,517.5
4.79175,45.79566,194
4.79431,45.79579,129.5
4.79688,45.79591,17
4.79944,45.79604,40
4.80201,45.79616,45
4.80457,45.79629,45.5
4.80713,45.79641,51
4.80970,45.79654,28
4.81226,45.79666,12.5
4.81483,45.79679,2
4.81739,45.79692,317.5
4.81995,45.79704,157.5
4.82252,45.79717,115.5
4.82508,45.79729,122
4.82765,45.79742,78.5
4.83021,45.79754,28.5
4.83278,45.79767,16
4.83534,45.79779,9
4.83790,45.79792,14
4.84047,45.79804,25
4.84303,45.79817,140.5
4.84560,45.79829,375
4.84816,45.79841,275.5
4.85073,45.79854,22
4.85329,45.79866,63.5
4.85585,45.79879,124
4.85842,45.79891,226
4.86098,45.79904,105
4.86355,45.79916,129.5
4.86611,45.79929,96.5
4.86868,45.79941,83
4.87124,45.79953,85.5
4.87381,45.79966,80
4.87637,45.79978,249.5
4.87893,45.79991,70.5
4.88150,45.80003,24.5
5.04821,45.80794,1
4.71209,45.79352,8
4.71466,45.79365,61.5
4.72235,45.79403,6
4.72491,45.79416,21
4.72748,45.79429,5
4.74030,45.79492,5
4.74286,45.79505,42
4.74542,45.79518,24
4.74799,45.79531,4
4.75312,45.79556,23
4.75568,45.79569,4
4.75824,45.79581,10
4.76081,45.79594,4
4.76337,45.79607,19
4.76594,45.79619,3
4.76850,45.79632,10
4.77106,45.79645,1
4.77619,45.79670,5
4.77876,45.79683,27
4.78132,45.79695,316
4.78388,45.79708,30
4.78645,45.79720,308
4.78901,45.79733,322
4.79158,45.79746,116
4.79414,45.79758,44
4.79671,45.79771,52
4.79927,45.79783,8
4.80183,45.79796,70
4.80440,45.79808,79
4.80696,45.79821,31
4.80953,45.79834,7
4.81209,45.79846,6
4.81466,45.79859,14
4.81722,45.79871,31
4.81978,45.79884,60
4.82235,45.79896,414.5
4.82491,45.79909,249.5
4.82748,45.79921,74
4.83004,45.79934,71
4.83261,45.79946,179.5
4.83517,45.79959,168
4.83773,45.79971,4
4.84030,45.79984,66
4.84286,45.79996,64.5
4.84543,45.80009,101.5
4.84799,45.80021,339.5
4.85056,45.80034,396
4.85312,45.80046,197.5
4.85568,45.80059,80
4.85825,45.80071,193.5
4.86081,45.80083,212
4.86338,45.80096,107
4.86594,45.80108,118
4.86851,45.80121,124
4.87107,45.80133,64
4.87364,45.80145,87
4.87620,45.80158,56
4.87877,45.80170,75
4.88133,45.80183,108.5
4.88646,45.80207,23.5
4.72217,45.79583,8
4.72474,45.79596,21
4.73243,45.79634,3
4.74012,45.79672,18
4.74269,45.79685,54.5
4.74781,45.79710,8
4.75294,45.79736,44
4.75551,45.79748,83.5
4.75807,45.79761,52
4.76064,45.79774,1
4.76576,45.79799,14
4.77089,45.79824,15
4.77602,45.79850,1.5
4.77858,45.79862,52
4.78115,45.79875,96.5
4.78371,45.79887,66.5
4.78628,45.79900,139
4.78884,45.79913,62.5
4.79141,45.79925,192.5
4.79397,45.79938,113
4.79653,45.79950,62
4.79910,45.79963,24
4.80166,45.79976,65
4.80423,45.79988,54
4.80679,45.80001,13
4.80936,45.80013,21
4.81192,45.80026,19
4.81448,45.80038,15
4.81705,45.80051,35
4.81961,45.80063,203.5
4.82218,45.80076,121.5
4.82474,45.80088,310
4.82731,45.80101,363.5
4.82987,45.80114,512
4.83243,45.80126,369
4.83500,45.80138,71.5
4.83756,45.80151,82
4.84269,45.80176,44
4.84526,45.80188,37
4.84782,45.80201,446.5
4.85039,45.80213,208.5
4.85295,45.80226,82.5
4.85551,45.80238,47
4.85808,45.80251,217
4.86064,45.80263,527.5
4.86321,45.80276,16
4.86577,45.80288,10
4.86834,45.80300,4
4.87090,45.80313,22
4.87347,45.80325,146
4.87603,45.80338,67.5
4.87860,45.80350,63
4.88116,45.80362,62
4.88373,45.80375,51.5
4.88629,45.80387,15
4.88885,45.80399,30
4.89142,45.80412,97.5
4.89398,45.80424,6
4.71431,45.79724,7
4.71687,45.79737,6
4.71944,45.79750,9
4.72200,45.79763,4
4.73226,45.79814,1
4.73482,45.79826,14
4.73738,45.79839,2
4.73995,45.79852,12
4.74508,45.79877,4
4.74764,45.79890,8
4.75021,45.79903,9
4.75277,45.79915,74
4.75533,45.79928,288.5
4.75790,45.79941,59
4.76046,45.79953,15
4.76559,45.79979,6
4.76815,45.79991,21
4.77072,45.80004,8
4.77841,45.80042,1
4.78098,45.80055,84
4.78354,45.80067,146.5
4.78610,45.80080,62.5
4.78867,45.80092,7
4.79893,45.80143,37
4.80149,45.80155,79
4.80405,45.80168,54
4.80662,45.80180,68
4.80918,45.80193,57
4.81175,45.80206,40
4.81431,45.80218,39
4.81688,45.80231,25
4.81944,45.80243,57
4.82201,45.80256,35
4.82457,45.80268,104
4.82713,45.80281,71.5
4.82970,45.80293,306.5
4.83226,45.80306,177.5
4.83483,45.80318,22
4.83739,45.80331,269.5
4.84509,45.80368,4
4.84765,45.80381,41
4.85022,45.80393,303.5
4.85278,45.80405,406.5
4.85534,45.80418,329
4.85791,45.80430,2
4.87073,45.80492,5
4.87330,45.80505,45
4.87586,45.80517,102.5
4.87843,45.80530,75
4.88099,45.80542,82
4.88356,45.80554,85
4.88612,45.80567,163.5
4.88869,45.80579,79
4.89125,45.80591,59
4.89382,45.80604,132.5
4.89638,45.80616,155
4.89894,45.80629,102
4.90151,45.80641,70
4.90407,45.80653,8
4.90664,45.80665,2
4.90920,45.80678,12
4.91177,45.80690,47.5
4.91433,45.80702,63.5
4.91690,45.80715,34.5
4.71413,45.79904,20.5
4.71670,45.79917,16
4.71926,45.79930,53.5
4.72183,45.79942,17
4.73465,45.80006,1
4.73721,45.80019,12.5
4.74747,45.80070,3
4.75003,45.80082,38
4.75260,45.80095,51.5
4.75516,45.80108,49.5
4.75772,45.80120,104
4.76029,45.80133,29
4.76798,45.80171,3
4.77055,45.80184,1
4.77567,45.80209,11
4.77824,45.80222,15
4.78080,45.80234,16
4.78337,45.80247,11
4.78593,45.80259,53
4.78850,45.80272,1
4.79619,45.80310,42
4.79875,45.80322,79
4.80132,45.80335,61
4.80388,45.80348,66
4.80645,45.80360,73
4.80901,45.80373,47
4.81158,45.80385,21
4.81414,45.80398,22.5
4.81671,45.80410,7
4.81927,45.80423,30.5
4.82183,45.80435,228.5
4.82440,45.80448,372
4.82696,45.80460,28.5
4.82953,45.80473,87
4.83209,45.80485,118
4.83466,45.80498,301
4.83979,45.80523,36
4.84492,45.80548,1
4.84748,45.80560,185
4.85005,45.80573,362
4.85261,45.80585,107
4.85517,45.80598,263
4.85774,45.80610,106
4.86030,45.80622,3
4.87313,45.80685,41
4.87569,45.80697,221
4.87826,45.80709,44
4.88082,45.80722,67
4.88339,45.80734,109.5
4.88595,45.80746,74
4.88852,45.80759,77
4.89108,45.80771,145
4.89365,45.80784,53.5
4.89621,45.80796,74.5
4.89878,45.80808,115
4.90134,45.80821,12
4.90391,45.80833,72.5
4.90647,45.80845,51
4.90904,45.80857,39
4.91160,45.80870,70.5
4.91417,45.80882,83
4.91673,45.80894,4
4.71652,45.80096,43
4.71909,45.80109,31
4.73191,45.80173,3
4.73447,45.80186,17
4.73704,45.80198,21
4.73960,45.80211,34
4.74217,45.80224,5
4.74729,45.80249,30
4.74986,45.80262,76
4.75242,45.80275,49
4.75499,45.80287,120
4.75755,45.80300,101.5
4.76012,45.80313,26
4.76781,45.80351,23
4.77807,45.80401,24
4.78063,45.80414,7
4.78576,45.80439,2
4.79089,45.80464,27
4.79345,45.80477,29
4.79602,45.80490,80.5
4.79858,45.80502,40
4.80115,45.80515,70
4.80371,45.80527,57
4.80628,45.80540,37
4.80884,45.80552,5
4.81141,45.80565,29
4.81397,45.80577,85.5
4.81653,45.80590,28
4.81910,45.80603,34.5
4.82166,45.80615,23.5
4.82423,45.80628,18
4.82679,45.80640,42.5
4.82936,45.80653,16.5
4.83192,45.80665,35
4.83449,45.80678,62
4.83705,45.80690,855.5
4.83962,45.80703,49.5
4.84731,45.80740,1
4.84988,45.80752,42
4.85244,45.80765,124
4.85500,45.80777,211
4.85757,45.80790,342.5
4.87552,45.80877,5
4.87809,45.80889,57.5
4.88065,45.80901,30
4.88322,45.80914,77.5
4.88578,45.80926,88
4.88835,45.80939,95
4.89091,45.80951,120
4.89348,45.80963,104
4.89604,45.80976,369
4.89861,45.80988,8
4.90117,45.81000,26
4.90374,45.81013,37.5
4.90630,45.81025,51.5
4.90887,45.81037,15
4.91143,45.81050,62
4.91400,45.81062,37.5
4.71378,45.80263,9
4.71635,45.80276,71.5
4.71891,45.80289,21
4.72661,45.80327,8
4.72917,45.80340,34
4.73686,45.80378,4
4.73943,45.80391,45
4.74712,45.80429,24
4.74968,45.80442,36
4.75225,45.80454,138.5
4.75481,45.80467,45
4.75738,45.80480,13
4.77789,45.80581,2
4.78559,45.80619,14
4.78815,45.80631,19
4.79072,45.80644,74.5
4.79328,45.80657,40.5
4.79585,45.80669,38.5
4.79841,45.80682,63.5
4.80098,45.80694,75
4.80354,45.80707,48
4.80610,45.80719,11
4.80867,45.80732,24
4.81123,45.80745,29
4.81380,45.80757,59
4.81636,45.80770,58
4.81893,45.80782,36
4.82149,45.80795,67
4.82406,45.80807,20
4.82662,45.80820,15
4.82919,45.80832,16
4.83175,45.80845,29
4.83432,45.80857,28
4.83688,45.80870,81.5
4.83945,45.80882,50.5
4.84201,45.80895,12.5
4.84458,45.80907,20
4.84714,45.80920,26.5
4.84971,45.80932,35
4.85227,45.80945,113
4.85483,45.80957,84
4.85740,45.80969,296
4.85996,45.80982,251.5
4.86509,45.81007,30
4.86766,45.81019,14
4.88048,45.81081,17
4.88305,45.81093,82.5
4.88561,45.81106,145.5
4.88818,45.81118,866.5
4.89074,45.81131,419.5
4.89331,45.81143,558.5
4.89587,45.81155,628.5
4.89844,45.81168,407
4.90100,45.81180,47
4.90357,45.81192,122
4.90613,45.81205,178.5
4.90870,45.81217,24
4.91126,45.81229,56
4.91383,45.81242,28
4.71105,45.80430,26
4.71361,45.80443,60
4.71617,45.80456,47
4.71874,45.80469,44
4.72643,45.80507,4
4.72900,45.80520,39
4.73156,45.80532,12
4.73669,45.80558,4
4.74695,45.80609,60
4.74951,45.80621,96
4.75208,45.80634,240
4.75464,45.80647,113
4.75977,45.80672,12
4.78029,45.80773,5
4.78285,45.80786,12.5
4.78542,45.80798,18
4.78798,45.80811,28
4.79054,45.80824,33
4.79311,45.80836,77
4.79567,45.80849,34
4.79824,45.80861,116
4.80080,45.80874,62
4.80337,45.80887,34
4.80593,45.80899,24
4.80850,45.80912,73
4.81106,45.80924,154
4.81363,45.80937,40
4.81619,45.80949,58.5
4.81876,45.80962,35
4.82132,45.80974,70
4.82389,45.80987,19
4.82645,45.80999,49
4.82902,45.81012,32
4.83158,45.81024,60
4.83415,45.81037,62
4.83671,45.81049,23
4.83928,45.81062,64
4.84184,45.81074,60.5
4.84441,45.81087,1
4.84697,45.81099,18
4.84953,45.81112,73
4.85210,45.81124,42
4.85466,45.81137,58.5
4.85723,45.81149,93
4.85979,45.81162,178.5
4.86236,45.81174,59
4.86749,45.81199,23
4.87005,45.81211,6
4.88288,45.81273,4
4.88544,45.81286,25
4.88801,45.81298,94
4.89057,45.81310,749
4.89314,45.81323,444
4.89571,45.81335,907
4.90340,45.81372,473.5
4.90597,45.81384,249.5
4.91110,45.81409,11
4.91366,45.81421,5
4.91879,45.81446,10
4.71087,45.80610,26
4.71343,45.80623,52
4.71600,45.80635,7
4.71856,45.80648,56.5
4.72113,45.80661,27
4.72882,45.80699,12
4.73139,45.80712,35
4.73395,45.80725,27
4.73908,45.80750,10
4.74164,45.80763,36
4.74421,45.80776,14
4.74677,45.80788,52
4.74934,45.80801,62.5
4.75190,45.80814,118
4.75447,45.80826,7
4.75703,45.80839,20
4.75960,45.80852,51
4.77755,45.80940,15
4.78011,45.80953,1
4.78268,45.80966,2
4.78524,45.80978,29
4.78781,45.80991,3
4.79037,45.81003,24
4.79294,45.81016,133
4.79550,45.81029,205.5
4.79807,45.81041,133
4.80063,45.81054,89
4.80320,45.81066,18
4.80576,45.81079,25
4.80833,45.81091,35
4.81089,45.81104,19
4.81346,45.81116,46.5
4.81602,45.81129,48
4.81859,45.81142,112
4.82115,45.81154,46
4.82372,45.81167,68
4.82628,45.81179,37
4.82885,45.81192,45
4.83141,45.81204,10
4.83397,45.81217,16
4.83654,45.81229,47
4.83910,45.81242,80.5
4.84167,45.81254,38
4.84423,45.81267,13
4.84680,45.81279,34
4.84936,45.81291,64
4.85193,45.81304,14
4.85449,45.81316,63.5
4.85706,45.81329,93
4.85962,45.81341,119.5
4.86219,45.81354,289.5
4.86475,45.81366,38
4.86732,45.81379,49
4.86989,45.81391,49
4.87245,45.81403,37.5
4.87758,45.81428,5
4.88528,45.81465,12
4.88784,45.81478,35
4.89041,45.81490,304.5
4.89297,45.81502,1174.5
4.89554,45.81515,364.5
4.89810,45.81527,1071
4.90067,45.81539,399.5
4.90323,45.81552,363.5
4.90580,45.81564,174.5
4.71070,45.80790,5
4.71326,45.80802,70
4.71582,45.80815,34
4.71839,45.80828,65
4.72095,45.80841,49
4.73121,45.80892,41.5
4.73378,45.80904,52.5
4.73634,45.80917,2
4.73891,45.80930,47
4.74147,45.80943,64.5
4.74404,45.80955,7
4.74660,45.80968,33
4.74916,45.80981,22
4.75173,45.80993,104
4.75429,45.81006,170
4.75686,45.81019,23
4.75942,45.81031,103
4.76199,45.81044,71.5
4.76968,45.81082,9
4.77225,45.81095,4
4.77738,45.81120,8
4.77994,45.81133,20
4.78507,45.81158,1
4.78764,45.81170,1
4.79020,45.81183,18
4.79277,45.81196,110
4.79533,45.81208,108.5
4.79790,45.81221,78
4.80046,45.81233,88
4.80302,45.81246,61
4.80559,45.81259,33.5
4.80815,45.81271,54
4.81072,45.81284,8.5
4.81328,45.81296,24
4.81585,45.81309,69.5
4.81841,45.81321,124
4.82098,45.81334,43
4.82354,45.81346,65
4.82611,45.81359,56.5
4.82867,45.81371,78
4.83124,45.81384,61
4.83380,45.81396,26
4.83893,45.81421,32
4.84150,45.81434,39
4.84406,45.81446,56.5
4.85176,45.81484,29
4.85432,45.81496,3
4.85689,45.81508,8
4.85945,45.81521,40
4.86202,45.81533,115
4.86459,45.81546,120
4.86715,45.81558,43
4.86972,45.81571,5
4.87998,45.81620,3
4.88767,45.81657,30
4.89280,45.81682,195
4.89537,45.81694,296
4.89793,45.81707,808
4.90050,45.81719,620
4.90306,45.81731,800.5
4.90563,45.81744,245
4.90819,45.81756,10
4.70796,45.80956,4
4.71052,45.80969,37
4.71309,45.80982,59
4.71565,45.80995,77
4.71821,45.81008,76.5
4.72078,45.81020,41.5
4.72334,45.81033,44
4.72591,45.81046,22
4.72847,45.81059,5
4.73104,45.81071,9
4.74386,45.81135,18
4.74643,45.81148,24.5
4.74899,45.81160,85
4.75156,45.81173,63.5
4.75412,45.81186,61
4.75669,45.81198,43.5
4.75925,45.81211,42
4.76181,45.81224,7
4.76438,45.81236,6
4.76951,45.81262,40
4.77207,45.81274,9
4.77720,45.81300,16
4.77977,45.81312,3
4.78233,45.81325,5
4.78490,45.81338,7
4.78746,45.81350,8
4.79003,45.81363,17
4.79259,45.81375,28
4.79516,45.81388,4
4.79772,45.81400,33
4.80029,45.81413,56.5
4.80285,45.81426,37
4.80542,45.81438,61
4.80798,45.81451,33.5
4.81055,45.81463,6
4.81311,45.81476,37
4.81568,45.81488,93.5
4.81824,45.81501,104
4.82081,45.81513,41
4.82337,45.81526,53
4.82594,45.81538,42
4.82850,45.81551,44
4.83107,45.81564,56
4.83363,45.81576,74
4.83620,45.81588,118.5
4.83876,45.81601,248
4.84133,45.81613,178.5
4.84389,45.81626,45.5
4.84646,45.81638,49
4.84902,45.81651,20
4.85159,45.81663,11
4.85672,45.81688,4
4.85929,45.81701,47
4.86185,45.81713,28
4.86442,45.81725,219.5
4.86698,45.81738,226.5
4.86955,45.81750,178.5
4.87211,45.81763,8
4.87724,45.81787,1
4.88237,45.81812,68
4.88494,45.81825,221
4.88750,45.81837,194
4.89007,45.81849,142
4.89263,45.81862,203
4.89520,45.81874,100.5
4.89776,45.81886,183
4.90033,45.81899,48
4.90290,45.81911,569.5
4.90546,45.81923,891
4.90803,45.81936,555.5
4.92085,45.81997,5
4.70265,45.81110,5
4.70522,45.81123,9
4.70778,45.81136,34.5
4.71035,45.81149,44
4.71291,45.81162,60.5
4.71548,45.81174,105
4.71804,45.81187,60.5
4.72060,45.81200,51
4.72317,45.81213,83
4.72573,45.81225,77
4.72830,45.81238,2
4.74369,45.81315,28
4.74625,45.81327,59
4.74882,45.81340,49
4.75138,45.81353,265
4.75395,45.81365,73
4.75651,45.81378,39
4.75908,45.81391,17.5
4.76934,45.81441,107
4.77190,45.81454,5
4.77703,45.81479,12
4.77960,45.81492,2
4.78216,45.81505,3
4.78986,45.81542,20
4.79242,45.81555,42
4.79499,45.81568,42
4.79755,45.81580,77
4.80012,45.81593,43
4.80268,45.81605,40
4.80525,45.81618,57
4.80781,45.81630,43
4.81038,45.81643,36
4.81294,45.81656,50
4.81551,45.81668,76
4.81807,45.81681,89
4.82064,45.81693,38
4.82320,45.81706,49
4.82577,45.81718,30
4.82833,45.81731,49.5
4.83090,45.81743,41.5
4.83346,45.81756,44
4.83603,45.81768,59
4.83859,45.81781,76
4.84116,45.81793,76
4.84372,45.81806,99.5
4.84629,45.81818,63.5
4.84885,45.81831,91
4.85142,45.81843,52
4.85398,45.81855,25
4.85912,45.81880,15
4.86168,45.81893,34
4.86425,45.81905,371
4.86681,45.81918,121.5
4.86938,45.81930,310
4.87194,45.81942,169
4.87451,45.81955,36.5
4.87707,45.81967,8
4.87964,45.81980,68
4.88220,45.81992,152.5
4.88477,45.82004,218
4.88733,45.82017,226.5
4.88990,45.82029,146.5
4.89246,45.82041,172
4.89503,45.82054,76.5
4.89760,45.82066,123
4.90016,45.82078,149.5
4.90273,45.82091,101
4.90529,45.82103,281
4.90786,45.82115,230
4.91042,45.82128,23
4.69991,45.81277,4
4.70248,45.81290,47
4.70504,45.81303,64.5
4.70761,45.81316,11
4.71017,45.81329,5
4.71274,45.81341,79
4.71530,45.81354,129
4.71787,45.81367,124.5
4.72043,45.81380,57
4.72300,45.81392,80.5
4.72556,45.81405,2
4.74351,45.81494,39
4.74608,45.81507,18
4.74864,45.81520,56
4.75121,45.81532,52
4.75377,45.81545,83
4.75634,45.81558,106
4.75890,45.81570,1
4.76147,45.81583,10
4.76403,45.81596,23
4.76660,45.81608,9
4.76916,45.81621,71.5
4.77429,45.81646,30
4.77686,45.81659,39.5
4.77942,45.81672,13
4.78199,45.81684,9.5
4.78968,45.81722,23
4.79225,45.81735,90.5
4.79481,45.81747,78.5
4.79738,45.81760,55
4.79994,45.81772,53
4.80251,45.81785,38
4.80507,45.81798,68
4.80764,45.81810,61
4.81020,45.81823,69.5
4.81277,45.81835,45
4.81534,45.81848,146
4.81790,45.81860,37
4.82047,45.81873,38
4.82303,45.81885,21
4.82560,45.81898,4
4.82816,45.81910,17
4.83073,45.81923,42
4.83329,45.81935,18
4.83586,45.81948,74
4.83842,45.81960,55
4.84099,45.81973,56
4.84355,45.81985,57
4.84612,45.81998,84
4.84868,45.82010,64
4.85125,45.82023,86
4.85381,45.82035,41
4.85895,45.82060,2.5
4.86151,45.82072,43
4.86408,45.82085,276.5
4.87177,45.82122,226
4.87434,45.82134,423
4.87690,45.82147,181.5
4.87947,45.82159,69
4.88203,45.82172,118.5
4.88460,45.82184,97
4.88717,45.82196,60
4.88973,45.82209,102
4.89230,45.82221,83
4.89486,45.82233,473.5
4.89743,45.82246,133
4.89999,45.82258,145.5
4.90256,45.82270,339
4.90512,45.82283,174
4.90769,45.82295,236
4.91025,45.82307,4
4.70230,45.81470,19
4.70487,45.81483,54.5
4.70743,45.81495,48
4.71000,45.81508,10
4.71256,45.81521,39.5
4.71513,45.81534,231
4.71769,45.81547,250
4.72026,45.81559,58
4.72282,45.81572,32
4.72795,45.81598,6
4.73052,45.81610,1.5
4.73308,45.81623,18
4.74334,45.81674,56
4.74591,45.81687,92.5
4.74847,45.81699,100
4.75104,45.81712,102.5
4.75360,45.81725,47
4.75617,45.81737,223.5
4.75873,45.81750,247
4.76130,45.81763,66
4.76643,45.81788,8
4.76899,45.81801,21.5
4.77156,45.81813,24
4.77412,45.81826,75
4.77669,45.81839,14.5
4.77925,45.81851,27
4.78182,45.81864,13
4.78438,45.81877,5
4.78951,45.81902,42
4.79208,45.81914,28
4.79464,45.81927,68
4.79721,45.81940,37.5
4.79977,45.81952,64
4.80234,45.81965,26
4.80490,45.81977,41
4.80747,45.81990,36
4.81003,45.82002,39
4.81260,45.82015,61
4.81516,45.82027,46.5
4.81773,45.82040,26
4.82029,45.82053,12
4.82286,45.82065,15
4.82543,45.82078,15
4.83056,45.82103,26
4.83312,45.82115,46
4.83569,45.82128,80
4.83825,45.82140,51
4.84082,45.82153,49.5
4.84338,45.82165,42
4.84595,45.82177,51
4.84851,45.82190,24.5
4.85108,45.82202,19
4.85364,45.82215,27.5
4.85878,45.82240,5
4.86134,45.82252,30
4.86391,45.82265,732
4.86647,45.82277,246.5
4.86904,45.82289,768
4.87160,45.82302,74
4.87417,45.82314,380.5
4.87673,45.82327,116.5
4.87930,45.82339,56
4.88443,45.82364,9
4.88700,45.82376,97
4.88956,45.82388,82
4.89213,45.82401,62
4.89469,45.82413,534
4.89726,45.82425,204
4.89982,45.82438,157
4.90239,45.82450,160
4.90496,45.82462,94.5
4.90752,45.82475,37
4.91009,45.82487,11
4.69700,45.81624,5
4.69956,45.81637,15
4.70213,45.81649,25
4.70469,45.81662,58.5
4.70726,45.81675,62
4.70982,45.81688,57
4.71239,45.81701,74
4.71495,45.81713,44.5
4.71752,45.81726,111
4.72008,45.81739,168.5
4.72265,45.81752,23
4.73804,45.81828,2
4.74060,45.81841,4
4.74317,45.81854,14
4.74573,45.81866,54
4.74830,45.81879,170.5
4.75086,45.81892,230.5
4.75343,45.81904,74
4.75599,45.81917,54
4.75856,45.81930,242.5
4.76369,45.81955,4.5
4.77138,45.81993,3
4.77395,45.82006,23
4.77651,45.82018,17
4.77908,45.82031,14
4.78164,45.82044,4
4.78421,45.82056,14
4.78677,45.82069,23
4.78934,45.82081,20
4.79190,45.82094,51
4.79447,45.82107,50
4.79704,45.82119,67
4.79960,45.82132,65
4.80473,45.82157,28
4.80730,45.82169,27
4.80986,45.82182,131
4.81243,45.82195,66
4.81499,45.82207,72
4.81756,45.82220,19
4.82012,45.82232,15
4.82269,45.82245,8
4.82525,45.82257,12
4.82782,45.82270,2
4.83038,45.82282,38
4.83295,45.82295,92.5
4.83552,45.82307,72
4.83808,45.82320,56
4.84065,45.82332,183.5
4.84321,45.82345,32.5
4.84578,45.82357,87.5
4.84834,45.82370,30
4.85091,45.82382,3
4.85347,45.82395,14
4.85861,45.82419,20.5
4.86117,45.82432,66.5
4.86374,45.82444,61.5
4.86630,45.82457,25
4.86887,45.82469,77.5
4.87143,45.82481,617
4.87400,45.82494,411
4.87656,45.82506,50.5
4.88426,45.82543,20
4.88683,45.82556,20
4.88939,45.82568,152.5
4.89196,45.82580,90.5
4.89452,45.82593,104
4.89709,45.82605,89
4.89966,45.82618,14
4.90222,45.82630,12
4.90735,45.82655,3
4.69426,45.81791,1
4.69682,45.81803,20
4.69939,45.81816,74
4.70195,45.81829,98.5
4.70452,45.81842,59
4.70708,45.81855,60
4.70965,45.81868,51
4.71221,45.81880,49
4.71478,45.81893,21
4.71734,45.81906,31.5
4.71991,45.81919,12
4.72247,45.81931,5
4.74299,45.82033,2
4.74556,45.82046,94
4.74812,45.82059,77
4.75069,45.82071,66
4.75325,45.82084,40
4.75582,45.82097,65
4.75838,45.82109,162
4.76095,45.82122,30
4.76351,45.82135,103
4.76608,45.82147,13
4.77121,45.82173,3
4.77378,45.82185,38.5
4.77634,45.82198,4
4.77891,45.82211,12.5
4.78147,45.82223,2
4.78404,45.82236,2
4.78660,45.82249,35.5
4.78917,45.82261,16.5
4.79173,45.82274,44
4.79430,45.82286,67
4.79686,45.82299,106.5
4.79943,45.82311,12
4.80712,45.82349,32
4.80969,45.82362,66
4.81226,45.82374,60
4.81482,45.82387,36
4.81739,45.82399,12
4.81995,45.82412,16
4.82252,45.82424,10
4.82508,45.82437,14
4.82765,45.82449,30
4.83021,45.82462,79.5
4.83278,45.82474,55.5
4.83535,45.82487,139
4.83791,45.82499,36
4.84048,45.82512,124.5
4.84304,45.82524,44
4.84561,45.82537,59
4.84817,45.82549,17
4.85074,45.82562,2
4.85330,45.82574,58.5
4.85587,45.82587,2
4.85844,45.82599,86
4.86100,45.82612,38.5
4.86357,45.82624,57
4.86613,45.82636,45
4.86870,45.82649,217.5
4.87126,45.82661,385
4.87383,45.82674,366.5
4.87640,45.82686,158
4.87896,45.82698,19
4.88409,45.82723,10
4.88666,45.82735,11
4.88922,45.82748,43.5
4.89179,45.82760,78.5
4.89436,45.82773,231
4.90462,45.82822,7
4.69921,45.81996,19
4.70178,45.82009,18
4.70434,45.82022,7
4.70691,45.82034,5
4.70947,45.82047,4
4.71204,45.82060,10
4.74282,45.82213,4
4.74538,45.82226,80.5
4.74795,45.82238,69.5
4.75051,45.82251,48.5
4.75308,45.82264,90
4.75565,45.82276,47
4.75821,45.82289,110.5
4.76078,45.82302,174
4.76334,45.82314,161.5
4.76591,45.82327,36
4.77104,45.82352,26
4.77360,45.82365,48
4.77617,45.82378,7
4.77873,45.82390,7
4.78130,45.82403,9
4.78899,45.82441,26
4.79156,45.82453,59.5
4.79413,45.82466,61
4.79669,45.82479,64.5
4.80695,45.82529,9.5
4.80952,45.82541,32
4.81208,45.82554,16
4.82235,45.82604,5
4.82491,45.82617,21
4.82748,45.82629,21
4.83004,45.82642,49
4.83261,45.82654,93
4.83517,45.82667,65
4.83774,45.82679,57
4.84031,45.82692,47
4.84287,45.82704,12
4.84544,45.82717,70
4.84800,45.82729,18
4.85570,45.82766,57
4.85827,45.82779,204.5
4.86083,45.82791,128
4.86340,45.82804,46
4.86596,45.82816,38
4.86853,45.82828,61
4.87109,45.82841,350.5
4.88136,45.82890,10
4.89162,45.82940,35
4.90702,45.83014,3
4.91215,45.83039,5
4.71443,45.82252,25
4.71699,45.82265,3
4.74265,45.82393,2
4.74778,45.82418,7
4.75034,45.82431,2
4.75291,45.82443,69.5
4.75547,45.82456,86
4.75804,45.82469,108
4.76060,45.82481,36
4.76317,45.82494,10
4.76573,45.82507,46
4.76830,45.82519,18
4.77086,45.82532,25
4.77343,45.82545,24
4.77600,45.82557,9
4.77856,45.82570,28
4.78113,45.82583,22
4.78626,45.82608,4
4.78882,45.82620,15
4.79139,45.82633,35
4.79395,45.82646,46
4.79652,45.82658,42
4.80935,45.82721,22
4.81191,45.82734,1
4.82474,45.82796,2
4.82731,45.82809,5
4.82987,45.82821,2
4.83244,45.82834,77
4.83500,45.82846,38
4.83757,45.82859,62
4.84014,45.82871,55
4.84270,45.82884,26
4.84527,45.82896,33
4.84783,45.82909,29
4.85040,45.82921,5
4.85296,45.82934,161.5
4.85553,45.82946,149
4.85810,45.82958,35.5
4.86066,45.82971,249
4.86323,45.82983,51.5
4.86836,45.83008,24
4.87092,45.83021,16
4.87349,45.83033,3
4.87606,45.83045,11
4.87862,45.83058,8
4.88119,45.83070,1
4.88375,45.83082,124
4.89915,45.83157,2
4.90685,45.83194,95
4.90941,45.83206,184.5
4.91198,45.83218,288
4.91455,45.83231,30
4.71425,45.82432,50
4.71938,45.82458,2
4.74760,45.82598,3
4.75273,45.82623,9
4.75530,45.82636,60
4.75786,45.82648,15
4.76556,45.82686,49
4.76813,45.82699,55
4.77069,45.82712,10
4.77326,45.82724,29
4.77839,45.82750,25
4.78095,45.82762,16
4.78352,45.82775,11
4.78608,45.82788,23
4.78865,45.82800,25.5
4.79122,45.82813,29
4.79378,45.82825,76
4.79635,45.82838,26
4.80918,45.82901,6
4.83227,45.83013,50.5
4.83483,45.83026,17
4.83996,45.83051,2
4.84253,45.83063,22
4.84510,45.83076,79
4.84766,45.83088,24
4.85023,45.83101,13
4.85279,45.83113,24.5
4.85536,45.83126,137.5
4.85793,45.83138,65
4.86049,45.83151,21
4.86306,45.83163,15
4.86562,45.83175,2
4.86819,45.83188,7
4.87075,45.83200,18
4.87332,45.83213,18
4.87589,45.83225,74
4.87845,45.83237,60
4.88102,45.83250,163
4.88358,45.83262,46
4.90668,45.83373,168
4.90925,45.83386,307
4.91181,45.83398,232.5
4.91438,45.83410,12
4.69612,45.82522,4
4.69869,45.82535,20
4.70125,45.82548,19
4.70382,45.82561,26
4.71408,45.82612,17
4.71664,45.82625,2
4.75513,45.82815,10
4.76282,45.82853,14
4.76539,45.82866,40
4.76795,45.82879,63
4.77052,45.82891,40
4.77308,45.82904,15
4.77565,45.82917,2
4.77822,45.82929,1
4.78078,45.82942,24
4.78335,45.82955,15
4.78591,45.82967,38
4.78848,45.82980,25
4.79104,45.82992,41
4.79361,45.83005,33
4.79618,45.83018,9
4.80644,45.83068,6
4.80900,45.83080,2
4.81414,45.83106,2
4.81670,45.83118,15
4.81927,45.83131,9
4.82953,45.83181,8
4.84493,45.83256,45
4.84749,45.83268,74.5
4.85006,45.83281,240.5
4.85262,45.83293,99.5
4.85519,45.83305,10
4.85776,45.83318,219
4.86032,45.83330,10
4.86289,45.83343,7
4.86545,45.83355,8
4.86802,45.83368,3
4.87315,45.83392,76
4.87572,45.83405,114
4.87828,45.83417,169.5
4.88085,45.83430,191.5
4.88342,45.83442,92.5
4.90651,45.83553,80
4.90908,45.83565,156
4.91164,45.83578,155
4.91421,45.83590,17.5
4.71134,45.82779,2
4.71390,45.82791,13
4.71647,45.82804,18
4.73699,45.82906,2
4.74982,45.82970,14
4.75239,45.82982,18
4.76265,45.83033,57
4.76521,45.83046,35
4.76778,45.83058,21
4.77035,45.83071,58
4.77291,45.83084,10
4.77548,45.83096,24
4.77804,45.83109,16
4.78061,45.83122,4
4.78317,45.83134,22
4.78574,45.83147,7.5
4.78831,45.83159,5
4.79087,45.83172,6
4.79344,45.83185,24
4.81140,45.83273,3
4.81653,45.83298,14
4.81910,45.83310,58
4.82166,45.83323,29
4.82679,45.83348,10
4.82936,45.83360,41
4.83193,45.83373,11
4.83962,45.83410,2
4.84219,45.83423,27
4.84476,45.83435,652.5
4.84732,45.83448,329.5
4.84989,45.83460,173.5
4.85245,45.83473,8
4.85502,45.83485,35
4.86015,45.83510,18.5
4.87042,45.83560,15
4.87298,45.83572,65.5
4.87555,45.83584,80
4.87811,45.83597,79
4.88068,45.83609,81.5
4.88325,45.83622,46
4.90891,45.83745,19
4.91147,45.83757,106
4.73425,45.83073,5
4.73682,45.83086,9
4.74965,45.83149,16
4.75221,45.83162,6
4.76248,45.83213,42
4.76504,45.83225,9
4.77017,45.83251,26
4.77274,45.83263,129
4.77530,45.83276,15
4.77787,45.83289,22
4.78044,45.83301,20.5
4.78300,45.83314,11
4.79070,45.83352,1
4.79327,45.83364,2
4.80609,45.83427,2
4.81379,45.83465,1
4.81892,45.83490,20
4.82149,45.83502,18
4.82406,45.83515,3
4.82662,45.83528,67
4.82919,45.83540,59
4.83175,45.83553,14
4.83689,45.83578,13.5
4.83945,45.83590,98.5
4.84202,45.83602,190.5
4.84458,45.83615,519.5
4.84715,45.83627,452.5
4.84972,45.83640,30
4.85485,45.83665,17
4.85742,45.83677,8
4.85998,45.83690,23
4.87025,45.83739,8
4.87281,45.83752,33
4.87538,45.83764,75.5
4.87794,45.83777,48
4.91131,45.83937,49
4.74691,45.83316,5.5
4.74947,45.83329,23
4.75204,45.83342,11
4.76230,45.83392,37.5
4.76487,45.83405,11
4.76743,45.83418,7
4.77000,45.83430,127.5
4.77257,45.83443,119.5
4.77513,45.83456,3
4.77770,45.83468,14
4.78026,45.83481,12
4.79309,45.83544,5
4.80592,45.83607,21
4.80849,45.83619,2
4.81362,45.83645,9
4.81875,45.83670,6
4.82132,45.83682,35.5
4.82389,45.83695,242
4.82645,45.83707,57
4.82902,45.83720,102
4.83158,45.83732,28
4.83415,45.83745,1
4.83672,45.83757,100.5
4.83928,45.83770,303
4.84185,45.83782,292.5
4.84441,45.83795,157.5
4.84698,45.83807,127.5
4.84955,45.83820,12
4.85211,45.83832,9
4.85468,45.83844,15.5
4.85725,45.83857,5
4.85981,45.83869,11
4.86494,45.83894,35.5
4.86751,45.83907,2
4.87521,45.83944,47
4.87778,45.83956,24.5
4.74417,45.83483,22
4.74673,45.83496,8
4.74930,45.83509,3
4.76470,45.83585,24
4.76726,45.83597,73
4.76983,45.83610,112
4.77239,45.83623,238
4.77496,45.83635,9
4.77752,45.83648,15
4.80575,45.83787,9
4.80832,45.83799,2
4.81858,45.83849,9
4.82115,45.83862,96
4.82371,45.83874,114.5
4.82628,45.83887,51
4.82885,45.83899,22
4.83141,45.83912,47
4.83398,45.83924,17
4.83654,45.83937,68
4.83911,45.83949,10
4.84168,45.83962,43
4.84424,45.83974,24.5
4.84681,45.83987,21
4.84938,45.83999,123
4.85194,45.84012,37.5
4.85451,45.84024,35
4.85708,45.84037,38
4.85964,45.84049,7
4.86221,45.84061,12
4.86477,45.84074,16
4.86734,45.84086,3
4.86991,45.84099,13
4.87761,45.84136,23
4.74399,45.83663,6
4.76709,45.83777,6
4.76965,45.83790,232
4.77222,45.83802,177.5
4.77479,45.83815,58
4.77735,45.83828,18
4.80558,45.83966,1
4.81584,45.84016,1
4.82098,45.84042,22
4.82354,45.84054,30
4.82611,45.84067,64.5
4.82868,45.84079,96
4.83124,45.84092,139.5
4.83381,45.84104,6
4.83637,45.84117,192.5
4.83894,45.84129,5
4.84151,45.84142,70
4.84407,45.84154,59
4.84664,45.84166,86.5
4.84921,45.84179,150
4.85177,45.84191,102
4.85434,45.84204,47
4.85690,45.84216,67
4.85947,45.84229,51
4.86204,45.84241,26.5
4.86460,45.84254,37
4.86717,45.84266,8
4.86974,45.84278,48
4.87487,45.84303,15
4.87744,45.84316,32
4.73869,45.83817,4
4.74125,45.83830,13
4.74382,45.83843,57
4.74639,45.83855,36
4.77205,45.83982,72
4.77461,45.83995,12
4.77975,45.84020,13
4.80284,45.84133,1
4.81824,45.84209,22
4.82081,45.84221,69
4.82337,45.84234,28
4.82594,45.84246,44
4.82850,45.84259,76
4.83107,45.84271,34
4.83620,45.84296,121
4.83877,45.84309,15
4.84134,45.84321,44.5
4.84390,45.84334,79
4.84647,45.84346,84.5
4.84904,45.84359,88
4.85160,45.84371,67.5
4.85417,45.84384,166
4.85673,45.84396,24
4.85930,45.84408,56
4.86187,45.84421,44
4.86443,45.84433,110.5
4.86700,45.84446,109
4.86957,45.84458,38
4.87470,45.84483,31
4.87727,45.84495,32
4.73851,45.83997,5.5
4.74108,45.84010,50
4.74365,45.84022,60
4.74621,45.84035,44
4.75648,45.84086,3
4.76161,45.84111,9
4.76418,45.84124,8
4.76931,45.84149,24
4.77187,45.84162,57
4.77444,45.84174,2
4.77701,45.84187,3
4.81807,45.84388,27
4.82063,45.84401,64
4.82320,45.84413,50.5
4.82577,45.84426,109.5
4.82833,45.84438,345.5
4.83090,45.84451,259.5
4.83603,45.84476,17
4.83860,45.84488,33
4.84117,45.84501,9
4.84373,45.84513,20
4.84630,45.84526,65
4.84887,45.84538,21.5
4.85143,45.84551,53
4.85400,45.84563,110.5
4.85656,45.84576,57
4.85913,45.84588,58
4.86170,45.84601,85.5
4.86426,45.84613,78.5
4.86683,45.84625,113.5
4.86940,45.84638,99
4.87196,45.84650,24
4.87453,45.84663,52
4.87710,45.84675,86.5
4.87966,45.84687,14.5
4.88480,45.84712,4
4.73577,45.84164,4
4.73834,45.84177,30
4.74091,45.84189,18.5
4.74347,45.84202,64
4.74604,45.84215,89
4.74861,45.84227,35
4.75117,45.84240,1
4.76144,45.84291,7
4.76400,45.84304,4
4.76657,45.84316,12
4.76913,45.84329,40
4.77170,45.84341,27.5
4.81276,45.84543,2
4.81790,45.84568,28
4.82046,45.84581,53.5
4.82303,45.84593,63
4.82560,45.84606,46
4.82816,45.84618,55.5
4.83073,45.84631,163
4.83586,45.84656,20
4.83843,45.84668,57
4.84099,45.84681,62
4.85126,45.84730,34
4.85383,45.84743,13
4.85639,45.84755,93.5
4.85896,45.84768,16
4.86153,45.84780,18
4.86409,45.84793,17
4.86666,45.84805,16
4.86923,45.84817,46.5
4.87179,45.84830,25
4.87436,45.84842,34
4.87693,45.84855,101
4.87949,45.84867,69
4.88206,45.84879,68
4.88463,45.84892,40
4.73560,45.84344,31
4.73817,45.84356,142
4.74073,45.84369,55
4.74330,45.84382,61
4.74587,45.84394,117
4.74843,45.84407,43
4.76126,45.84471,4
4.76383,45.84483,2
4.76640,45.84496,1
4.76896,45.84508,33
4.77153,45.84521,19
4.79206,45.84622,6
4.82029,45.84760,9
4.82286,45.84773,41
4.82542,45.84785,15
4.82799,45.84798,63
4.83056,45.84810,205.5
4.83826,45.84848,44
4.84082,45.84860,71
4.84339,45.84873,4
4.85109,45.84910,10
4.85366,45.84923,34
4.85622,45.84935,106.5
4.85879,45.84947,86.5
4.86136,45.84960,155
4.86392,45.84972,6
4.86906,45.84997,48
4.87162,45.85010,68
4.87419,45.85022,33.5
4.87676,45.85034,74.5
4.87933,45.85047,78
4.88189,45.85059,13
4.73799,45.84536,3
4.74056,45.84549,32.5
4.74312,45.84561,69
4.74569,45.84574,74.5
4.74826,45.84587,2
4.76622,45.84676,20
4.76879,45.84688,17
4.82269,45.84952,5
4.82525,45.84965,7
4.82782,45.84978,56
4.83039,45.84990,30
4.83295,45.85003,52
4.83809,45.85027,45
4.84065,45.85040,70
4.85605,45.85115,27.5
4.85862,45.85127,107
4.86119,45.85140,90
4.86375,45.85152,68.5
4.86632,45.85164,9
4.86889,45.85177,50
4.87146,45.85189,109.5
4.87402,45.85202,43.5
4.87659,45.85214,93.5
4.87916,45.85226,42
4.73525,45.84703,25
4.73782,45.84716,29
4.74038,45.84728,39
4.74295,45.84741,43.5
4.74552,45.84754,5
4.78658,45.84956,1
4.79428,45.84994,13
4.81995,45.85120,3
4.82765,45.85157,36
4.83022,45.85170,5
4.83278,45.85182,6
4.83535,45.85195,2
4.83792,45.85207,5
4.84048,45.85220,9
4.84818,45.85257,9
4.85588,45.85294,27
4.85845,45.85307,37
4.86102,45.85319,64
4.86358,45.85332,58.5
4.86615,45.85344,95
4.86872,45.85357,61
4.87129,45.85369,107
4.87385,45.85381,72
4.87642,45.85394,133
4.87899,45.85406,46
4.73508,45.84883,33
4.73764,45.84895,40.5
4.74021,45.84908,3
4.74278,45.84921,5
4.74534,45.84933,10
4.75304,45.84971,6
4.75561,45.84984,3.5
4.75818,45.84997,3
4.76074,45.85010,6.5
4.77614,45.85085,1
4.79411,45.85174,8
4.79668,45.85186,27
4.80438,45.85224,2
4.80694,45.85237,3.5
4.84545,45.85424,5
4.86598,45.85524,6
4.86855,45.85536,23
4.87112,45.85549,130
4.87368,45.85561,89
4.87625,45.85573,70
4.87882,45.85586,6
4.73490,45.85062,32
4.73747,45.85075,30
4.75287,45.85151,2
4.75544,45.85164,8
4.75800,45.85177,4
4.79650,45.85366,41
4.79907,45.85379,1
4.80164,45.85391,28
4.80420,45.85404,54
4.80677,45.85416,41.5
4.80934,45.85429,21.5
4.83501,45.85554,4
4.84014,45.85579,6
4.84528,45.85604,43
4.84784,45.85616,18
4.87095,45.85728,28
4.87351,45.85741,64.5
4.87608,45.85753,37
4.73730,45.85255,3
4.73986,45.85267,14
4.74756,45.85305,6
4.75013,45.85318,9
4.75270,45.85331,3
4.75526,45.85344,10
4.75783,45.85356,2
4.79633,45.85546,61
4.79890,45.85558,18
4.80147,45.85571,11
4.80403,45.85583,23
4.80660,45.85596,40
4.80917,45.85609,13
4.81173,45.85621,5
4.83227,45.85721,268.5
4.83484,45.85734,35.5
4.84254,45.85771,6
4.84510,45.85784,80
4.84767,45.85796,88
4.85024,45.85809,4
4.73712,45.85434,17
4.73969,45.85447,17
4.74482,45.85472,11
4.74739,45.85485,39
4.75252,45.85510,8
4.75509,45.85523,7
4.79616,45.85725,35
4.79873,45.85738,31.5
4.80129,45.85750,27
4.80386,45.85763,35
4.80643,45.85776,17.5
4.80899,45.85788,4
4.82440,45.85863,2
4.82696,45.85876,15
4.82953,45.85888,30
4.83210,45.85901,5
4.83467,45.85913,129.5
4.84237,45.85951,27
4.84493,45.85963,72
4.84750,45.85976,87
4.85007,45.85988,8
4.88858,45.86174,1
4.73695,45.85614,13.5
4.73951,45.85627,19
4.74465,45.85652,38
4.74722,45.85665,58.5
4.74978,45.85677,10
4.75492,45.85703,18
4.79085,45.85880,1
4.79342,45.85892,22.5
4.79599,45.85905,31
4.79855,45.85918,34
4.80112,45.85930,48
4.80369,45.85943,27
4.80882,45.85968,5
4.81139,45.85980,4
4.82679,45.86056,11
4.82936,45.86068,33
4.83193,45.86081,135
4.83449,45.86093,1
4.84220,45.86131,77.5
4.84476,45.86143,87
4.84733,45.86155,51
4.84990,45.86168,13
4.85247,45.86180,2
4.73421,45.85781,2
4.74447,45.85832,36.5
4.74704,45.85844,19
4.74961,45.85857,46
4.75218,45.85870,21
4.79325,45.86072,7
4.79582,45.86085,41
4.79838,45.86097,75
4.80095,45.86110,75.5
4.80352,45.86122,4
4.80865,45.86148,5
4.82662,45.86235,19
4.82919,45.86248,44
4.83176,45.86260,11
4.83432,45.86273,5
4.83689,45.86285,59.5
4.84203,45.86310,69
4.84459,45.86323,77
4.84716,45.86335,98
4.84973,45.86348,44
4.88824,45.86534,7
4.73660,45.85973,3
4.73917,45.85986,4
4.74173,45.85999,6
4.74430,45.86011,19
4.74687,45.86024,13
4.74943,45.86037,62
4.75200,45.86049,110.5
4.79564,45.86264,43
4.79821,45.86277,62
4.80078,45.86290,13
4.80334,45.86302,4
4.81105,45.86340,1
4.81361,45.86352,4
4.82645,45.86415,18
4.82902,45.86427,42
4.83159,45.86440,74
4.83415,45.86452,17
4.83672,45.86465,1
4.83929,45.86477,12
4.84185,45.86490,65
4.84442,45.86502,112
4.84699,45.86515,95.5
4.84956,45.86527,46
4.85212,45.86540,7
4.73899,45.86166,63
4.74156,45.86178,54
4.74413,45.86191,36.5
4.74669,45.86204,122
4.74926,45.86216,85.5
4.75183,45.86229,50
4.79804,45.86457,8
4.81344,45.86532,15
4.82371,45.86582,19
4.82628,45.86595,60
4.82885,45.86607,71
4.83141,45.86620,198
4.83398,45.86632,54
4.83912,45.86657,29.5
4.84168,45.86670,47.5
4.84425,45.86682,100.5
4.84682,45.86695,58.5
4.84939,45.86707,1
4.73882,45.86345,8
4.74139,45.86358,11
4.74395,45.86371,46
4.74652,45.86383,87.5
4.74909,45.86396,70.5
4.75165,45.86409,23
4.79530,45.86624,3
4.81070,45.86699,3
4.81327,45.86712,4
4.81584,45.86724,19
4.81841,45.86737,3
4.82097,45.86749,32
4.82354,45.86762,29
4.82611,45.86774,58
4.82868,45.86787,81
4.83124,45.86799,100.5
4.83381,45.86812,27
4.83895,45.86837,19
4.84151,45.86849,185.5
4.84408,45.86862,26
4.84665,45.86874,57
4.88003,45.87036,4
4.73864,45.86525,3
4.74121,45.86538,31
4.74378,45.86550,139
4.74635,45.86563,14
4.74891,45.86576,39
4.81823,45.86916,66
4.82080,45.86929,90
4.82337,45.86941,72
4.82594,45.86954,73
4.82850,45.86967,60
4.83107,45.86979,46
4.83364,45.86992,33
4.84134,45.87029,54.5
4.84391,45.87041,164.5
4.84648,45.87054,76
4.90297,45.87327,2
4.73847,45.86705,2
4.74104,45.86717,10
4.74360,45.86730,18
4.74617,45.86743,85.5
4.74874,45.86755,50
4.81806,45.87096,3
4.82063,45.87109,72
4.82320,45.87121,99.5
4.82577,45.87134,15
4.82833,45.87146,60
4.83090,45.87159,163
4.83347,45.87171,46.5
4.83860,45.87196,399.5
4.84117,45.87209,105.5
4.84374,45.87221,128.5
4.84631,45.87234,94
4.84888,45.87246,26
4.85658,45.87283,3
4.85915,45.87296,29
4.86171,45.87308,22
4.89767,45.87482,6
4.73830,45.86884,4
4.74086,45.86897,30.5
4.74343,45.86910,26
4.74600,45.86922,9
4.74857,45.86935,17
4.80505,45.87213,1
4.81532,45.87263,2
4.81789,45.87276,98
4.82046,45.87288,95.5
4.82303,45.87301,72
4.82559,45.87313,48
4.82816,45.87326,45
4.83073,45.87338,66
4.83330,45.87351,55.5
4.83587,45.87363,9
4.83843,45.87376,152
4.84100,45.87388,166
4.84357,45.87401,154.5
4.84614,45.87413,133.5
4.84870,45.87426,72
4.85127,45.87438,62
4.85641,45.87463,3
4.85898,45.87476,46
4.86154,45.87488,62
4.86411,45.87500,27
4.86668,45.87513,5
4.86925,45.87525,5
4.74326,45.87089,5
4.81258,45.87430,11
4.81515,45.87443,14
4.81772,45.87455,23.5
4.82286,45.87481,4
4.82542,45.87493,70.5
4.82799,45.87506,47
4.83056,45.87518,37
4.83313,45.87531,49
4.83569,45.87543,24
4.83826,45.87556,180.5
4.84083,45.87568,455.5
4.84340,45.87580,228.5
4.84597,45.87593,48
4.84853,45.87605,65
4.85110,45.87618,58.5
4.85367,45.87630,12
4.85624,45.87643,25
4.85881,45.87655,57
4.86137,45.87668,94.5
4.86394,45.87680,154
4.86651,45.87692,62.5
4.86908,45.87705,42.5
4.88962,45.87804,4
4.74308,45.87269,2
4.74565,45.87282,3
4.74822,45.87294,3
4.80214,45.87560,4
4.80471,45.87572,34
4.80728,45.87585,39.5
4.80984,45.87597,31
4.82012,45.87648,10.5
4.82525,45.87673,14
4.82782,45.87685,53
4.83039,45.87698,7
4.83296,45.87710,100.5
4.83552,45.87723,102.5
4.83809,45.87735,59.5
4.84066,45.87748,163.5
4.84323,45.87760,434
4.84580,45.87773,45
4.84836,45.87785,67
4.85093,45.87798,70
4.85350,45.87810,59
4.85607,45.87822,82.5
4.85864,45.87835,62.5
4.86120,45.87847,107
4.86377,45.87860,133
4.86634,45.87872,96
4.86891,45.87885,96.5
4.87148,45.87897,7
4.79940,45.87727,8
4.80197,45.87739,29
4.80454,45.87752,183
4.80710,45.87765,100
4.80967,45.87777,16
4.81224,45.87790,2
4.81481,45.87802,4
4.82765,45.87865,17
4.83022,45.87877,26
4.83278,45.87890,5
4.83535,45.87902,26
4.83792,45.87915,132.5
4.84049,45.87927,94
4.84306,45.87940,85.5
4.84562,45.87952,472
4.84819,45.87965,138.5
4.85076,45.87977,94
4.85333,45.87990,69.5
4.85590,45.88002,87
4.85847,45.88015,74.5
4.86103,45.88027,131
4.86360,45.88039,141
4.86617,45.88052,61
4.86874,45.88064,111.5
4.87131,45.88077,33
4.74530,45.87641,1
4.79409,45.87881,5
4.79666,45.87894,8.5
4.80180,45.87919,77.5
4.80436,45.87932,143
4.80693,45.87944,168
4.80950,45.87957,26
4.82234,45.88020,7
4.83261,45.88070,88.5
4.83518,45.88082,85
4.83775,45.88095,168
4.84032,45.88107,102
4.84289,45.88120,101.5
4.84545,45.88132,357.5
4.84802,45.88144,113
4.85059,45.88157,254.5
4.85316,45.88169,55
4.85573,45.88182,64.5
4.85830,45.88194,56
4.86086,45.88207,147.5
4.86343,45.88219,95.5
4.86600,45.88232,145.5
4.86857,45.88244,74
4.87114,45.88256,10
4.87371,45.88269,1
4.74513,45.87821,6
4.79649,45.88074,17
4.79906,45.88086,51.5
4.80162,45.88099,59
4.80419,45.88111,50.5
4.80676,45.88124,38
4.81190,45.88149,4
4.81446,45.88162,82.5
4.83501,45.88262,41.5
4.83758,45.88274,99
4.84015,45.88287,40
4.84272,45.88299,53
4.84528,45.88312,28
4.84785,45.88324,8
4.85042,45.88337,28.5
4.85299,45.88349,47.5
4.85556,45.88361,29.5
4.85813,45.88374,78
4.86069,45.88386,75
4.79375,45.88241,2
4.79632,45.88253,110
4.79888,45.88266,156
4.80145,45.88279,111.5
4.80659,45.88304,16
4.81429,45.88341,1
4.83227,45.88429,7
4.83484,45.88441,68
4.83741,45.88454,135.5
4.83998,45.88466,12
4.84254,45.88479,38
4.84511,45.88491,33
4.85025,45.88516,8
4.85539,45.88541,12
4.85795,45.88554,6
4.86052,45.88566,5
4.79871,45.88446,2
4.80128,45.88458,83
4.80385,45.88471,229.5
4.80642,45.88483,117.5
4.80898,45.88496,2
4.83210,45.88609,54
4.83467,45.88621,404
4.83724,45.88634,4
4.85008,45.88696,4
4.85265,45.88708,1
4.79854,45.88625,11
4.80111,45.88638,54
4.80368,45.88650,49
4.80624,45.88663,94.5
4.80881,45.88676,3
4.82936,45.88776,14
4.83193,45.88788,80.5
4.83450,45.88801,112.5
4.83707,45.88813,180
4.84991,45.88876,12
4.85248,45.88888,22
4.85505,45.88901,3
4.79837,45.88805,28
4.80094,45.88818,279.5
4.80350,45.88830,35
4.80607,45.88843,47.5
4.82662,45.88943,2
4.82919,45.88955,34
4.83176,45.88968,74
4.83433,45.88980,76.5
4.83689,45.88993,35
4.85231,45.89068,1
4.85488,45.89080,8.5
4.85744,45.89093,4
4.86001,45.89105,2
4.86515,45.89130,7
4.79819,45.88985,63
4.80076,45.88997,68
4.80590,45.89022,9
4.82645,45.89123,10
4.82902,45.89135,43
4.83159,45.89148,72
4.83416,45.89160,235
4.83672,45.89173,35
4.83929,45.89185,98
4.84186,45.89198,3
4.79802,45.89164,124
4.80059,45.89177,19
4.80830,45.89215,1.5
4.82114,45.89277,6
4.82885,45.89315,12
4.83142,45.89327,63
4.83398,45.89340,91
4.83655,45.89352,50
4.83912,45.89365,110
4.84169,45.89377,51.5
4.84426,45.89390,3
4.85453,45.89440,3
4.85710,45.89452,2
4.85967,45.89464,5
4.86481,45.89489,3
4.86738,45.89502,1
4.79785,45.89344,11
4.80042,45.89357,2
4.81069,45.89407,4
4.82097,45.89457,4
4.82868,45.89495,15.5
4.83124,45.89507,79
4.83381,45.89520,74
4.83638,45.89532,63.5
4.83895,45.89544,141.5
4.84152,45.89557,179.5
4.84409,45.89569,24
4.85693,45.89632,2
4.86464,45.89669,6
4.86721,45.89681,5
4.79511,45.89511,3
4.79768,45.89524,5
4.80025,45.89536,8
4.80282,45.89549,21
4.81823,45.89624,2
4.82080,45.89637,15
4.82593,45.89662,1
4.82850,45.89674,58
4.83107,45.89687,103.5
4.83364,45.89699,450.5
4.83621,45.89712,56.5
4.83878,45.89724,76.5
4.84135,45.89737,124.5
4.84392,45.89749,12
4.84649,45.89762,22
4.84906,45.89774,44
4.85419,45.89799,7
4.86190,45.89836,14
4.79494,45.89691,2
4.79751,45.89703,16
4.80007,45.89716,18
4.80264,45.89728,4
4.82063,45.89816,4
4.82319,45.89829,21
4.82576,45.89841,53.5
4.82833,45.89854,66
4.83090,45.89866,130.5
4.83347,45.89879,98.5
4.83604,45.89891,171
4.83861,45.89904,215
4.84118,45.89916,188
4.84375,45.89929,252.5
4.84632,45.89941,100.5
4.84888,45.89954,27
4.77421,45.89769,4
4.77678,45.89782,5
4.78449,45.89820,24
4.78706,45.89833,2
4.78963,45.89845,1
4.79733,45.89883,17
4.79990,45.89896,11
4.82559,45.90021,3
4.82816,45.90034,73
4.83073,45.90046,106.5
4.83330,45.90059,93
4.83587,45.90071,65
4.83844,45.90084,124.5
4.84101,45.90096,77
4.84358,45.90108,126.5
4.84614,45.90121,57
4.84871,45.90133,13
4.76633,45.89911,3
4.76890,45.89924,4
4.77147,45.89936,5
4.79459,45.90050,41
4.79716,45.90063,4
4.79973,45.90075,5
4.82542,45.90201,7
4.82799,45.90213,29
4.83056,45.90226,12
4.83313,45.90238,34
4.83570,45.90251,38
4.83827,45.90263,54
4.84084,45.90276,99
4.84340,45.90288,75.5
4.84597,45.90301,20
4.76102,45.90066,2
4.76359,45.90078,3
4.78671,45.90192,1
4.79956,45.90255,7
4.82525,45.90380,6
4.83039,45.90405,2
4.84323,45.90468,22
4.84580,45.90480,37
4.76085,45.90245,6.5
4.76342,45.90258,6
4.77626,45.90321,13
4.77883,45.90334,85
4.79168,45.90397,2
4.82765,45.90573,15
4.77609,45.90501,22.5
4.77866,45.90513,61.5
4.78123,45.90526,5
4.79407,45.90589,3
4.83518,45.90790,3
4.74509,45.90528,3
4.75793,45.90592,14
4.76050,45.90605,17
4.77592,45.90680,19
4.77849,45.90693,59
4.79390,45.90769,2
4.83758,45.90982,19
4.84015,45.90994,19
4.84529,45.91019,6
4.84786,45.91032,3
4.74234,45.90695,4
4.74491,45.90708,12
4.75776,45.90771,38.5
4.76033,45.90784,58
4.76290,45.90797,11.5
4.76547,45.90809,4
4.77574,45.90860,22
4.77831,45.90873,90.5
4.78088,45.90885,39
4.79116,45.90936,4
4.79373,45.90948,7
4.84769,45.91211,10
4.73703,45.90850,3
4.73960,45.90862,6
4.74474,45.90888,29.5
4.75758,45.90951,53.5
4.76015,45.90964,38
4.76272,45.90976,62
4.76529,45.90989,15.5
4.76786,45.91002,7
4.77300,45.91027,5
4.77557,45.91040,40.5
4.77814,45.91052,73.5
4.78071,45.91065,157
4.78328,45.91078,24
4.78585,45.91090,54
4.78842,45.91103,18
4.79099,45.91115,6
4.74456,45.91067,15.5
4.74713,45.91080,4
4.75741,45.91131,19
4.75998,45.91143,2
4.76769,45.91181,3
4.77026,45.91194,243
4.77283,45.91207,104
4.77540,45.91219,94
4.77797,45.91232,106.5
4.78054,45.91245,37
4.78311,45.91257,65
4.78568,45.91270,54
4.74439,45.91247,3
4.74696,45.91260,14
4.74953,45.91272,26
4.75210,45.91285,7
4.76238,45.91336,19
4.76495,45.91348,67
4.76752,45.91361,9.5
4.77008,45.91374,61
4.77265,45.91386,84
4.77522,45.91399,137
4.77779,45.91412,173
4.78036,45.91424,64.5
4.78293,45.91437,16
4.78550,45.91450,16
4.78807,45.91462,5
4.79064,45.91475,3
4.74935,45.91452,53.5
4.76220,45.91515,1
4.76991,45.91553,6
4.77248,45.91566,79
4.77505,45.91579,85
4.77762,45.91591,49.5
4.78019,45.91604,6.5
4.78276,45.91617,2
4.78790,45.91642,2
4.74918,45.91632,13
4.75946,45.91682,13
4.76203,45.91695,3
4.76974,45.91733,10
4.77231,45.91746,11
4.75415,45.91837,2
4.75672,45.91849,17
4.75397,45.92016,26
4.75654,45.92029,45
4.75123,45.92183,3
4.75380,45.92196,51
4.75637,45.92209,4
4.75894,45.92221,1
4.76151,45.92234,4
4.75876,45.92401,8
4.75602,45.92568,5
4.77384,45.92836,17.5
4.77641,45.92849,52
4.77109,45.93003,5
4.77366,45.93016,33
4.77624,45.93029,4
4.76835,45.93170,4
4.76818,45.93350,2
4.77075,45.93363,8
4.77332,45.93375,8
4.77589,45.93388,5
4.77057,45.93542,4
4.77572,45.93568,1
4.77040,45.93722,6
4.77297,45.93735,17
